<?xml version="1.0" encoding="UTF-8" standalone="yes"?>
<AreaTriggerEntryList>
	<AreaTriggerEntry id="45" mapid="0" x="2924.38" y="-798.429" z="161.611" radius="8.0" box_x="0.0" box_y="0.0" box_z="0.0" box_orientation="0.0" />
	<AreaTriggerEntry id="71" mapid="0" x="-10645.9" y="1179.06" z="48.1781" radius="27.0" box_x="0.0" box_y="0.0" box_z="0.0" box_orientation="0.0" />
	<AreaTriggerEntry id="78" mapid="0" x="-11208.5" y="1685.34" z="25.7612" radius="7.0" box_x="0.0" box_y="0.0" box_z="0.0" box_orientation="0.0" />
	<AreaTriggerEntry id="84" mapid="0" x="16449.9" y="16393.2" z="69.4444" radius="15.0" box_x="0.0" box_y="0.0" box_z="0.0" box_orientation="0.0" />
	<AreaTriggerEntry id="87" mapid="0" x="-9077.34" y="-552.925" z="60.3476" radius="30.0" box_x="0.0" box_y="0.0" box_z="0.0" box_orientation="0.0" />
	<AreaTriggerEntry id="88" mapid="0" x="-9843.54" y="127.525" z="5.3698" radius="10.0" box_x="0.0" box_y="0.0" box_z="0.0" box_orientation="0.0" />
	<AreaTriggerEntry id="97" mapid="0" x="-5660.33" y="755.299" z="389.605" radius="15.0" box_x="0.0" box_y="0.0" box_z="0.0" box_orientation="0.0" />
	<AreaTriggerEntry id="98" mapid="0" x="-11634.8" y="-54.0697" z="13.4439" radius="30.0" box_x="0.0" box_y="0.0" box_z="0.0" box_orientation="0.0" />
	<AreaTriggerEntry id="100" mapid="0" x="2019.3494" y="1904.3594" z="105.14445" radius="7.0" box_x="0.0" box_y="0.0" box_z="0.0" box_orientation="0.0" />
	<AreaTriggerEntry id="101" mapid="0" x="-8761.85" y="848.557" z="87.8052" radius="0.0" box_x="4.972" box_y="9.694" box_z="7.444" box_orientation="0.6632" />
	<AreaTriggerEntry id="107" mapid="0" x="-8667.56" y="623.563" z="85.4054" radius="7.0" box_x="0.0" box_y="0.0" box_z="0.0" box_orientation="0.0" />
	<AreaTriggerEntry id="145" mapid="0" x="-229.49" y="1576.35" z="78.8909" radius="7.0" box_x="0.0" box_y="0.0" box_z="0.0" box_orientation="0.0" />
	<AreaTriggerEntry id="168" mapid="0" x="-5584.2065" y="759.83215" z="384.29016" radius="15.0" box_x="0.0" box_y="0.0" box_z="0.0" box_orientation="0.0" />
	<AreaTriggerEntry id="169" mapid="0" x="-5586.46" y="679.298" z="384.955" radius="8.0" box_x="0.0" box_y="0.0" box_z="0.0" box_orientation="0.0" />
	<AreaTriggerEntry id="171" mapid="0" x="-5763.72" y="-3439.58" z="306.366" radius="50.0" box_x="0.0" box_y="0.0" box_z="0.0" box_orientation="0.0" />
	<AreaTriggerEntry id="173" mapid="0" x="1058.11" y="1554.68" z="-15.0" radius="90.0" box_x="0.0" box_y="0.0" box_z="0.0" box_orientation="0.0" />
	<AreaTriggerEntry id="175" mapid="0" x="-4086.36" y="-2610.95" z="46.0143" radius="20.0" box_x="0.0" box_y="0.0" box_z="0.0" box_orientation="0.0" />
	<AreaTriggerEntry id="178" mapid="0" x="683.771" y="-912.144" z="174.5" radius="5.0" box_x="0.0" box_y="0.0" box_z="0.0" box_orientation="0.0" />
	<AreaTriggerEntry id="196" mapid="0" x="-12153.621" y="894.01373" z="9.538913" radius="80.0" box_x="0.0" box_y="0.0" box_z="0.0" box_orientation="0.0" />
	<AreaTriggerEntry id="197" mapid="0" x="-9796.18" y="157.773" z="25.3878" radius="9.0" box_x="0.0" box_y="0.0" box_z="0.0" box_orientation="0.0" />
	<AreaTriggerEntry id="284" mapid="0" x="-8681.37" y="434.406" z="99.2579" radius="7.0" box_x="0.0" box_y="0.0" box_z="0.0" box_orientation="0.0" />
	<AreaTriggerEntry id="286" mapid="0" x="-6053.73" y="-2954.63" z="213.686" radius="10.0" box_x="0.0" box_y="0.0" box_z="0.0" box_orientation="0.0" />
	<AreaTriggerEntry id="324" mapid="0" x="-5161.33" y="939.623" z="258.288" radius="10.0" box_x="0.0" box_y="0.0" box_z="0.0" box_orientation="0.0" />
	<AreaTriggerEntry id="342" mapid="0" x="-9029.174" y="-608.32886" z="56.4679" radius="30.0" box_x="0.0" box_y="0.0" box_z="0.0" box_orientation="0.0" />
	<AreaTriggerEntry id="362" mapid="0" x="-10429.435" y="-3828.8408" z="-31.629646" radius="150.0" box_x="0.0" box_y="0.0" box_z="0.0" box_orientation="0.0" />
	<AreaTriggerEntry id="382" mapid="0" x="-8681.4" y="434.439" z="99.259" radius="7.0" box_x="0.0" box_y="0.0" box_z="0.0" box_orientation="0.0" />
	<AreaTriggerEntry id="446" mapid="0" x="-10162.7" y="-3998.65" z="-107.978" radius="11.0" box_x="0.0" box_y="0.0" box_z="0.0" box_orientation="0.0" />
	<AreaTriggerEntry id="482" mapid="0" x="-8932.78" y="-1986.4" z="139.905" radius="12.0" box_x="0.0" box_y="0.0" box_z="0.0" box_orientation="0.0" />
	<AreaTriggerEntry id="523" mapid="0" x="-4858.27" y="785.03" z="241.06" radius="12.0" box_x="0.0" box_y="0.0" box_z="0.0" box_orientation="0.0" />
	<AreaTriggerEntry id="562" mapid="0" x="-9465.58" y="16.8472" z="65.921" radius="30.0" box_x="0.0" box_y="0.0" box_z="0.0" box_orientation="0.0" />
	<AreaTriggerEntry id="610" mapid="0" x="2925.18" y="-820.545" z="161.634" radius="8.0" box_x="0.0" box_y="0.0" box_z="0.0" box_orientation="0.0" />
	<AreaTriggerEntry id="612" mapid="0" x="2877.98" y="-839.267" z="163.049" radius="6.0" box_x="0.0" box_y="0.0" box_z="0.0" box_orientation="0.0" />
	<AreaTriggerEntry id="614" mapid="0" x="2859.73" y="-824.91" z="162.083" radius="8.0" box_x="0.0" box_y="0.0" box_z="0.0" box_orientation="0.0" />
	<AreaTriggerEntry id="682" mapid="0" x="-9219.37" y="-2149.94" z="70.606" radius="30.0" box_x="0.0" box_y="0.0" box_z="0.0" box_orientation="0.0" />
	<AreaTriggerEntry id="702" mapid="0" x="-9023.26" y="892.398" z="33.5096" radius="7.0" box_x="0.0" box_y="0.0" box_z="0.0" box_orientation="0.0" />
	<AreaTriggerEntry id="704" mapid="0" x="-9020.09" y="880.502" z="151.576" radius="7.0" box_x="0.0" box_y="0.0" box_z="0.0" box_orientation="0.0" />
	<AreaTriggerEntry id="707" mapid="0" x="-10517.0" y="-1158.39" z="39.0542" radius="30.0" box_x="0.0" box_y="0.0" box_z="0.0" box_orientation="0.0" />
	<AreaTriggerEntry id="708" mapid="0" x="-854.547" y="-576.314" z="18.4659" radius="0.0" box_x="56.19" box_y="27.53" box_z="28.53" box_orientation="4.712" />
	<AreaTriggerEntry id="710" mapid="0" x="-5601.46" y="-530.747" z="395.483" radius="35.0" box_x="0.0" box_y="0.0" box_z="0.0" box_orientation="0.0" />
	<AreaTriggerEntry id="712" mapid="0" x="-5390.18" y="-2953.93" z="322.03" radius="36.0" box_x="0.0" box_y="0.0" box_z="0.0" box_orientation="0.0" />
	<AreaTriggerEntry id="713" mapid="0" x="-3823.06" y="-834.526" z="18.2789" radius="30.0" box_x="0.0" box_y="0.0" box_z="0.0" box_orientation="0.0" />
	<AreaTriggerEntry id="719" mapid="0" x="2266.68" y="245.993" z="44.4145" radius="30.0" box_x="0.0" box_y="0.0" box_z="0.0" box_orientation="0.0" />
	<AreaTriggerEntry id="720" mapid="0" x="511.536" y="1638.63" z="75.4173" radius="50.0" box_x="0.0" box_y="0.0" box_z="0.0" box_orientation="0.0" />
	<AreaTriggerEntry id="721" mapid="0" x="-4.94444" y="-934.91" z="62.4686" radius="0.0" box_x="24.56" box_y="25.72" box_z="11.58" box_orientation="5.829" />
	<AreaTriggerEntry id="802" mapid="0" x="-3752.81" y="-851.558" z="10.1153" radius="20.0" box_x="0.0" box_y="0.0" box_z="0.0" box_orientation="0.0" />
	<AreaTriggerEntry id="803" mapid="0" x="-3668.34" y="-823.839" z="9.89915" radius="12.0" box_x="0.0" box_y="0.0" box_z="0.0" box_orientation="0.0" />
	<AreaTriggerEntry id="844" mapid="0" x="-10487.3" y="-3256.87" z="39.8964" radius="30.0" box_x="0.0" box_y="0.0" box_z="0.0" box_orientation="0.0" />
	<AreaTriggerEntry id="862" mapid="0" x="-14457.0" y="496.45" z="39.1392" radius="28.0" box_x="0.0" box_y="0.0" box_z="0.0" box_orientation="0.0" />
	<AreaTriggerEntry id="902" mapid="0" x="-6606.48" y="-3762.19" z="266.91" radius="12.0" box_x="0.0" box_y="0.0" box_z="0.0" box_orientation="0.0" />
	<AreaTriggerEntry id="1042" mapid="0" x="357.22" y="-2106.09" z="121.839" radius="60.0" box_x="0.0" box_y="0.0" box_z="0.0" box_orientation="0.0" />
	<AreaTriggerEntry id="1103" mapid="0" x="-14468.0" y="457.513" z="15.9822" radius="2.0" box_x="0.0" box_y="0.0" box_z="0.0" box_orientation="0.0" />
	<AreaTriggerEntry id="1104" mapid="0" x="-5096.76" y="750.205" z="260.55" radius="2.0" box_x="0.0" box_y="0.0" box_z="0.0" box_orientation="0.0" />
	<AreaTriggerEntry id="1125" mapid="0" x="-8561.54" y="823.383" z="106.519" radius="3.0" box_x="0.0" box_y="0.0" box_z="0.0" box_orientation="0.0" />
	<AreaTriggerEntry id="1205" mapid="0" x="-295.639" y="-3460.68" z="193.884" radius="14.0" box_x="0.0" box_y="0.0" box_z="0.0" box_orientation="0.0" />
	<AreaTriggerEntry id="1426" mapid="0" x="-11204.5" y="-2730.61" z="14.8972" radius="2.0" box_x="0.0" box_y="0.0" box_z="0.0" box_orientation="0.0" />
	<AreaTriggerEntry id="1427" mapid="0" x="-11079.7" y="-2855.64" z="10.6911" radius="2.0" box_x="0.0" box_y="0.0" box_z="0.0" box_orientation="0.0" />
	<AreaTriggerEntry id="1428" mapid="0" x="-11208.1" y="-2960.48" z="9.21449" radius="2.0" box_x="0.0" box_y="0.0" box_z="0.0" box_orientation="0.0" />
	<AreaTriggerEntry id="1429" mapid="0" x="-11337.4" y="-2848.93" z="9.34404" radius="2.0" box_x="0.0" box_y="0.0" box_z="0.0" box_orientation="0.0" />
	<AreaTriggerEntry id="1446" mapid="0" x="-11185.1" y="-2834.63" z="116.474" radius="2.0" box_x="0.0" box_y="0.0" box_z="0.0" box_orientation="0.0" />
	<AreaTriggerEntry id="1466" mapid="0" x="-7176.63" y="-937.667" z="170.206" radius="13.0" box_x="0.0" box_y="0.0" box_z="0.0" box_orientation="0.0" />
	<AreaTriggerEntry id="1468" mapid="0" x="-7518.19" y="-1239.13" z="287.243" radius="10.0" box_x="0.0" box_y="0.0" box_z="0.0" box_orientation="0.0" />
	<AreaTriggerEntry id="1506" mapid="0" x="-7921.14" y="-2604.18" z="223.346" radius="8.0" box_x="0.0" box_y="0.0" box_z="0.0" box_orientation="0.0" />
	<AreaTriggerEntry id="1606" mapid="0" x="-6657.35" y="-2157.1" z="264.133" radius="30.0" box_x="0.0" box_y="0.0" box_z="0.0" box_orientation="0.0" />
	<AreaTriggerEntry id="1646" mapid="0" x="-907.865" y="-3534.24" z="83.7878" radius="30.0" box_x="0.0" box_y="0.0" box_z="0.0" box_orientation="0.0" />
	<AreaTriggerEntry id="2146" mapid="0" x="16299.2" y="16277.3" z="73.9723" radius="0.0" box_x="41.28" box_y="4.667" box_z="9.306" box_orientation="0.0" />
	<AreaTriggerEntry id="2173" mapid="0" x="-8346.46" y="514.031" z="96.5989" radius="10.0" box_x="0.0" box_y="0.0" box_z="0.0" box_orientation="0.0" />
	<AreaTriggerEntry id="2175" mapid="0" x="-4840.26" y="-1330.46" z="508.172" radius="10.0" box_x="0.0" box_y="0.0" box_z="0.0" box_orientation="0.0" />
	<AreaTriggerEntry id="2214" mapid="0" x="3237.46" y="-4060.6" z="112.01" radius="0.0" box_x="10.0" box_y="10.0" box_z="10.0" box_orientation="0.0" />
	<AreaTriggerEntry id="2216" mapid="0" x="3392.46" y="-3396.77" z="143.073" radius="0.0" box_x="22.83" box_y="8.083" box_z="34.69" box_orientation="0.0" />
	<AreaTriggerEntry id="2217" mapid="0" x="3392.56" y="-3361.78" z="142.802" radius="0.0" box_x="27.94" box_y="7.083" box_z="35.19" box_orientation="0.0" />
	<AreaTriggerEntry id="2246" mapid="0" x="1757.26" y="-1165.93" z="59.6025" radius="20.0" box_x="0.0" box_y="0.0" box_z="0.0" box_orientation="0.0" />
	<AreaTriggerEntry id="2248" mapid="0" x="1855.13" y="-1569.22" z="59.1825" radius="20.0" box_x="0.3333" box_y="0.3333" box_z="0.3333" box_orientation="0.0" />
	<AreaTriggerEntry id="2250" mapid="0" x="1462.13" y="-1864.02" z="58.7028" radius="20.0" box_x="0.3333" box_y="0.3333" box_z="0.3333" box_orientation="0.0" />
	<AreaTriggerEntry id="2252" mapid="0" x="1668.12" y="-2282.56" z="59.2221" radius="20.0" box_x="0.0" box_y="0.0" box_z="0.0" box_orientation="0.0" />
	<AreaTriggerEntry id="2387" mapid="0" x="-9897.21" y="-3725.09" z="24.6671" radius="15.0" box_x="0.0" box_y="0.0" box_z="0.0" box_orientation="0.0" />
	<AreaTriggerEntry id="2412" mapid="0" x="97.432" y="-176.274" z="127.866" radius="0.0" box_x="10.56" box_y="16.5" box_z="22.17" box_orientation="5.253" />
	<AreaTriggerEntry id="2413" mapid="0" x="544.83" y="-1079.95" z="109.494" radius="0.0" box_x="12.17" box_y="19.06" box_z="12.06" box_orientation="3.822" />
	<AreaTriggerEntry id="2532" mapid="0" x="-8768.08" y="409.205" z="103.921" radius="0.0" box_x="8.806" box_y="4.306" box_z="7.806" box_orientation="2.251" />
	<AreaTriggerEntry id="2567" mapid="0" x="1282.05" y="-2548.73" z="85.3994" radius="0.0" box_x="10.56" box_y="13.03" box_z="21.67" box_orientation="0.4712" />
	<AreaTriggerEntry id="2626" mapid="0" x="1756.79" y="-1200.15" z="60.7352" radius="20.0" box_x="0.0" box_y="0.0" box_z="0.0" box_orientation="0.0" />
	<AreaTriggerEntry id="2627" mapid="0" x="1723.32" y="-1198.38" z="60.0096" radius="20.0" box_x="0.0" box_y="0.0" box_z="0.0" box_orientation="0.0" />
	<AreaTriggerEntry id="2628" mapid="0" x="1723.1" y="-1166.71" z="59.5775" radius="20.0" box_x="0.0" box_y="0.0" box_z="0.0" box_orientation="0.0" />
	<AreaTriggerEntry id="2629" mapid="0" x="1879.5985" y="-1546.0826" z="59.03011" radius="20.0" box_x="0.0" box_y="0.0" box_z="0.0" box_orientation="0.0" />
	<AreaTriggerEntry id="2630" mapid="0" x="1903.0" y="-1570.26" z="59.7035" radius="20.0" box_x="0.0" box_y="0.0" box_z="0.0" box_orientation="0.0" />
	<AreaTriggerEntry id="2631" mapid="0" x="1878.08" y="-1593.74" z="59.4739" radius="20.0" box_x="0.0" box_y="0.0" box_z="0.0" box_orientation="0.0" />
	<AreaTriggerEntry id="2632" mapid="0" x="1487.03" y="-1840.91" z="58.6675" radius="20.0" box_x="0.0" box_y="0.0" box_z="0.0" box_orientation="0.0" />
	<AreaTriggerEntry id="2633" mapid="0" x="1510.46" y="-1863.24" z="59.106" radius="20.0" box_x="0.0" box_y="0.0" box_z="0.0" box_orientation="0.0" />
	<AreaTriggerEntry id="2634" mapid="0" x="1485.61" y="-1888.69" z="59.0902" radius="20.0" box_x="0.0" box_y="0.0" box_z="0.0" box_orientation="0.0" />
	<AreaTriggerEntry id="2635" mapid="0" x="1681.1168" y="-2250.932" z="59.02112" radius="20.0" box_x="0.0" box_y="0.0" box_z="0.0" box_orientation="0.0" />
	<AreaTriggerEntry id="2636" mapid="0" x="1712.75" y="-2263.28" z="64.0889" radius="20.0" box_x="0.0" box_y="0.0" box_z="0.0" box_orientation="0.0" />
	<AreaTriggerEntry id="2637" mapid="0" x="1700.25" y="-2295.36" z="58.9846" radius="20.0" box_x="0.0" box_y="0.0" box_z="0.0" box_orientation="0.0" />
	<AreaTriggerEntry id="2647" mapid="0" x="2841.81" y="-1544.52" z="190.516" radius="7.0" box_x="0.0" box_y="0.0" box_z="0.0" box_orientation="0.0" />
	<AreaTriggerEntry id="2706" mapid="0" x="2964.56" y="-2712.89" z="98.7446" radius="10.0" box_x="0.3333" box_y="0.3333" box_z="0.3333" box_orientation="0.0" />
	<AreaTriggerEntry id="2707" mapid="0" x="2980.1" y="-2720.92" z="99.9337" radius="10.0" box_x="0.2778" box_y="0.2778" box_z="0.2778" box_orientation="0.0" />
	<AreaTriggerEntry id="2726" mapid="0" x="1868.96" y="-3223.39" z="123.065" radius="35.0" box_x="0.0" box_y="0.0" box_z="0.0" box_orientation="0.0" />
	<AreaTriggerEntry id="2746" mapid="0" x="-8821.36" y="633.297" z="94.0758" radius="15.0" box_x="0.2778" box_y="0.2778" box_z="0.2778" box_orientation="0.0" />
	<AreaTriggerEntry id="2786" mapid="0" x="-9050.87" y="445.458" z="93.0558" radius="1.0" box_x="0.2778" box_y="0.2778" box_z="0.2778" box_orientation="0.0" />
	<AreaTriggerEntry id="3066" mapid="0" x="18.9448" y="-1448.22" z="176.15" radius="8.0" box_x="0.0" box_y="0.0" box_z="0.0" box_orientation="0.0" />
	<AreaTriggerEntry id="3106" mapid="0" x="-30.0533" y="-1576.5" z="194.453" radius="5.0" box_x="0.0" box_y="0.0" box_z="0.0" box_orientation="0.0" />
	<AreaTriggerEntry id="3366" mapid="0" x="2832.07" y="-1540.48" z="190.165" radius="7.0" box_x="0.0" box_y="0.0" box_z="0.0" box_orientation="0.0" />
	<AreaTriggerEntry id="3367" mapid="0" x="2843.4" y="-1553.26" z="190.721" radius="7.0" box_x="0.0" box_y="0.0" box_z="0.0" box_orientation="0.0" />
	<AreaTriggerEntry id="3528" mapid="0" x="-7510.87" y="-1035.87" z="182.952" radius="0.0" box_x="3.833" box_y="0.3611" box_z="2.056" box_orientation="0.7156" />
	<AreaTriggerEntry id="3529" mapid="0" x="-7512.16" y="-1034.78" z="177.208" radius="4.0" box_x="0.0" box_y="0.0" box_z="0.0" box_orientation="0.0" />
	<AreaTriggerEntry id="3530" mapid="0" x="-8536.18" y="452.165" z="104.917" radius="10.0" box_x="0.3333" box_y="0.3333" box_z="0.3333" box_orientation="0.0" />
	<AreaTriggerEntry id="3547" mapid="0" x="1642.1" y="239.843" z="62.5916" radius="13.0" box_x="0.0" box_y="0.0" box_z="0.0" box_orientation="0.0" />
	<AreaTriggerEntry id="3548" mapid="0" x="-4754.56" y="-3313.8" z="313.564" radius="14.0" box_x="0.0" box_y="0.0" box_z="0.0" box_orientation="0.0" />
	<AreaTriggerEntry id="3552" mapid="0" x="-11413.6" y="1954.91" z="14.2409" radius="22.0" box_x="0.0" box_y="0.0" box_z="0.0" box_orientation="0.0" />
	<AreaTriggerEntry id="3606" mapid="0" x="-7514.81" y="-1033.12" z="163.806" radius="10.0" box_x="0.0" box_y="0.0" box_z="0.0" box_orientation="0.0" />
	<AreaTriggerEntry id="3690" mapid="0" x="-622.142" y="-4582.14" z="22.5761" radius="0.0" box_x="27.39" box_y="27.17" box_z="21.64" box_orientation="3.194" />
	<AreaTriggerEntry id="3847" mapid="0" x="-7663.4" y="-1218.37" z="287.788" radius="3.0" box_x="0.0" box_y="0.0" box_z="0.0" box_orientation="0.0" />
	<AreaTriggerEntry id="3886" mapid="0" x="-12432.8" y="205.169" z="2.36515" radius="18.0" box_x="0.0" box_y="0.0" box_z="0.0" box_orientation="0.0" />
	<AreaTriggerEntry id="3928" mapid="0" x="-11915.8" y="-1236.43" z="96.1502" radius="10.0" box_x="0.0" box_y="0.0" box_z="0.0" box_orientation="0.0" />
	<AreaTriggerEntry id="3953" mapid="0" x="-1189.27" y="-2532.19" z="22.705" radius="0.0" box_x="7.5" box_y="13.5" box_z="17.31" box_orientation="0.03491" />
	<AreaTriggerEntry id="3954" mapid="0" x="-811.425" y="-3505.82" z="73.1377" radius="0.0" box_x="5.167" box_y="14.31" box_z="16.92" box_orientation="0.6632" />
	<AreaTriggerEntry id="3991" mapid="0" x="1733.32" y="526.474" z="34.2494" radius="35.0" box_x="0.0" box_y="0.0" box_z="0.0" box_orientation="0.0" />
	<AreaTriggerEntry id="4017" mapid="0" x="-10636.2" y="-391.307" z="101.878" radius="10.0" box_x="0.0" box_y="0.0" box_z="0.0" box_orientation="0.0" />
	<AreaTriggerEntry id="4026" mapid="0" x="-5049.34" y="-818.454" z="495.295" radius="2.0" box_x="0.0" box_y="0.0" box_z="0.0" box_orientation="0.0" />
	<AreaTriggerEntry id="4028" mapid="0" x="2051.36" y="272.572" z="57.1634" radius="2.0" box_x="0.0" box_y="0.0" box_z="0.0" box_orientation="0.0" />
	<AreaTriggerEntry id="4029" mapid="0" x="-14294.3" y="516.088" z="8.95399" radius="2.0" box_x="0.0" box_y="0.0" box_z="0.0" box_orientation="0.0" />
	<AreaTriggerEntry id="4030" mapid="0" x="-3755.105" y="-775.7048" z="9.88801" radius="2.0" box_x="0.0" box_y="0.0" box_z="0.0" box_orientation="0.0" />
	<AreaTriggerEntry id="4032" mapid="0" x="-8823.48" y="540.301" z="96.9036" radius="2.0" box_x="0.2778" box_y="0.2778" box_z="0.2778" box_orientation="0.0" />
	<AreaTriggerEntry id="4055" mapid="0" x="3133.15" y="-3730.29" z="138.659" radius="0.0" box_x="10.03" box_y="10.03" box_z="10.03" box_orientation="0.0" />
	<AreaTriggerEntry id="4057" mapid="0" x="3133.26" y="-3730.84" z="138.658" radius="0.0" box_x="10.03" box_y="10.03" box_z="10.03" box_orientation="0.0" />
	<AreaTriggerEntry id="4058" mapid="0" x="2298.17" y="-5340.98" z="90.8799" radius="0.0" box_x="33.5" box_y="17.69" box_z="24.56" box_orientation="2.182" />
	<AreaTriggerEntry id="4092" mapid="0" x="-9061.93" y="349.758" z="93.0821" radius="6.0" box_x="6.0" box_y="6.0" box_z="6.0" box_orientation="0.0" />
	<AreaTriggerEntry id="4094" mapid="0" x="-9118.96" y="327.822" z="93.1587" radius="6.0" box_x="0.0" box_y="0.0" box_z="0.0" box_orientation="0.0" />
	<AreaTriggerEntry id="4095" mapid="0" x="-9182.62" y="414.857" z="89.5576" radius="6.0" box_x="6.0" box_y="6.0" box_z="6.0" box_orientation="0.0" />
	<AreaTriggerEntry id="4096" mapid="0" x="-9218.13" y="318.627" z="73.8841" radius="6.0" box_x="0.0" box_y="0.0" box_z="0.0" box_orientation="0.0" />
	<AreaTriggerEntry id="4098" mapid="0" x="-5163.25" y="-645.922" z="397.015" radius="6.0" box_x="0.0" box_y="0.0" box_z="0.0" box_orientation="0.0" />
	<AreaTriggerEntry id="4099" mapid="0" x="-5175.19" y="-588.085" z="397.988" radius="6.0" box_x="0.0" box_y="0.0" box_z="0.0" box_orientation="0.0" />
	<AreaTriggerEntry id="4100" mapid="0" x="1979.99" y="305.252" z="41.1865" radius="6.0" box_x="0.0" box_y="0.0" box_z="0.0" box_orientation="0.0" />
	<AreaTriggerEntry id="4189" mapid="0" x="1782.2" y="151.592" z="-62.2903" radius="1.0" box_x="0.0" box_y="0.0" box_z="0.0" box_orientation="0.0" />
	<AreaTriggerEntry id="4294" mapid="0" x="2541.943" y="-4785.3223" z="117.45107" radius="80.0" box_x="0.0" box_y="0.0" box_z="0.0" box_orientation="0.0" />
	<AreaTriggerEntry id="205" mapid="1" x="-1895.78" y="-1109.04" z="86.183" radius="15.0" box_x="0.0" box_y="0.0" box_z="0.0" box_orientation="0.0" />
	<AreaTriggerEntry id="216" mapid="1" x="90.1003" y="-1943.44" z="79.4727" radius="9.0" box_x="0.0" box_y="0.0" box_z="0.0" box_orientation="0.0" />
	<AreaTriggerEntry id="217" mapid="1" x="10708.8" y="762.092" z="1321.37" radius="14.0" box_x="0.0" box_y="0.0" box_z="0.0" box_orientation="0.0" />
	<AreaTriggerEntry id="218" mapid="1" x="9859.09" y="588.761" z="1300.61" radius="14.0" box_x="0.0" box_y="0.0" box_z="0.0" box_orientation="0.0" />
	<AreaTriggerEntry id="219" mapid="1" x="9556.24" y="1654.77" z="1299.49" radius="14.0" box_x="0.0" box_y="0.0" box_z="0.0" box_orientation="0.0" />
	<AreaTriggerEntry id="220" mapid="1" x="10675.2" y="1857.45" z="1324.17" radius="10.0" box_x="0.0" box_y="0.0" box_z="0.0" box_orientation="0.0" />
	<AreaTriggerEntry id="223" mapid="1" x="4508.17" y="373.376" z="32.5125" radius="40.0" box_x="0.0" box_y="0.0" box_z="0.0" box_orientation="0.0" />
	<AreaTriggerEntry id="224" mapid="1" x="4605.57" y="385.158" z="31.4827" radius="25.0" box_x="0.0" box_y="0.0" box_z="0.0" box_orientation="0.0" />
	<AreaTriggerEntry id="225" mapid="1" x="4558.36" y="421.446" z="33.7425" radius="50.0" box_x="0.0" box_y="0.0" box_z="0.0" box_orientation="0.0" />
	<AreaTriggerEntry id="228" mapid="1" x="-753.596" y="-2212.78" z="21.5403" radius="13.0" box_x="0.0" box_y="0.0" box_z="0.0" box_orientation="0.0" />
	<AreaTriggerEntry id="230" mapid="1" x="6744.98" y="41.1164" z="47.6041" radius="13.0" box_x="0.0" box_y="0.0" box_z="0.0" box_orientation="0.0" />
	<AreaTriggerEntry id="231" mapid="1" x="5996.56" y="365.21" z="21.8661" radius="40.0" box_x="0.0" box_y="0.0" box_z="0.0" box_orientation="0.0" />
	<AreaTriggerEntry id="232" mapid="1" x="5980.17" y="330.669" z="21.7655" radius="40.0" box_x="0.0" box_y="0.0" box_z="0.0" box_orientation="0.0" />
	<AreaTriggerEntry id="233" mapid="1" x="4916.99" y="328.43" z="36.7678" radius="50.0" box_x="0.0" box_y="0.0" box_z="0.0" box_orientation="0.0" />
	<AreaTriggerEntry id="234" mapid="1" x="4641.19" y="55.3801" z="66.6307" radius="60.0" box_x="0.0" box_y="0.0" box_z="0.0" box_orientation="0.0" />
	<AreaTriggerEntry id="235" mapid="1" x="4554.65" y="146.354" z="59.5027" radius="70.0" box_x="0.0" box_y="0.0" box_z="0.0" box_orientation="0.0" />
	<AreaTriggerEntry id="236" mapid="1" x="4643.38" y="145.349" z="57.9047" radius="50.0" box_x="0.0" box_y="0.0" box_z="0.0" box_orientation="0.0" />
	<AreaTriggerEntry id="237" mapid="1" x="4504.31" y="32.3296" z="86.4913" radius="80.0" box_x="0.0" box_y="0.0" box_z="0.0" box_orientation="0.0" />
	<AreaTriggerEntry id="238" mapid="1" x="6876.28" y="-486.029" z="40.1436" radius="65.0" box_x="0.0" box_y="0.0" box_z="0.0" box_orientation="0.0" />
	<AreaTriggerEntry id="239" mapid="1" x="3469.43" y="847.62" z="5.36476" radius="12.0" box_x="0.0" box_y="0.0" box_z="0.0" box_orientation="0.0" />
	<AreaTriggerEntry id="244" mapid="1" x="-4456.7" y="-1655.99" z="86.1095" radius="8.0" box_x="0.0" box_y="0.0" box_z="0.0" box_orientation="0.0" />
	<AreaTriggerEntry id="246" mapid="1" x="-4932.53" y="-1596.05" z="84.8157" radius="20.0" box_x="0.0" box_y="0.0" box_z="0.0" box_orientation="0.0" />
	<AreaTriggerEntry id="257" mapid="1" x="4252.37" y="756.974" z="-23.0632" radius="12.0" box_x="0.0" box_y="0.0" box_z="0.0" box_orientation="0.0" />
	<AreaTriggerEntry id="302" mapid="1" x="-3463.26" y="-4123.13" z="17.1043" radius="8.0" box_x="0.0" box_y="0.0" box_z="0.0" box_orientation="0.0" />
	<AreaTriggerEntry id="303" mapid="1" x="-4058.75" y="-2732.54" z="35.3301" radius="10.0" box_x="0.0" box_y="0.0" box_z="0.0" box_orientation="0.0" />
	<AreaTriggerEntry id="422" mapid="1" x="-93.1614" y="1691.15" z="89.0649" radius="20.0" box_x="0.0" box_y="0.0" box_z="0.0" box_orientation="0.0" />
	<AreaTriggerEntry id="442" mapid="1" x="-4666.52" y="-2536.82" z="86.9671" radius="10.0" box_x="0.0" box_y="0.0" box_z="0.0" box_orientation="0.0" />
	<AreaTriggerEntry id="522" mapid="1" x="-1679.3" y="-4328.96" z="2.58591" radius="4.0" box_x="0.0" box_y="0.0" box_z="0.0" box_orientation="0.0" />
	<AreaTriggerEntry id="527" mapid="1" x="9947.48" y="2630.04" z="1318.6" radius="10.0" box_x="0.0" box_y="0.0" box_z="0.0" box_orientation="0.0" />
	<AreaTriggerEntry id="542" mapid="1" x="8799.41" y="969.787" z="30.2409" radius="10.0" box_x="0.0" box_y="0.0" box_z="0.0" box_orientation="0.0" />
	<AreaTriggerEntry id="709" mapid="1" x="-3615.49" y="-4467.34" z="24.3141" radius="30.0" box_x="0.0" box_y="0.0" box_z="0.0" box_orientation="0.0" />
	<AreaTriggerEntry id="715" mapid="1" x="9809.05" y="959.188" z="1315.35" radius="32.0" box_x="0.0" box_y="0.0" box_z="0.0" box_orientation="0.0" />
	<AreaTriggerEntry id="716" mapid="1" x="6410.01" y="527.035" z="14.0578" radius="32.0" box_x="0.0" box_y="0.0" box_z="0.0" box_orientation="0.0" />
	<AreaTriggerEntry id="717" mapid="1" x="2756.64" y="-423.057" z="119.387" radius="32.0" box_x="0.0" box_y="0.0" box_z="0.0" box_orientation="0.0" />
	<AreaTriggerEntry id="722" mapid="1" x="-2366.7" y="-345.983" z="-1.29313" radius="30.0" box_x="0.0" box_y="0.0" box_z="0.0" box_orientation="0.0" />
	<AreaTriggerEntry id="742" mapid="1" x="-405.311" y="-2645.29" z="111.972" radius="30.0" box_x="0.0" box_y="0.0" box_z="0.0" box_orientation="0.0" />
	<AreaTriggerEntry id="743" mapid="1" x="-1051.44" y="-3653.81" z="31.1352" radius="30.0" box_x="0.0" box_y="0.0" box_z="0.0" box_orientation="0.0" />
	<AreaTriggerEntry id="843" mapid="1" x="341.42" y="-4684.7" z="30.9493" radius="30.0" box_x="0.0" box_y="0.0" box_z="0.0" box_orientation="0.0" />
	<AreaTriggerEntry id="924" mapid="1" x="-6773.49" y="-2889.77" z="15.1063" radius="20.0" box_x="0.0" box_y="0.0" box_z="0.0" box_orientation="0.0" />
	<AreaTriggerEntry id="942" mapid="1" x="-4950.65" y="-1625.14" z="-3.0157" radius="25.0" box_x="0.0" box_y="0.0" box_z="0.0" box_orientation="0.0" />
	<AreaTriggerEntry id="943" mapid="1" x="-4950.74" y="-1595.14" z="-3.0157" radius="25.0" box_x="0.0" box_y="0.0" box_z="0.0" box_orientation="0.0" />
	<AreaTriggerEntry id="944" mapid="1" x="-4950.65" y="-1567.1" z="-3.0157" radius="25.0" box_x="0.0" box_y="0.0" box_z="0.0" box_orientation="0.0" />
	<AreaTriggerEntry id="982" mapid="1" x="-2372.51" y="-1991.64" z="120.975" radius="35.0" box_x="0.0" box_y="0.0" box_z="0.0" box_orientation="0.0" />
	<AreaTriggerEntry id="1022" mapid="1" x="898.482" y="922.688" z="126.788" radius="35.0" box_x="0.0" box_y="0.0" box_z="0.0" box_orientation="0.0" />
	<AreaTriggerEntry id="1023" mapid="1" x="-7162.14" y="-3845.95" z="8.78193" radius="20.0" box_x="0.0" box_y="0.0" box_z="0.0" box_orientation="0.0" />
	<AreaTriggerEntry id="1024" mapid="1" x="-4370.83" y="3289.15" z="23.7823" radius="35.0" box_x="0.0" box_y="0.0" box_z="0.0" box_orientation="0.0" />
	<AreaTriggerEntry id="1025" mapid="1" x="-4461.92" y="242.578" z="45.2465" radius="0.0" box_x="52.67" box_y="20.53" box_z="14.19" box_orientation="3.56" />
	<AreaTriggerEntry id="1387" mapid="1" x="4260.73" y="-6273.64" z="90.2289" radius="20.0" box_x="0.0" box_y="0.0" box_z="0.0" box_orientation="0.0" />
	<AreaTriggerEntry id="1388" mapid="1" x="4277.58" y="-6296.0" z="95.5764" radius="20.0" box_x="0.0" box_y="0.0" box_z="0.0" box_orientation="0.0" />
	<AreaTriggerEntry id="1631" mapid="1" x="-8280.79" y="-4025.14" z="-181.059" radius="70.0" box_x="0.0" box_y="0.0" box_z="0.0" box_orientation="0.0" />
	<AreaTriggerEntry id="1632" mapid="1" x="-8799.19" y="-4115.16" z="-199.999" radius="70.0" box_x="0.0" box_y="0.0" box_z="0.0" box_orientation="0.0" />
	<AreaTriggerEntry id="1667" mapid="1" x="-3464.71" y="-4120.93" z="17.0987" radius="9.0" box_x="0.0" box_y="0.0" box_z="0.0" box_orientation="0.0" />
	<AreaTriggerEntry id="1726" mapid="1" x="-7286.01" y="-2125.06" z="-272.114" radius="12.0" box_x="0.0" box_y="0.0" box_z="0.0" box_orientation="0.0" />
	<AreaTriggerEntry id="1727" mapid="1" x="-7208.42" y="-2027.09" z="-271.74" radius="12.0" box_x="0.0" box_y="0.0" box_z="0.0" box_orientation="0.0" />
	<AreaTriggerEntry id="1728" mapid="1" x="-7170.02" y="-1852.79" z="-272.988" radius="12.0" box_x="0.0" box_y="0.0" box_z="0.0" box_orientation="0.0" />
	<AreaTriggerEntry id="1729" mapid="1" x="-7395.19" y="-1735.68" z="-279.763" radius="12.0" box_x="0.0" box_y="0.0" box_z="0.0" box_orientation="0.0" />
	<AreaTriggerEntry id="1730" mapid="1" x="-7449.9" y="-2111.57" z="-271.766" radius="12.0" box_x="0.0" box_y="0.0" box_z="0.0" box_orientation="0.0" />
	<AreaTriggerEntry id="1731" mapid="1" x="-7463.35" y="-1957.64" z="-272.532" radius="12.0" box_x="0.0" box_y="0.0" box_z="0.0" box_orientation="0.0" />
	<AreaTriggerEntry id="1732" mapid="1" x="-7509.58" y="-1946.56" z="-270.537" radius="12.0" box_x="0.0" box_y="0.0" box_z="0.0" box_orientation="0.0" />
	<AreaTriggerEntry id="1733" mapid="1" x="-7516.87" y="-1829.76" z="-272.647" radius="12.0" box_x="0.0" box_y="0.0" box_z="0.0" box_orientation="0.0" />
	<AreaTriggerEntry id="1734" mapid="1" x="-7594.12" y="-1771.62" z="-273.612" radius="12.0" box_x="0.0" box_y="0.0" box_z="0.0" box_orientation="0.0" />
	<AreaTriggerEntry id="1735" mapid="1" x="-7748.9" y="-1721.14" z="-271.909" radius="12.0" box_x="0.0" box_y="0.0" box_z="0.0" box_orientation="0.0" />
	<AreaTriggerEntry id="1736" mapid="1" x="-7768.61" y="-1957.63" z="-272.126" radius="12.0" box_x="0.0" box_y="0.0" box_z="0.0" box_orientation="0.0" />
	<AreaTriggerEntry id="1737" mapid="1" x="-7612.56" y="-1930.87" z="-271.828" radius="12.0" box_x="0.0" box_y="0.0" box_z="0.0" box_orientation="0.0" />
	<AreaTriggerEntry id="1738" mapid="1" x="-7952.2" y="-1792.01" z="-272.893" radius="12.0" box_x="0.0" box_y="0.0" box_z="0.0" box_orientation="0.0" />
	<AreaTriggerEntry id="1739" mapid="1" x="-7895.29" y="-1623.62" z="-269.707" radius="12.0" box_x="0.0" box_y="0.0" box_z="0.0" box_orientation="0.0" />
	<AreaTriggerEntry id="1740" mapid="1" x="-7874.18" y="-1806.3" z="-271.459" radius="12.0" box_x="0.0" box_y="0.0" box_z="0.0" box_orientation="0.0" />
	<AreaTriggerEntry id="1766" mapid="1" x="-7308.7134" y="-2001.4731" z="-272.4505" radius="12.0" box_x="0.0" box_y="0.0" box_z="0.0" box_orientation="0.0" />
	<AreaTriggerEntry id="1906" mapid="1" x="6818.56" y="-391.735" z="40.123" radius="50.0" box_x="0.0" box_y="0.0" box_z="0.0" box_orientation="0.0" />
	<AreaTriggerEntry id="1966" mapid="1" x="4988.97" y="547.002" z="5.37929" radius="11.0" box_x="0.0" box_y="0.0" box_z="0.0" box_orientation="0.0" />
	<AreaTriggerEntry id="2206" mapid="1" x="5483.9" y="-749.881" z="334.621" radius="30.0" box_x="0.0" box_y="0.0" box_z="0.0" box_orientation="0.0" />
	<AreaTriggerEntry id="2207" mapid="1" x="5552.09" y="-683.813" z="335.25" radius="25.0" box_x="0.0" box_y="0.0" box_z="0.0" box_orientation="0.0" />
	<AreaTriggerEntry id="2208" mapid="1" x="5587.02" y="-784.025" z="335.822" radius="23.0" box_x="0.0" box_y="0.0" box_z="0.0" box_orientation="0.0" />
	<AreaTriggerEntry id="2211" mapid="1" x="6107.62" y="-4181.6" z="852.322" radius="2.0" box_x="0.0" box_y="0.0" box_z="0.0" box_orientation="0.0" />
	<AreaTriggerEntry id="2213" mapid="1" x="5893.32" y="-4054.83" z="596.322" radius="2.0" box_x="0.0" box_y="0.0" box_z="0.0" box_orientation="0.0" />
	<AreaTriggerEntry id="2230" mapid="1" x="1818.4" y="-4427.26" z="-10.4478" radius="0.0" box_x="21.69" box_y="11.83" box_z="21.22" box_orientation="0.576" />
	<AreaTriggerEntry id="2266" mapid="1" x="245.587" y="1251.99" z="210.145" radius="40.0" box_x="0.0" box_y="0.0" box_z="0.0" box_orientation="0.0" />
	<AreaTriggerEntry id="2267" mapid="1" x="-1596.16" y="3145.26" z="61.3618" radius="0.0" box_x="30.03" box_y="30.03" box_z="30.03" box_orientation="0.0" />
	<AreaTriggerEntry id="2286" mapid="1" x="-5477.91" y="-2460.32" z="89.2837" radius="20.0" box_x="0.0" box_y="0.0" box_z="0.0" box_orientation="0.0" />
	<AreaTriggerEntry id="2287" mapid="1" x="6687.99" y="-4670.07" z="723.891" radius="20.0" box_x="0.0" box_y="0.0" box_z="0.0" box_orientation="0.0" />
	<AreaTriggerEntry id="2327" mapid="1" x="5018.91" y="-4563.94" z="851.75" radius="50.0" box_x="0.0" box_y="0.0" box_z="0.0" box_orientation="0.0" />
	<AreaTriggerEntry id="2486" mapid="1" x="6207.5" y="-152.833" z="79.8185" radius="15.0" box_x="0.0" box_y="0.0" box_z="0.0" box_orientation="0.0" />
	<AreaTriggerEntry id="2527" mapid="1" x="1643.36" y="-4233.6" z="56.1557" radius="0.0" box_x="12.42" box_y="11.92" box_z="15.06" box_orientation="5.777" />
	<AreaTriggerEntry id="2610" mapid="1" x="2343.57" y="-2569.0" z="118.827" radius="30.0" box_x="0.0" box_y="0.0" box_z="0.0" box_orientation="0.0" />
	<AreaTriggerEntry id="2848" mapid="1" x="-4768.61" y="-3752.11" z="53.4317" radius="16.0" box_x="0.0" box_y="0.0" box_z="0.0" box_orientation="0.0" />
	<AreaTriggerEntry id="2926" mapid="1" x="1999.15" y="-1121.28" z="97.3537" radius="9.0" box_x="0.0" box_y="0.0" box_z="0.0" box_orientation="0.0" />
	<AreaTriggerEntry id="2946" mapid="1" x="2.00575" y="402.673" z="101.012" radius="45.0" box_x="0.0" box_y="0.0" box_z="0.0" box_orientation="0.0" />
	<AreaTriggerEntry id="3133" mapid="1" x="-1484.07" y="2617.57" z="75.7144" radius="0.0" box_x="24.69" box_y="15.78" box_z="35.19" box_orientation="4.538" />
	<AreaTriggerEntry id="3134" mapid="1" x="-1181.98" y="2861.95" z="85.2581" radius="0.0" box_x="31.69" box_y="17.33" box_z="34.19" box_orientation="3.211" />
	<AreaTriggerEntry id="3146" mapid="1" x="-7180.94" y="441.137" z="26.5449" radius="10.0" box_x="0.2778" box_y="0.2778" box_z="0.2778" box_orientation="0.0" />
	<AreaTriggerEntry id="3183" mapid="1" x="-3730.48" y="933.975" z="160.973" radius="0.0" box_x="9.389" box_y="12.78" box_z="19.67" box_orientation="0.0" />
	<AreaTriggerEntry id="3184" mapid="1" x="-3981.58" y="771.193" z="160.962" radius="0.0" box_x="10.31" box_y="5.972" box_z="20.22" box_orientation="0.0" />
	<AreaTriggerEntry id="3185" mapid="1" x="-4028.21" y="123.966" z="26.8109" radius="0.0" box_x="9.833" box_y="4.583" box_z="15.69" box_orientation="0.4712" />
	<AreaTriggerEntry id="3186" mapid="1" x="-3837.79" y="1250.23" z="160.223" radius="0.0" box_x="8.194" box_y="9.083" box_z="18.36" box_orientation="0.0" />
	<AreaTriggerEntry id="3187" mapid="1" x="-3741.96" y="1249.18" z="160.217" radius="0.0" box_x="7.861" box_y="10.33" box_z="18.69" box_orientation="0.0" />
	<AreaTriggerEntry id="3189" mapid="1" x="-3520.65" y="1068.72" z="161.128" radius="0.0" box_x="9.861" box_y="11.86" box_z="23.22" box_orientation="0.0" />
	<AreaTriggerEntry id="3546" mapid="1" x="9933.94" y="2500.98" z="1317.82" radius="12.0" box_x="0.0" box_y="0.0" box_z="0.0" box_orientation="0.0" />
	<AreaTriggerEntry id="3549" mapid="1" x="1253.79" y="-2227.52" z="92.248" radius="15.0" box_x="0.0" box_y="0.0" box_z="0.0" box_orientation="0.0" />
	<AreaTriggerEntry id="3550" mapid="1" x="-959.299" y="-3759.21" z="4.98619" radius="10.0" box_x="0.0" box_y="0.0" box_z="0.0" box_orientation="0.0" />
	<AreaTriggerEntry id="3551" mapid="1" x="-998.183" y="-3822.07" z="5.2954" radius="10.0" box_x="0.0" box_y="0.0" box_z="0.0" box_orientation="0.0" />
	<AreaTriggerEntry id="3586" mapid="1" x="6221.84" y="-1152.75" z="383.231" radius="4.0" box_x="0.0" box_y="0.0" box_z="0.0" box_orientation="0.0" />
	<AreaTriggerEntry id="3587" mapid="1" x="6221.89" y="-1153.0" z="383.272" radius="5.0" box_x="0.0" box_y="0.0" box_z="0.0" box_orientation="0.0" />
	<AreaTriggerEntry id="3650" mapid="1" x="1422.33" y="-1855.33" z="135.775" radius="0.0" box_x="6.583" box_y="4.833" box_z="6.944" box_orientation="3.037" />
	<AreaTriggerEntry id="3654" mapid="1" x="1034.19" y="-2087.74" z="123.372" radius="0.0" box_x="5.972" box_y="9.333" box_z="18.31" box_orientation="1.588" />
	<AreaTriggerEntry id="3985" mapid="1" x="-6864.98" y="731.612" z="50.0" radius="20.0" box_x="0.0" box_y="0.0" box_z="0.0" box_orientation="0.0" />
	<AreaTriggerEntry id="3986" mapid="1" x="-8194.26" y="-4676.44" z="11.3654" radius="30.0" box_x="0.0" box_y="0.0" box_z="0.0" box_orientation="0.0" />
	<AreaTriggerEntry id="4008" mapid="1" x="-8424.94" y="1508.65" z="32.0142" radius="0.0" box_x="12.14" box_y="50.06" box_z="35.64" box_orientation="2.635" />
	<AreaTriggerEntry id="4010" mapid="1" x="-8230.4" y="2005.33" z="129.863" radius="0.0" box_x="16.69" box_y="31.19" box_z="46.58" box_orientation="0.925" />
	<AreaTriggerEntry id="4015" mapid="1" x="5085.82" y="-5110.64" z="929.979" radius="6.0" box_x="0.0" box_y="0.0" box_z="0.0" box_orientation="0.0" />
	<AreaTriggerEntry id="4027" mapid="1" x="1332.27" y="-4607.67" z="24.3695" radius="2.0" box_x="0.2778" box_y="0.2778" box_z="0.2778" box_orientation="0.0" />
	<AreaTriggerEntry id="4031" mapid="1" x="-7166.06" y="-3917.94" z="9.39558" radius="2.0" box_x="0.0" box_y="0.0" box_z="0.0" box_orientation="0.0" />
	<AreaTriggerEntry id="4085" mapid="1" x="7763.328" y="-4010.7244" z="694.28015" radius="95.0" box_x="0.0" box_y="0.0" box_z="0.0" box_orientation="0.0" />
	<AreaTriggerEntry id="4090" mapid="1" x="2716.6" y="1496.82" z="236.828" radius="30.0" box_x="0.0" box_y="0.0" box_z="0.0" box_orientation="0.0" />
	<AreaTriggerEntry id="4101" mapid="1" x="1217.97" y="-4339.3" z="25.9124" radius="6.0" box_x="0.2778" box_y="0.2778" box_z="0.2778" box_orientation="0.0" />
	<AreaTriggerEntry id="4102" mapid="1" x="1169.55" y="-4320.06" z="20.8756" radius="6.0" box_x="0.3333" box_y="0.3333" box_z="0.3333" box_orientation="0.0" />
	<AreaTriggerEntry id="4103" mapid="1" x="-1545.39" y="51.3006" z="5.39339" radius="6.0" box_x="0.2778" box_y="0.2778" box_z="0.2778" box_orientation="0.0" />
	<AreaTriggerEntry id="4104" mapid="1" x="9914.17" y="1864.67" z="1321.26" radius="6.0" box_x="0.0" box_y="0.0" box_z="0.0" box_orientation="0.0" />
	<AreaTriggerEntry id="4105" mapid="1" x="9948.01" y="1932.53" z="1328.7" radius="6.0" box_x="0.0" box_y="0.0" box_z="0.0" box_orientation="0.0" />
	<AreaTriggerEntry id="4162" mapid="1" x="-7142.04" y="1397.92" z="4.32689" radius="4.0" box_x="0.0" box_y="0.0" box_z="0.0" box_orientation="0.0" />
	<AreaTriggerEntry id="4168" mapid="1" x="-7588.48" y="756.806" z="-16.4248" radius="4.0" box_x="0.0" box_y="0.0" box_z="0.0" box_orientation="0.0" />
	<AreaTriggerEntry id="4299" mapid="1" x="-7376.84" y="447.272" z="4.52045" radius="60.0" box_x="0.0" box_y="0.0" box_z="0.0" box_orientation="0.0" />
	<AreaTriggerEntry id="60" mapid="24" x="47.6135" y="-28.9462" z="-8.81759" radius="7.0" box_x="0.0" box_y="0.0" box_z="0.0" box_orientation="0.0" />
	<AreaTriggerEntry id="81" mapid="28" x="-259.24698" y="137.75117" z="36.568306" radius="7.0" box_x="0.0" box_y="0.0" box_z="0.0" box_orientation="0.0" />
	<AreaTriggerEntry id="83" mapid="28" x="254.5694" y="-4.322051" z="6.486521" radius="8.0" box_x="0.0" box_y="0.0" box_z="0.0" box_orientation="0.0" />
	<AreaTriggerEntry id="95" mapid="30" x="-409.82812" y="-802.7708" z="-13.246962" radius="9.0" box_x="0.0" box_y="0.0" box_z="0.0" box_orientation="0.0" />
	<AreaTriggerEntry id="2606" mapid="30" x="-723.594" y="-707.599" z="52.8848" radius="0.0" box_x="9.556" box_y="14.06" box_z="16.17" box_orientation="5.306" />
	<AreaTriggerEntry id="2608" mapid="30" x="946.833" y="-500.092" z="94.9295" radius="0.0" box_x="8.667" box_y="18.31" box_z="24.31" box_orientation="1.134" />
	<AreaTriggerEntry id="3326" mapid="30" x="-767.073" y="-358.703" z="68.658" radius="5.0" box_x="5.028" box_y="5.028" box_z="5.028" box_orientation="1.466" />
	<AreaTriggerEntry id="3327" mapid="30" x="-1221.35" y="-352.877" z="57.7212" radius="5.0" box_x="5.0" box_y="5.0" box_z="5.0" box_orientation="0.0" />
	<AreaTriggerEntry id="3328" mapid="30" x="-1305.24" y="-268.868" z="92.0223" radius="5.0" box_x="5.0" box_y="5.0" box_z="5.0" box_orientation="0.0" />
	<AreaTriggerEntry id="3329" mapid="30" x="213.923" y="-373.737" z="56.3891" radius="5.0" box_x="0.3333" box_y="0.3333" box_z="0.3333" box_orientation="0.0" />
	<AreaTriggerEntry id="3330" mapid="30" x="326.26987" y="-503.78906" z="71.14377" radius="4.0" box_x="0.3333" box_y="0.3333" box_z="0.3333" box_orientation="0.0" />
	<AreaTriggerEntry id="3331" mapid="30" x="683.107" y="-129.846" z="63.5983" radius="5.0" box_x="0.3333" box_y="0.3333" box_z="0.3333" box_orientation="0.0" />
	<AreaTriggerEntry id="194" mapid="33" x="-230.953" y="2105.06" z="79.7533" radius="5.0" box_x="0.0" box_y="0.0" box_z="0.0" box_orientation="0.0" />
	<AreaTriggerEntry id="254" mapid="33" x="-236.47" y="2202.42" z="97.3452" radius="5.0" box_x="0.0" box_y="0.0" box_z="0.0" box_orientation="0.0" />
	<AreaTriggerEntry id="255" mapid="33" x="-223.399" y="2101.97" z="97.3899" radius="5.0" box_x="0.0" box_y="0.0" box_z="0.0" box_orientation="0.0" />
	<AreaTriggerEntry id="256" mapid="33" x="-189.006" y="2145.69" z="97.3899" radius="7.0" box_x="0.0" box_y="0.0" box_z="0.0" box_orientation="0.0" />
	<AreaTriggerEntry id="2406" mapid="33" x="-287.071" y="2175.64" z="36.8861" radius="0.0" box_x="98.86" box_y="185.6" box_z="80.58" box_orientation="2.88" />
	<AreaTriggerEntry id="2407" mapid="33" x="-315.991" y="2179.63" z="91.7542" radius="0.0" box_x="36.06" box_y="182.8" box_z="212.6" box_orientation="2.897" />
	<AreaTriggerEntry id="2408" mapid="33" x="-232.372" y="2077.1" z="68.1177" radius="0.0" box_x="44.67" box_y="123.2" box_z="43.31" box_orientation="4.311" />
	<AreaTriggerEntry id="2409" mapid="33" x="-255.273" y="2035.76" z="114.437" radius="0.0" box_x="59.69" box_y="228.5" box_z="169.4" box_orientation="4.328" />
	<AreaTriggerEntry id="2410" mapid="33" x="-167.092" y="2104.22" z="73.4497" radius="0.0" box_x="53.0" box_y="114.7" box_z="17.08" box_orientation="6.021" />
	<AreaTriggerEntry id="2411" mapid="33" x="-179.729" y="2079.37" z="42.6945" radius="0.0" box_x="19.03" box_y="162.1" box_z="187.1" box_orientation="6.091" />
	<AreaTriggerEntry id="503" mapid="34" x="39.3741" y="0.803469" z="-12.7883" radius="8.0" box_x="0.0" box_y="0.0" box_z="0.0" box_orientation="0.0" />
	<AreaTriggerEntry id="109" mapid="35" x="-0.90042" y="16.443" z="-14.236" radius="7.0" box_x="0.0" box_y="0.0" box_z="0.0" box_orientation="0.0" />
	<AreaTriggerEntry id="119" mapid="36" x="-14.3628" y="-393.38" z="64.5605" radius="6.0" box_x="0.0" box_y="0.0" box_z="0.0" box_orientation="0.0" />
	<AreaTriggerEntry id="121" mapid="36" x="-110.76" y="-1009.19" z="34.8044" radius="7.0" box_x="0.0" box_y="0.0" box_z="0.0" box_orientation="0.0" />
	<AreaTriggerEntry id="3746" mapid="36" x="-29.5547" y="-374.503" z="59.3562" radius="6.0" box_x="0.0" box_y="0.0" box_z="0.0" box_orientation="0.0" />
	<AreaTriggerEntry id="226" mapid="43" x="-172.181" y="138.98" z="-66.6471" radius="12.0" box_x="0.0" box_y="0.0" box_z="0.0" box_orientation="0.0" />
	<AreaTriggerEntry id="3766" mapid="43" x="-108.563" y="160.915" z="-79.7911" radius="9.0" box_x="0.0" box_y="0.0" box_z="0.0" box_orientation="0.0" />
	<AreaTriggerEntry id="242" mapid="47" x="1936.39" y="1534.47" z="86.8769" radius="8.0" box_x="0.0" box_y="0.0" box_z="0.0" box_orientation="0.0" />
	<AreaTriggerEntry id="262" mapid="47" x="2019.73" y="2004.6" z="61.6874" radius="15.0" box_x="0.0" box_y="0.0" box_z="0.0" box_orientation="0.0" />
	<AreaTriggerEntry id="462" mapid="47" x="2107.72" y="1823.77" z="79.9696" radius="10.0" box_x="0.0" box_y="0.0" box_z="0.0" box_orientation="0.0" />
	<AreaTriggerEntry id="463" mapid="47" x="2165.75" y="1944.75" z="61.4635" radius="15.0" box_x="0.0" box_y="0.0" box_z="0.0" box_orientation="0.0" />
	<AreaTriggerEntry id="259" mapid="48" x="-148.633" y="121.08" z="-33.4141" radius="12.0" box_x="0.0" box_y="0.0" box_z="0.0" box_orientation="0.0" />
	<AreaTriggerEntry id="283" mapid="48" x="-527.658" y="321.109" z="-50.2584" radius="20.0" box_x="0.0" box_y="0.0" box_z="0.0" box_orientation="0.0" />
	<AreaTriggerEntry id="762" mapid="48" x="-842.076" y="-472.462" z="-34.0656" radius="10.0" box_x="0.0" box_y="0.0" box_z="0.0" box_orientation="0.0" />
	<AreaTriggerEntry id="288" mapid="70" x="-228.193" y="34.1602" z="-39.2339" radius="10.0" box_x="0.0" box_y="0.0" box_z="0.0" box_orientation="0.0" />
	<AreaTriggerEntry id="822" mapid="70" x="-234.444" y="319.127" z="-47.5885" radius="20.0" box_x="0.0" box_y="0.0" box_z="0.0" box_orientation="0.0" />
	<AreaTriggerEntry id="882" mapid="70" x="-213.72" y="370.607" z="-35.3887" radius="10.0" box_x="0.0" box_y="0.0" box_z="0.0" box_orientation="0.0" />
	<AreaTriggerEntry id="322" mapid="90" x="-312.205" y="-4.63256" z="-148.657" radius="14.0" box_x="0.0" box_y="0.0" box_z="0.0" box_orientation="0.0" />
	<AreaTriggerEntry id="525" mapid="90" x="-717.868" y="1.37207" z="-241.293" radius="12.0" box_x="0.0" box_y="0.0" box_z="0.0" box_orientation="0.0" />
	<AreaTriggerEntry id="1105" mapid="90" x="-377.056" y="44.05" z="-156.483" radius="15.0" box_x="0.0" box_y="0.0" box_z="0.0" box_orientation="0.0" />
	<AreaTriggerEntry id="448" mapid="109" x="-300.0" y="99.0" z="-127.0" radius="13.0" box_x="0.0" box_y="0.0" box_z="0.0" box_orientation="0.0" />
	<AreaTriggerEntry id="1306" mapid="109" x="-496.854" y="42.6929" z="-91.1318" radius="25.0" box_x="0.0" box_y="0.0" box_z="0.0" box_orientation="0.0" />
	<AreaTriggerEntry id="1326" mapid="109" x="-467.521" y="95.3083" z="-105.0" radius="7.0" box_x="0.0" box_y="0.0" box_z="0.0" box_orientation="0.0" />
	<AreaTriggerEntry id="4016" mapid="109" x="-662.106" y="3.83105" z="-90.8351" radius="20.0" box_x="0.0" box_y="0.0" box_z="0.0" box_orientation="0.0" />
	<AreaTriggerEntry id="444" mapid="129" x="2593.94" y="1124.64" z="56.179" radius="11.0" box_x="0.0" box_y="0.0" box_z="0.0" box_orientation="0.0" />
	<AreaTriggerEntry id="602" mapid="189" x="1687.57" y="1040.09" z="20.9829" radius="8.0" box_x="0.0" box_y="0.0" box_z="0.0" box_orientation="0.0" />
	<AreaTriggerEntry id="604" mapid="189" x="853.679" y="1308.1" z="19.6714" radius="8.0" box_x="0.0" box_y="0.0" box_z="0.0" box_orientation="0.0" />
	<AreaTriggerEntry id="606" mapid="189" x="1608.65" y="-308.97" z="20.7824" radius="8.0" box_x="0.0" box_y="0.0" box_z="0.0" box_orientation="0.0" />
	<AreaTriggerEntry id="608" mapid="189" x="253.601" y="-196.804" z="21.0385" radius="8.0" box_x="0.0" box_y="0.0" box_z="0.0" box_orientation="0.0" />
	<AreaTriggerEntry id="4089" mapid="189" x="864.623" y="1321.6" z="18.0683" radius="5.0" box_x="0.0" box_y="0.0" box_z="0.0" box_orientation="0.0" />
	<AreaTriggerEntry id="4261" mapid="189" x="1693.77" y="1053.34" z="18.725" radius="5.0" box_x="0.0" box_y="0.0" box_z="0.0" box_orientation="0.0" />
	<AreaTriggerEntry id="4262" mapid="189" x="1617.18" y="-323.432" z="18.6778" radius="5.0" box_x="0.0" box_y="0.0" box_z="0.0" box_orientation="0.0" />
	<AreaTriggerEntry id="4263" mapid="189" x="269.061" y="-211.903" z="19.201" radius="5.0" box_x="0.0" box_y="0.0" box_z="0.0" box_orientation="0.0" />
	<AreaTriggerEntry id="922" mapid="209" x="1190.35" y="840.587" z="13.4342" radius="20.0" box_x="0.0" box_y="0.0" box_z="0.0" box_orientation="0.0" />
	<AreaTriggerEntry id="962" mapid="209" x="1909.27" y="1015.11" z="11.5155" radius="10.0" box_x="0.0" box_y="0.0" box_z="0.0" box_orientation="0.0" />
	<AreaTriggerEntry id="1447" mapid="209" x="1811.05" y="700.976" z="15.294" radius="30.0" box_x="20.0" box_y="20.0" box_z="20.0" box_orientation="0.0" />
	<AreaTriggerEntry id="1470" mapid="229" x="73.5083" y="-215.044" z="52.3869" radius="10.0" box_x="0.0" box_y="0.0" box_z="0.0" box_orientation="0.0" />
	<AreaTriggerEntry id="1628" mapid="229" x="-78.5819" y="-401.395" z="38.9428" radius="20.0" box_x="0.0" box_y="0.0" box_z="0.0" box_orientation="0.0" />
	<AreaTriggerEntry id="1946" mapid="229" x="70.8611" y="-409.014" z="64.3477" radius="10.0" box_x="0.0" box_y="0.0" box_z="0.0" box_orientation="0.0" />
	<AreaTriggerEntry id="1986" mapid="229" x="91.0854" y="-408.374" z="64.3477" radius="10.0" box_x="0.0" box_y="0.0" box_z="0.0" box_orientation="0.0" />
	<AreaTriggerEntry id="1987" mapid="229" x="109.608" y="-415.698" z="64.3477" radius="10.0" box_x="0.3333" box_y="0.3333" box_z="0.3333" box_orientation="0.0" />
	<AreaTriggerEntry id="2026" mapid="229" x="153.763" y="-419.833" z="110.472" radius="20.0" box_x="0.0" box_y="0.0" box_z="0.0" box_orientation="0.0" />
	<AreaTriggerEntry id="2046" mapid="229" x="102.43" y="-319.167" z="65.4635" radius="10.0" box_x="0.0" box_y="0.0" box_z="0.0" box_orientation="0.0" />
	<AreaTriggerEntry id="2066" mapid="229" x="75.2622" y="-547.679" z="110.928" radius="30.0" box_x="0.0" box_y="0.0" box_z="0.0" box_orientation="0.0" />
	<AreaTriggerEntry id="2067" mapid="229" x="26.4583" y="-522.471" z="110.943" radius="15.0" box_x="0.0" box_y="0.0" box_z="0.0" box_orientation="0.0" />
	<AreaTriggerEntry id="2068" mapid="229" x="25.9285" y="-299.325" z="24.1095" radius="0.0" box_x="20.0" box_y="20.0" box_z="20.0" box_orientation="0.0" />
	<AreaTriggerEntry id="3726" mapid="229" x="178.729" y="-474.412" z="120.565" radius="0.0" box_x="3.806" box_y="7.917" box_z="7.889" box_orientation="0.0" />
	<AreaTriggerEntry id="1472" mapid="230" x="456.969" y="48.368" z="-65.2753" radius="12.0" box_x="0.0" box_y="0.0" box_z="0.0" box_orientation="0.0" />
	<AreaTriggerEntry id="1526" mapid="230" x="596.432" y="-188.498" z="-50.0" radius="8.0" box_x="0.0" box_y="0.0" box_z="0.0" box_orientation="0.0" />
	<AreaTriggerEntry id="1590" mapid="230" x="376.106" y="-191.242" z="-70.5449" radius="10.0" box_x="0.0" box_y="0.0" box_z="0.0" box_orientation="0.0" />
	<AreaTriggerEntry id="1686" mapid="230" x="319.974" y="-215.185" z="-77.9542" radius="10.0" box_x="0.0" box_y="0.0" box_z="0.0" box_orientation="0.0" />
	<AreaTriggerEntry id="1746" mapid="230" x="411.617" y="-201.646" z="-65.1446" radius="10.0" box_x="0.0" box_y="0.0" box_z="0.0" box_orientation="0.0" />
	<AreaTriggerEntry id="1786" mapid="230" x="690.518" y="-280.052" z="-43.1969" radius="7.0" box_x="0.0" box_y="0.0" box_z="0.0" box_orientation="0.0" />
	<AreaTriggerEntry id="1826" mapid="230" x="471.142" y="-9.34378" z="-69.7993" radius="10.0" box_x="0.0" box_y="0.0" box_z="0.0" box_orientation="0.0" />
	<AreaTriggerEntry id="1827" mapid="230" x="1380.15" y="-554.604" z="-89.643" radius="20.0" box_x="0.0" box_y="0.0" box_z="0.0" box_orientation="0.0" />
	<AreaTriggerEntry id="1828" mapid="230" x="497.399" y="13.2319" z="-70.1372" radius="10.0" box_x="0.0" box_y="0.0" box_z="0.0" box_orientation="0.0" />
	<AreaTriggerEntry id="1926" mapid="230" x="845.911" y="-317.369" z="-50.2868" radius="10.0" box_x="0.0" box_y="0.0" box_z="0.0" box_orientation="0.0" />
	<AreaTriggerEntry id="2886" mapid="230" x="1097.99" y="-466.494" z="-96.0719" radius="20.0" box_x="0.0" box_y="0.0" box_z="0.0" box_orientation="0.0" />
	<AreaTriggerEntry id="1064" mapid="249" x="29.2427" y="-22.1812" z="10.5272" radius="30.0" box_x="0.0" box_y="0.0" box_z="0.0" box_orientation="0.0" />
	<AreaTriggerEntry id="1626" mapid="269" x="3122.2" y="2324.64" z="-129.32" radius="70.0" box_x="0.0" box_y="0.0" box_z="0.0" box_orientation="0.0" />
	<AreaTriggerEntry id="1629" mapid="269" x="-2061.12" y="6635.97" z="-144.596" radius="70.0" box_x="0.0" box_y="0.0" box_z="0.0" box_orientation="0.0" />
	<AreaTriggerEntry id="2547" mapid="289" x="332.866" y="94.3108" z="92.2221" radius="0.0" box_x="8.194" box_y="38.44" box_z="60.42" box_orientation="0.0" />
	<AreaTriggerEntry id="2548" mapid="289" x="322.884" y="112.137" z="98.6726" radius="0.0" box_x="11.25" box_y="37.44" box_z="44.03" box_orientation="0.8029" />
	<AreaTriggerEntry id="2549" mapid="289" x="325.184" y="75.6181" z="93.8744" radius="0.0" box_x="9.694" box_y="31.42" box_z="54.17" box_orientation="5.236" />
	<AreaTriggerEntry id="2568" mapid="289" x="182.265" y="126.45" z="143.707" radius="0.0" box_x="12.33" box_y="8.889" box_z="16.39" box_orientation="0.0" />
	<AreaTriggerEntry id="3926" mapid="309" x="-11594.1" y="-1621.37" z="47.1446" radius="15.0" box_x="0.0" box_y="0.0" box_z="0.0" box_orientation="0.0" />
	<AreaTriggerEntry id="3930" mapid="309" x="-11917.0" y="-1221.0" z="97.5616" radius="10.0" box_x="0.0" box_y="0.0" box_z="0.0" box_orientation="0.0" />
	<AreaTriggerEntry id="3956" mapid="309" x="-11918.6" y="-1433.95" z="44.545" radius="15.0" box_x="0.0" box_y="0.0" box_z="0.0" box_orientation="0.0" />
	<AreaTriggerEntry id="3957" mapid="309" x="-11916.8" y="-1256.7" z="92.5434" radius="0.0" box_x="7.806" box_y="11.17" box_z="0.3333" box_orientation="0.0" />
	<AreaTriggerEntry id="3958" mapid="309" x="-11915.044" y="-1312.6764" z="77.501915" radius="10.0" box_x="0.2778" box_y="0.2778" box_z="0.2778" box_orientation="0.0" />
	<AreaTriggerEntry id="3959" mapid="309" x="-11945.688" y="-1597.6073" z="36.756897" radius="10.0" box_x="0.0" box_y="0.0" box_z="0.0" box_orientation="0.0" />
	<AreaTriggerEntry id="3960" mapid="309" x="-11788.9" y="-1595.06" z="36.9989" radius="10.0" box_x="0.0" box_y="0.0" box_z="0.0" box_orientation="0.0" />
	<AreaTriggerEntry id="3961" mapid="309" x="-11614.2" y="-1361.51" z="76.84" radius="15.0" box_x="0.0" box_y="0.0" box_z="0.0" box_orientation="0.0" />
	<AreaTriggerEntry id="3962" mapid="309" x="-11957.6" y="-1819.97" z="54.3114" radius="15.0" box_x="0.0" box_y="0.0" box_z="0.0" box_orientation="0.0" />
	<AreaTriggerEntry id="3963" mapid="309" x="-12112.9" y="-1794.63" z="80.4163" radius="15.0" box_x="0.0" box_y="0.0" box_z="0.0" box_orientation="0.0" />
	<AreaTriggerEntry id="3964" mapid="309" x="-11791.0" y="-1562.86" z="19.742" radius="10.0" box_x="0.0" box_y="0.0" box_z="0.0" box_orientation="0.0" />
	<AreaTriggerEntry id="3965" mapid="309" x="-11610.0" y="-1749.86" z="38.7342" radius="20.0" box_x="0.0" box_y="0.0" box_z="0.0" box_orientation="0.0" />
	<AreaTriggerEntry id="3966" mapid="309" x="-12072.3" y="-1479.05" z="106.495" radius="10.0" box_x="0.0" box_y="0.0" box_z="0.0" box_orientation="0.0" />
	<AreaTriggerEntry id="2187" mapid="329" x="3673.6" y="-3633.87" z="139.943" radius="5.0" box_x="0.0" box_y="0.0" box_z="0.0" box_orientation="0.0" />
	<AreaTriggerEntry id="2209" mapid="329" x="3665.11" y="-3164.96" z="127.224" radius="10.0" box_x="0.0" box_y="0.0" box_z="0.0" box_orientation="0.0" />
	<AreaTriggerEntry id="2210" mapid="329" x="3663.95" y="-3164.27" z="127.361" radius="10.0" box_x="0.0" box_y="0.0" box_z="0.0" box_orientation="0.0" />
	<AreaTriggerEntry id="2221" mapid="329" x="3584.78" y="-3632.05" z="142.118" radius="10.0" box_x="9.778" box_y="17.94" box_z="27.92" box_orientation="0.0" />
	<AreaTriggerEntry id="3126" mapid="349" x="756.878" y="-633.96" z="-32.8191" radius="0.0" box_x="15.94" box_y="26.44" box_z="44.14" box_orientation="1.641" />
	<AreaTriggerEntry id="3131" mapid="349" x="1005.02" y="-460.539" z="-43.2507" radius="0.0" box_x="10.14" box_y="31.42" box_z="23.42" box_orientation="0.01745" />
	<AreaTriggerEntry id="2166" mapid="369" x="76.027" y="10.5043" z="-4.29659" radius="0.0" box_x="9.417" box_y="19.0" box_z="20.64" box_orientation="0.0" />
	<AreaTriggerEntry id="2171" mapid="369" x="80.1633" y="2490.88" z="-1.85693" radius="10.0" box_x="0.0" box_y="0.0" box_z="0.0" box_orientation="0.0" />
	<AreaTriggerEntry id="2226" mapid="389" x="2.58019" y="-0.013587" z="-13.3668" radius="0.0" box_x="30.69" box_y="12.19" box_z="25.56" box_orientation="0.0" />
	<AreaTriggerEntry id="2890" mapid="409" x="1115.22" y="-462.959" z="-95.0148" radius="20.0" box_x="0.0" box_y="0.0" box_z="0.0" box_orientation="0.0" />
	<AreaTriggerEntry id="3190" mapid="429" x="-55.9658" y="159.867" z="-3.46206" radius="0.0" box_x="7.222" box_y="10.08" box_z="19.56" box_orientation="0.0" />
	<AreaTriggerEntry id="3191" mapid="429" x="24.5609" y="159.45" z="-3.46677" radius="0.0" box_x="7.694" box_y="9.694" box_z="21.61" box_orientation="0.0" />
	<AreaTriggerEntry id="3193" mapid="429" x="255.249" y="-9.05606" z="-2.58737" radius="0.0" box_x="8.333" box_y="8.583" box_z="20.72" box_orientation="0.0" />
	<AreaTriggerEntry id="3194" mapid="429" x="37.4499" y="-154.822" z="-2.71201" radius="0.0" box_x="8.917" box_y="9.167" box_z="19.44" box_orientation="0.0" />
	<AreaTriggerEntry id="3195" mapid="429" x="-202.664" y="-314.876" z="-2.72353" radius="0.0" box_x="9.806" box_y="10.17" box_z="17.44" box_orientation="0.0" />
	<AreaTriggerEntry id="3196" mapid="429" x="4.31119" y="-837.085" z="-33.0405" radius="0.0" box_x="6.167" box_y="11.44" box_z="22.94" box_orientation="0.0" />
	<AreaTriggerEntry id="3197" mapid="429" x="194.351" y="-240.821" z="-25.6307" radius="0.0" box_x="12.86" box_y="8.333" box_z="25.33" box_orientation="1.117" />
	<AreaTriggerEntry id="3506" mapid="429" x="580.754" y="487.506" z="29.4641" radius="8.0" box_x="17.0" box_y="17.0" box_z="17.0" box_orientation="0.0" />
	<AreaTriggerEntry id="3507" mapid="429" x="580.657" y="475.885" z="29.4641" radius="8.0" box_x="0.0" box_y="0.0" box_z="0.0" box_orientation="0.0" />
	<AreaTriggerEntry id="3508" mapid="429" x="592.507" y="486.31" z="29.4641" radius="8.0" box_x="0.0" box_y="0.0" box_z="0.0" box_orientation="0.0" />
	<AreaTriggerEntry id="3509" mapid="429" x="591.92" y="476.404" z="29.4641" radius="8.0" box_x="0.0" box_y="0.0" box_z="0.0" box_orientation="0.0" />
	<AreaTriggerEntry id="2534" mapid="449" x="-0.199573" y="-1.59112" z="-0.255884" radius="0.0" box_x="4.806" box_y="4.861" box_z="8.25" box_orientation="0.0" />
	<AreaTriggerEntry id="2530" mapid="450" x="215.194" y="71.157" z="30.1276" radius="0.0" box_x="10.0" box_y="10.0" box_z="10.0" box_orientation="3.595" />
	<AreaTriggerEntry id="2416" mapid="451" x="16304.2" y="16318.1" z="69.4444" radius="0.0" box_x="22.81" box_y="7.639" box_z="25.64" box_orientation="2.601" />
	<AreaTriggerEntry id="2426" mapid="469" x="-7474.01" y="-1286.34" z="431.304" radius="0.0" box_x="181.8" box_y="234.7" box_z="63.94" box_orientation="5.323" />
	<AreaTriggerEntry id="2427" mapid="469" x="-7375.32" y="-1240.14" z="494.28" radius="0.0" box_x="53.86" box_y="189.9" box_z="77.06" box_orientation="0.733" />
	<AreaTriggerEntry id="2428" mapid="469" x="-7568.4" y="-1375.66" z="468.508" radius="0.0" box_x="225.3" box_y="75.97" box_z="132.2" box_orientation="5.341" />
	<AreaTriggerEntry id="2429" mapid="469" x="-7412.97" y="-1371.59" z="413.426" radius="0.0" box_x="243.3" box_y="72.94" box_z="245.9" box_orientation="3.787" />
	<AreaTriggerEntry id="3626" mapid="469" x="-7529.1" y="-1007.19" z="408.565" radius="10.0" box_x="0.0" box_y="0.0" box_z="0.0" box_orientation="0.0" />
	<AreaTriggerEntry id="3728" mapid="469" x="-7676.11" y="-1109.71" z="399.123" radius="0.0" box_x="2.472" box_y="8.694" box_z="5.083" box_orientation="3.752" />
	<AreaTriggerEntry id="3646" mapid="489" x="1539.89" y="1481.36" z="352.659" radius="5.0" box_x="0.3333" box_y="0.3333" box_z="0.3333" box_orientation="0.0" />
	<AreaTriggerEntry id="3647" mapid="489" x="918.496" y="1434.04" z="346.054" radius="5.0" box_x="0.3333" box_y="0.3333" box_z="0.3333" box_orientation="0.0" />
	<AreaTriggerEntry id="3649" mapid="489" x="1532.0667" y="1151.6667" z="373.975" radius="10.0" box_x="0.0" box_y="0.0" box_z="0.0" box_orientation="0.0" />
	<AreaTriggerEntry id="3669" mapid="489" x="1009.1667" y="1290.7667" z="346.961" radius="0.0" box_x="5.083" box_y="5.833" box_z="5.194" box_orientation="3.648" />
	<AreaTriggerEntry id="3671" mapid="489" x="1456.4677" y="1628.4677" z="360.352" radius="0.0" box_x="6.444" box_y="4.833" box_z="11.44" box_orientation="0.8727" />
	<AreaTriggerEntry id="3686" mapid="489" x="1449.7667" y="1470.5667" z="342.625" radius="4.0" box_x="0.3333" box_y="0.3333" box_z="0.3333" box_orientation="0.0" />
	<AreaTriggerEntry id="3687" mapid="489" x="1005.2667" y="1447.2667" z="335.893" radius="4.0" box_x="0.3333" box_y="0.3333" box_z="0.3333" box_orientation="0.0" />
	<AreaTriggerEntry id="3688" mapid="489" x="1125.2267" y="1541.5007" z="307.3925" radius="0.0" box_x="0.2778" box_y="0.2778" box_z="0.2778" box_orientation="0.0" />
	<AreaTriggerEntry id="3706" mapid="489" x="1316.9667" y="1550.9677" z="313.234" radius="4.0" box_x="0.2778" box_y="0.2778" box_z="0.2778" box_orientation="0.0" />
	<AreaTriggerEntry id="3707" mapid="489" x="1319.7667" y="1378.6667" z="314.753" radius="4.0" box_x="0.2778" box_y="0.2778" box_z="0.2778" box_orientation="0.0" />
	<AreaTriggerEntry id="3708" mapid="489" x="1112.64" y="1351.11" z="316.619" radius="4.0" box_x="0.2778" box_y="0.2778" box_z="0.2778" box_orientation="0.0" />
	<AreaTriggerEntry id="3709" mapid="489" x="1140.0667" y="1560.7667" z="306.824" radius="4.0" box_x="0.0" box_y="0.0" box_z="0.0" box_orientation="0.0" />
	<AreaTriggerEntry id="4006" mapid="509" x="-8419.58" y="1504.28" z="31.7356" radius="0.0" box_x="18.0" box_y="41.81" box_z="40.5" box_orientation="5.794" />
	<AreaTriggerEntry id="3866" mapid="529" x="1185.45" y="1184.71" z="-56.3633" radius="4.0" box_x="0.0" box_y="0.0" box_z="0.0" box_orientation="0.0" />
	<AreaTriggerEntry id="3867" mapid="529" x="817.939" y="842.369" z="-56.5406" radius="4.0" box_x="0.0" box_y="0.0" box_z="0.0" box_orientation="0.0" />
	<AreaTriggerEntry id="3868" mapid="529" x="809.0077" y="1185.2775" z="11.921605" radius="4.0" box_x="0.0" box_y="0.0" box_z="0.0" box_orientation="0.0" />
	<AreaTriggerEntry id="3869" mapid="529" x="1147.01" y="816.854" z="-98.399" radius="5.0" box_x="0.0" box_y="0.0" box_z="0.0" box_orientation="0.0" />
	<AreaTriggerEntry id="3870" mapid="529" x="989.852" y="1009.16" z="-42.6033" radius="4.0" box_x="0.0" box_y="0.0" box_z="0.0" box_orientation="0.0" />
	<AreaTriggerEntry id="3948" mapid="529" x="1394.36" y="1303.64" z="-8.02586" radius="0.0" box_x="7.306" box_y="16.89" box_z="17.64" box_orientation="0.3665" />
	<AreaTriggerEntry id="3949" mapid="529" x="627.192" y="699.957" z="-11.9921" radius="0.0" box_x="7.889" box_y="14.22" box_z="17.28" box_orientation="3.334" />
	<AreaTriggerEntry id="4020" mapid="529" x="1313.93" y="1310.77" z="-7.70487" radius="0.0" box_x="6.333" box_y="6.361" box_z="7.583" box_orientation="0.0" />
	<AreaTriggerEntry id="4021" mapid="529" x="683.961" y="681.23" z="-12.9158" radius="0.0" box_x="5.472" box_y="5.5" box_z="4.722" box_orientation="0.0" />
	<AreaTriggerEntry id="4012" mapid="531" x="-8231.33" y="2003.6" z="129.861" radius="0.0" box_x="38.89" box_y="10.31" box_z="81.64" box_orientation="5.655" />
	<AreaTriggerEntry id="4033" mapid="531" x="-8546.23" y="1987.65" z="-96.5207" radius="5.0" box_x="0.0" box_y="0.0" box_z="0.0" box_orientation="0.0" />
	<AreaTriggerEntry id="4034" mapid="531" x="-8545.679" y="1987.7014" z="-32.939228" radius="15.0" box_x="0.0" box_y="0.0" box_z="0.0" box_orientation="0.0" />
	<AreaTriggerEntry id="4036" mapid="531" x="-8578.0" y="1986.8" z="100.22" radius="7.0" box_x="0.0" box_y="0.0" box_z="0.0" box_orientation="0.0" />
	<AreaTriggerEntry id="4047" mapid="531" x="-8967.96" y="1312.62" z="-104.696" radius="20.0" box_x="0.2778" box_y="0.2778" box_z="0.2778" box_orientation="0.0" />
	<AreaTriggerEntry id="4052" mapid="531" x="-8176.83" y="1673.37" z="-32.2183" radius="0.0" box_x="19.42" box_y="48.11" box_z="26.42" box_orientation="6.091" />
	<AreaTriggerEntry id="4086" mapid="533" x="3292.7385" y="-3151.5906" z="297.56873" radius="10.0" box_x="0.0" box_y="0.0" box_z="0.0" box_orientation="0.0" />
	<AreaTriggerEntry id="4087" mapid="533" x="3291.107" y="-3151.295" z="297.58035" radius="100.0" box_x="0.0" box_y="0.0" box_z="0.0" box_orientation="0.0" />
	<AreaTriggerEntry id="4088" mapid="533" x="3321.29" y="-3119.88" z="297.57" radius="90.0" box_x="0.0" box_y="0.0" box_z="0.0" box_orientation="0.0" />
	<AreaTriggerEntry id="4097" mapid="533" x="3320.9355" y="-3119.1218" z="297.5734" radius="100.0" box_x="0.0" box_y="0.0" box_z="0.0" box_orientation="0.0" />
	<AreaTriggerEntry id="4112" mapid="533" x="3716.38" y="-5106.78" z="141.29" radius="10.0" box_x="0.0" box_y="0.0" box_z="0.0" box_orientation="0.0" />
	<AreaTriggerEntry id="4113" mapid="533" x="3432.81" y="-3007.21" z="295.609" radius="10.0" box_x="0.0" box_y="0.0" box_z="0.0" box_orientation="0.0" />
	<AreaTriggerEntry id="4114" mapid="533" x="3432.3" y="-3007.28" z="295.609" radius="10.0" box_x="0.0" box_y="0.0" box_z="0.0" box_orientation="0.0" />
	<AreaTriggerEntry id="4115" mapid="533" x="3322.74" y="-3700.38" z="262.701" radius="20.0" box_x="0.0" box_y="0.0" box_z="0.0" box_orientation="0.0" />
	<AreaTriggerEntry id="4116" mapid="533" x="2740.0" y="-3383.42" z="267.685" radius="10.0" box_x="0.0" box_y="0.0" box_z="0.0" box_orientation="0.0" />
	<AreaTriggerEntry id="4117" mapid="533" x="2917.03" y="-3344.55" z="298.146" radius="12.0" box_x="0.0" box_y="0.0" box_z="0.0" box_orientation="0.0" />
	<AreaTriggerEntry id="4119" mapid="533" x="3214.34" y="-3476.68" z="287.072" radius="10.0" box_x="0.0" box_y="0.0" box_z="0.0" box_orientation="0.0" />
	<AreaTriggerEntry id="4120" mapid="533" x="3493.45" y="-5375.38" z="138.168" radius="50.0" box_x="0.0" box_y="0.0" box_z="0.0" box_orientation="0.0" />
	<AreaTriggerEntry id="4156" mapid="533" x="3006.09" y="-3434.17" z="306.195" radius="6.0" box_x="0.2778" box_y="0.2778" box_z="0.2778" box_orientation="0.0" />
	<AreaTriggerEntry id="4158" mapid="533" x="3754.55" y="-5115.36" z="142.435" radius="0.0" box_x="30.72" box_y="19.22" box_z="16.89" box_orientation="6.074" />
	<AreaTriggerEntry id="4163" mapid="533" x="3320.73" y="-3115.07" z="297.609" radius="100.0" box_x="0.2778" box_y="0.2778" box_z="0.2778" box_orientation="0.0" />
	<AreaTriggerEntry id="4166" mapid="533" x="3310.2236" y="-2990.238" z="294.66058" radius="100.0" box_x="0.2778" box_y="0.2778" box_z="0.2778" box_orientation="0.0" />
	<AreaTriggerEntry id="4167" mapid="533" x="3498.16" y="-5349.03" z="144.968" radius="50.0" box_x="0.0" box_y="0.0" box_z="0.0" box_orientation="0.0" />
	<AreaTriggerEntry id="4177" mapid="533" x="2661.04" y="-3467.17" z="262.142" radius="90.0" box_x="0.0" box_y="0.0" box_z="0.0" box_orientation="0.0" />
	<AreaTriggerEntry id="4180" mapid="533" x="3374.043" y="-3059.2544" z="294.6623" radius="0.0" box_x="26.61" box_y="41.94" box_z="41.89" box_orientation="0.0" />
	<AreaTriggerEntry id="4184" mapid="533" x="2797.8376" y="-3670.5972" z="273.66946" radius="6.0" box_x="0.2778" box_y="0.2778" box_z="0.2778" box_orientation="0.0" />
</AreaTriggerEntryList>