<?xml version="1.0" encoding="UTF-8" standalone="yes"?>
<BankBagSlotPricesEntryList>
	<BankBagSlotPricesEntry id="1" price="1000" />
	<BankBagSlotPricesEntry id="2" price="10000" />
	<BankBagSlotPricesEntry id="3" price="100000" />
	<BankBagSlotPricesEntry id="4" price="250000" />
	<BankBagSlotPricesEntry id="5" price="500000" />
	<BankBagSlotPricesEntry id="6" price="1000000" />
	<BankBagSlotPricesEntry id="7" price="999999999" />
	<BankBagSlotPricesEntry id="8" price="999999999" />
	<BankBagSlotPricesEntry id="9" price="999999999" />
	<BankBagSlotPricesEntry id="10" price="999999999" />
	<BankBagSlotPricesEntry id="11" price="999999999" />
	<BankBagSlotPricesEntry id="12" price="999999999" />
</BankBagSlotPricesEntryList>