<?xml version="1.0" encoding="UTF-8" standalone="yes"?>
<ChrClassesEntryList>
	<ChrClassesEntry ClassID="1" powerType="0" type="PET" name="PET" nameFemale="PET" nameNeutralGender="PET" capName="PET" spellfamily="0" flags2="0" CinematicSequence="0" expansion="0" />
	<ChrClassesEntry ClassID="2" powerType="0" name="PET" nameFemale="PET" nameNeutralGender="PET" capName="PET" spellfamily="0" flags2="0" CinematicSequence="0" expansion="0" />
	<ChrClassesEntry ClassID="3" powerType="1" name="PET" nameFemale="PET" nameNeutralGender="PET" capName="PET" spellfamily="0" flags2="0" CinematicSequence="0" expansion="0" />
	<ChrClassesEntry ClassID="4" powerType="1" type="T" name="PET" nameFemale="PET" nameNeutralGender="PET" capName="PET" spellfamily="0" flags2="0" CinematicSequence="0" expansion="0" />
	<ChrClassesEntry ClassID="5" powerType="0" name="PET" nameFemale="PET" nameNeutralGender="PET" capName="DEMON" spellfamily="0" flags2="0" CinematicSequence="0" expansion="0" />
	<ChrClassesEntry ClassID="7" powerType="0" name="PET" nameFemale="PET" nameNeutralGender="DEMON" capName="PET" spellfamily="0" flags2="0" CinematicSequence="0" expansion="0" />
	<ChrClassesEntry ClassID="8" powerType="0" name="PET" nameFemale="DEMON" nameNeutralGender="PET" capName="-375153435" spellfamily="-1545236054" flags2="1095762091" CinematicSequence="1229209932" />
	<ChrClassesEntry ClassID="9" powerType="0" name="DEMON" nameFemale="PET" nameNeutralGender="12095461" capName="1296123987" spellfamily="-436187583" flags2="-1192913485" />
	<ChrClassesEntry ClassID="11" powerType="0" name="PET" />
</ChrClassesEntryList>