<?xml version="1.0" encoding="UTF-8" standalone="yes"?>
<ChrRacesEntryList>
	<ChrRacesEntry RaceID="1" FactionID="1" modelMale="49" modelFemale="50" TeamID="1065353216" CinematicSequence="15007" name="u" nameFemale="u" expansion="836" />
	<ChrRacesEntry RaceID="2" FactionID="2" modelMale="51" modelFemale="52" TeamID="1066192077" CinematicSequence="15007" nameNeutralGender="836" />
	<ChrRacesEntry RaceID="3" FactionID="3" modelMale="53" modelFemale="54" TeamID="1065353216" CinematicSequence="15007" name="S" nameFemale="Human" expansion="836" />
	<ChrRacesEntry RaceID="4" FactionID="4" modelMale="55" modelFemale="56" TeamID="1067030938" CinematicSequence="15007" name="uman" nameNeutralGender="836" />
	<ChrRacesEntry RaceID="5" FactionID="5" modelMale="57" modelFemale="58" TeamID="1065353216" CinematicSequence="15007" name="man" nameNeutralGender="836" />
	<ChrRacesEntry RaceID="6" FactionID="6" modelMale="59" modelFemale="60" TeamID="1061158912" CinematicSequence="15007" nameNeutralGender="836" />
	<ChrRacesEntry RaceID="7" FactionID="115" modelMale="1563" modelFemale="1564" TeamID="1061997773" CinematicSequence="15007" name="S" nameFemale="FEATURES" expansion="836" />
	<ChrRacesEntry RaceID="8" FactionID="116" modelMale="1478" modelFemale="1479" TeamID="1065353216" CinematicSequence="15007" name="Hu" nameNeutralGender="-1115298560" />
	<ChrRacesEntry RaceID="9" FactionID="1" modelMale="1140" modelFemale="1140" TeamID="1065353216" CinematicSequence="15007" name="" nameFemale="1191210567" />
</ChrRacesEntryList>