<?xml version="1.0" encoding="UTF-8" standalone="yes"?>
<CreatureModelDataEntryList>
	<CreatureModelDataEntry Id="1" Flags="10" ModelPath="Creature\Basilisk\Basilisk.mdx" ModelPathAlt="1" />
	<CreatureModelDataEntry Id="2" Flags="2" ModelPath="Creature\BogBeast\BogBeast.mdx" ModelPathAlt="1" />
	<CreatureModelDataEntry Id="3" Flags="2" ModelPath="Creature\Centaur\Centaur.mdx" ModelPathAlt="1" />
	<CreatureModelDataEntry Id="4" Flags="2" ModelPath="Creature\CrystalSpider\CrystalSpider.mdx" ModelPathAlt="1" />
	<CreatureModelDataEntry Id="5" Flags="2" ModelPath="Creature\DarkHound\DarkHound.mdx" ModelPathAlt="1" />
	<CreatureModelDataEntry Id="6" Flags="9" ModelPath="Creature\DragonWhelp\DragonWhelp.mdx" ModelPathAlt="0" />
	<CreatureModelDataEntry Id="8" Flags="0" ModelPath="Creature\furbolg\Furbolg.mdx" ModelPathAlt="1" />
	<CreatureModelDataEntry Id="9" Flags="3" ModelPath="Creature\Ghost\Ghost.mdx" ModelPathAlt="1" />
	<CreatureModelDataEntry Id="10" Flags="0" ModelPath="Creature\Gnoll\gnoll.mdx" ModelPathAlt="1" />
	<CreatureModelDataEntry Id="11" Flags="0" ModelPath="Creature\Grell\Grell.mdx" ModelPathAlt="0" />
	<CreatureModelDataEntry Id="12" Flags="1" ModelPath="Creature\Harpy\Harpy.mdx" ModelPathAlt="1" />
	<CreatureModelDataEntry Id="13" Flags="0" ModelPath="Creature\HUFMCitizenLow\HUFMCitizenLow.mdx" ModelPathAlt="1" />
	<CreatureModelDataEntry Id="14" Flags="0" ModelPath="Creature\HUFMCitizenMid\HUFMCitizenMid.mdx" ModelPathAlt="1" />
	<CreatureModelDataEntry Id="15" Flags="0" ModelPath="Creature\HUFMMerchant\HUFMMerchant.mdx" ModelPathAlt="1" />
	<CreatureModelDataEntry Id="16" Flags="0" ModelPath="Creature\HumanThief\HumanThief.mdx" ModelPathAlt="1" />
	<CreatureModelDataEntry Id="17" Flags="0" ModelPath="Creature\HUMLBlackSmith\HUMLBlackSmith.mdx" ModelPathAlt="1" />
	<CreatureModelDataEntry Id="18" Flags="0" ModelPath="Creature\HUMLMagicSmith\HUMLMagicSmith.mdx" ModelPathAlt="1" />
	<CreatureModelDataEntry Id="19" Flags="0" ModelPath="Creature\HUMLMerchant\HUMLMerchant.mdx" ModelPathAlt="1" />
	<CreatureModelDataEntry Id="20" Flags="0" ModelPath="Creature\HUMLUpperCitizen\HUMLUpperCitizen.mdx" ModelPathAlt="1" />
	<CreatureModelDataEntry Id="21" Flags="0" ModelPath="Creature\HUMNGuardBig\HUMNGuardBig.mdx" ModelPathAlt="1" />
	<CreatureModelDataEntry Id="22" Flags="0" ModelPath="Creature\HUMSCitizenMid\HUMSCitizenMid.mdx" ModelPathAlt="1" />
	<CreatureModelDataEntry Id="23" Flags="0" ModelPath="Creature\HUMSMerchant\HUMSMerchant.mdx" ModelPathAlt="1" />
	<CreatureModelDataEntry Id="24" Flags="2" ModelPath="Creature\Infernal\Infernal.mdx" ModelPathAlt="1" />
	<CreatureModelDataEntry Id="25" Flags="0" ModelPath="Creature\KeeperOfTheGrove\KeeperOfTheGrove.mdx" ModelPathAlt="1" />
	<CreatureModelDataEntry Id="26" Flags="0" ModelPath="Creature\Kobold\Kobold.mdx" ModelPathAlt="0" />
	<CreatureModelDataEntry Id="27" Flags="0" ModelPath="Creature\Kodobeast\KodoBeast.mdx" ModelPathAlt="3" />
	<CreatureModelDataEntry Id="28" Flags="2" ModelPath="Creature\LavaSpider\LavaSpider.mdx" ModelPathAlt="1" />
	<CreatureModelDataEntry Id="29" Flags="0" ModelPath="Creature\LostOne\LostOne.mdx" ModelPathAlt="1" />
	<CreatureModelDataEntry Id="30" Flags="2" ModelPath="Creature\MineSpider\MineSpider.mdx" ModelPathAlt="1" />
	<CreatureModelDataEntry Id="31" Flags="0" ModelPath="Creature\Murloc\Murloc.mdx" ModelPathAlt="1" />
	<CreatureModelDataEntry Id="32" Flags="0" ModelPath="Creature\Ogre\Ogre.mdx" ModelPathAlt="3" />
	<CreatureModelDataEntry Id="33" Flags="8" ModelPath="Creature\Ogre\OgreMage.mdx" ModelPathAlt="3" />
	<CreatureModelDataEntry Id="34" Flags="0" ModelPath="Creature\Raptor\Raptor.mdx" ModelPathAlt="1" />
	<CreatureModelDataEntry Id="35" Flags="2" ModelPath="Creature\SeaGiant\SeaGiant.mdx" ModelPathAlt="4" />
	<CreatureModelDataEntry Id="36" Flags="1" ModelPath="Creature\SILITHID\Silithid.mdx" ModelPathAlt="1" />
	<CreatureModelDataEntry Id="37" Flags="2" ModelPath="Creature\Succubus\Succubus.mdx" ModelPathAlt="1" />
	<CreatureModelDataEntry Id="38" Flags="2" ModelPath="Creature\Tallstrider\TallStrider.mdx" ModelPathAlt="1" />
	<CreatureModelDataEntry Id="39" Flags="2" ModelPath="Creature\TitanFemale\TitanFemale.mdx" ModelPathAlt="4" />
	<CreatureModelDataEntry Id="40" Flags="2" ModelPath="Creature\TitanMale\TitanMale.mdx" ModelPathAlt="3" />
	<CreatureModelDataEntry Id="41" Flags="0" ModelPath="Creature\Troglodyte\Troglodyte.mdx" ModelPathAlt="1" />
	<CreatureModelDataEntry Id="42" Flags="0" ModelPath="Creature\Troll\Troll.mdx" ModelPathAlt="1" />
	<CreatureModelDataEntry Id="43" Flags="0" ModelPath="Creature\Wolf\Wolf.mdx" ModelPathAlt="1" />
	<CreatureModelDataEntry Id="44" Flags="0" ModelPath="Creature\Worgen\Worgen.mdx" ModelPathAlt="1" />
	<CreatureModelDataEntry Id="45" Flags="2" ModelPath="Creature\Ghoul\Ghoul.mdx" ModelPathAlt="1" />
	<CreatureModelDataEntry Id="47" Flags="0" ModelPath="Creature\DragonSpawn\DragonSpawn.mdx" ModelPathAlt="1" />
	<CreatureModelDataEntry Id="49" Flags="4" ModelPath="Character\Human\Male\HumanMale.mdx" ModelPathAlt="1" />
	<CreatureModelDataEntry Id="50" Flags="4" ModelPath="Character\Human\Female\HumanFemale.mdx" ModelPathAlt="1" />
	<CreatureModelDataEntry Id="51" Flags="4" ModelPath="Character\Orc\Male\OrcMale.mdx" ModelPathAlt="1" />
	<CreatureModelDataEntry Id="52" Flags="4" ModelPath="Character\Orc\Female\OrcFemale.mdx" ModelPathAlt="1" />
	<CreatureModelDataEntry Id="53" Flags="4" ModelPath="Character\Dwarf\Male\DwarfMale.mdx" ModelPathAlt="1" />
	<CreatureModelDataEntry Id="54" Flags="4" ModelPath="Character\Dwarf\Female\DwarfFemale.mdx" ModelPathAlt="1" />
	<CreatureModelDataEntry Id="55" Flags="4" ModelPath="Character\NightElf\Male\NightElfMale.mdx" ModelPathAlt="1" />
	<CreatureModelDataEntry Id="56" Flags="4" ModelPath="Character\NightElf\Female\NightElfFemale.mdx" ModelPathAlt="1" />
	<CreatureModelDataEntry Id="57" Flags="4" ModelPath="Character\Scourge\Male\ScourgeMale.mdx" ModelPathAlt="1" />
	<CreatureModelDataEntry Id="58" Flags="4" ModelPath="Character\Scourge\Female\ScourgeFemale.mdx" ModelPathAlt="1" />
	<CreatureModelDataEntry Id="59" Flags="4" ModelPath="Character\Tauren\Male\TaurenMale.mdx" ModelPathAlt="1" />
	<CreatureModelDataEntry Id="60" Flags="4" ModelPath="Character\Tauren\Female\TaurenFemale.mdx" ModelPathAlt="1" />
	<CreatureModelDataEntry Id="61" Flags="10" ModelPath="Creature\CarrionBird\CarrionBird.mdx" ModelPathAlt="0" />
	<CreatureModelDataEntry Id="62" Flags="8" ModelPath="Creature\Hydra\Hydra.mdx" ModelPathAlt="3" />
	<CreatureModelDataEntry Id="63" Flags="2" ModelPath="Creature\Tarantula\Tarantula.mdx" ModelPathAlt="1" />
	<CreatureModelDataEntry Id="64" Flags="2" ModelPath="SoundTest.mdx" ModelPathAlt="1" />
	<CreatureModelDataEntry Id="65" Flags="0" ModelPath="Creature\Horse\Horse.mdx" ModelPathAlt="1" />
	<CreatureModelDataEntry Id="66" Flags="0" ModelPath="Creature\Boar\Boar.mdx" ModelPathAlt="0" />
	<CreatureModelDataEntry Id="67" Flags="0" ModelPath="Creature\AncientProtector\AncientProtector.mdx" ModelPathAlt="3" />
	<CreatureModelDataEntry Id="68" Flags="0" ModelPath="Creature\DoomGuard\DoomGuard.mdx" ModelPathAlt="1" />
	<CreatureModelDataEntry Id="69" Flags="3" ModelPath="Creature\ElementalEarth\ElementalEarth.mdx" ModelPathAlt="1" />
	<CreatureModelDataEntry Id="70" Flags="2" ModelPath="Creature\Skeleton\Skeleton.mdx" ModelPathAlt="1" />
	<CreatureModelDataEntry Id="71" Flags="2" ModelPath="Creature\GolemHarvest\GolemHarvest.mdx" ModelPathAlt="1" />
	<CreatureModelDataEntry Id="72" Flags="2" ModelPath="Creature\GolemHarvestStage2\GolemHarvestStage2.mdx" ModelPathAlt="1" />
	<CreatureModelDataEntry Id="73" Flags="1" ModelPath="Creature\DireWolf\DireWolf.mdx" ModelPathAlt="1" />
	<CreatureModelDataEntry Id="74" Flags="0" ModelPath="Creature\HumanMalePeasant\HumanMalePeasant.mdx" ModelPathAlt="1" />
	<CreatureModelDataEntry Id="75" Flags="1" ModelPath="Creature\WindSerpent\WindSerpent.mdx" ModelPathAlt="2" />
	<CreatureModelDataEntry Id="76" Flags="9" ModelPath="Creature\Frenzy\Frenzy.mdx" ModelPathAlt="1" />
	<CreatureModelDataEntry Id="77" Flags="0" ModelPath="Creature\Dryad\Dryad.mdx" ModelPathAlt="1" />
	<CreatureModelDataEntry Id="78" Flags="0" ModelPath="Creature\Satyr\Satyr.mdx" ModelPathAlt="1" />
	<CreatureModelDataEntry Id="79" Flags="0" ModelPath="Creature\HumanMaleKid\HumanMaleKid.mdx" ModelPathAlt="1" />
	<CreatureModelDataEntry Id="80" Flags="0" ModelPath="Creature\HumanFemaleKid\HumanFemaleKid.mdx" ModelPathAlt="1" />
	<CreatureModelDataEntry Id="81" Flags="3" ModelPath="Creature\Slime\Slime.mdx" ModelPathAlt="1" />
	<CreatureModelDataEntry Id="82" Flags="0" ModelPath="Creature\Tiger\Tiger.mdx" ModelPathAlt="1" />
	<CreatureModelDataEntry Id="83" Flags="8" ModelPath="Creature\bear\Bear.mdx" ModelPathAlt="1" />
	<CreatureModelDataEntry Id="84" Flags="2" ModelPath="Creature\GolemStone\GolemStone.mdx" ModelPathAlt="1" />
	<CreatureModelDataEntry Id="85" Flags="1" ModelPath="Creature\Wyvern\Wyvern.mdx" ModelPathAlt="1" />
	<CreatureModelDataEntry Id="86" Flags="0" ModelPath="Creature\HumanMalePeasant\HumanMalePeasantAxe.mdx" ModelPathAlt="1" />
	<CreatureModelDataEntry Id="87" Flags="0" ModelPath="Creature\HumanMalePeasant\HumanMalePeasantGold.mdx" ModelPathAlt="1" />
	<CreatureModelDataEntry Id="88" Flags="0" ModelPath="Creature\HumanMalePeasant\HumanMalePeasantPick.mdx" ModelPathAlt="1" />
	<CreatureModelDataEntry Id="89" Flags="0" ModelPath="Creature\HumanMalePeasant\HumanMalePeasantWood.mdx" ModelPathAlt="1" />
	<CreatureModelDataEntry Id="90" Flags="9" ModelPath="Creature\Hippogryph\Hippogryph.mdx" ModelPathAlt="2" />
	<CreatureModelDataEntry Id="91" Flags="1" ModelPath="Creature\SilithidTank\SilithidTank.mdx" ModelPathAlt="1" />
	<CreatureModelDataEntry Id="92" Flags="3" ModelPath="Creature\Silithidwasp\SilithidWasp.mdx" ModelPathAlt="1" />
	<CreatureModelDataEntry Id="93" Flags="0" ModelPath="Creature\HumanFemaleBlacksmith\HumanFemaleBlacksmith.mdx" ModelPathAlt="1" />
	<CreatureModelDataEntry Id="94" Flags="0" ModelPath="Creature\HumanFemaleFarmer\HumanFemaleFarmer.mdx" ModelPathAlt="1" />
	<CreatureModelDataEntry Id="95" Flags="0" ModelPath="Creature\HumanFemaleMerchantFat\HumanFemaleMerchantFat.mdx" ModelPathAlt="1" />
	<CreatureModelDataEntry Id="96" Flags="0" ModelPath="Creature\HumanFemaleMerchantThin\HumanFemaleMerchantThin.mdx" ModelPathAlt="1" />
	<CreatureModelDataEntry Id="97" Flags="0" ModelPath="Creature\HumanFemalePeasant\HumanFemalePeasant.mdx" ModelPathAlt="1" />
	<CreatureModelDataEntry Id="98" Flags="0" ModelPath="Creature\HumanFemaleWarriorHeavy\HumanFemaleWarriorHeavy.mdx" ModelPathAlt="1" />
	<CreatureModelDataEntry Id="99" Flags="0" ModelPath="Creature\HumanFemaleWarriorLight\HumanFemaleWarriorLight.mdx" ModelPathAlt="1" />
	<CreatureModelDataEntry Id="100" Flags="0" ModelPath="Creature\HumanFemaleWarriorMedium\HumanFemaleWarriorMedium.mdx" ModelPathAlt="1" />
	<CreatureModelDataEntry Id="101" Flags="0" ModelPath="Creature\HumanMaleBlacksmith\HumanMaleBlacksmith.mdx" ModelPathAlt="1" />
	<CreatureModelDataEntry Id="102" Flags="0" ModelPath="Creature\HumanMaleFarmer\HumanMaleFarmer.mdx" ModelPathAlt="1" />
	<CreatureModelDataEntry Id="103" Flags="0" ModelPath="Creature\HumanMaleNoble\HumanMaleNoble.mdx" ModelPathAlt="1" />
	<CreatureModelDataEntry Id="104" Flags="0" ModelPath="Creature\HumanMaleWarriorHeavy\HumanMaleWarriorHeavy.mdx" ModelPathAlt="1" />
	<CreatureModelDataEntry Id="105" Flags="0" ModelPath="Creature\HumanMaleWarriorMedium\HumanMaleWarriorMedium.mdx" ModelPathAlt="1" />
	<CreatureModelDataEntry Id="106" Flags="0" ModelPath="Creature\HumanMaleWizard\HumanMaleWizard.mdx" ModelPathAlt="1" />
	<CreatureModelDataEntry Id="107" Flags="0" ModelPath="Creature\HumanMaleWarriorLight\HumanMaleWarriorLight.mdx" ModelPathAlt="1" />
	<CreatureModelDataEntry Id="108" Flags="0" ModelPath="Creature\HumanMaleCaster\HumanMaleCaster.mdx" ModelPathAlt="1" />
	<CreatureModelDataEntry Id="109" Flags="0" ModelPath="Creature\HumanFemaleCaster\HumanFemaleCaster.mdx" ModelPathAlt="1" />
	<CreatureModelDataEntry Id="110" Flags="11" ModelPath="Creature\WaterElemental\WaterElemental.mdx" ModelPathAlt="1" />
	<CreatureModelDataEntry Id="111" Flags="0" ModelPath="Creature\Chicken\Chicken.mdx" ModelPathAlt="0" />
	<CreatureModelDataEntry Id="112" Flags="0" ModelPath="Creature\OrcMaleWarriorLight\OrcMaleWarriorLight.mdx" ModelPathAlt="1" />
	<CreatureModelDataEntry Id="113" Flags="0" ModelPath="Creature\OrcMaleMerchantLight\OrcMaleMerchantLight.mdx" ModelPathAlt="1" />
	<CreatureModelDataEntry Id="114" Flags="0" ModelPath="Creature\Rabbit\Rabbit.mdx" ModelPathAlt="0" />
	<CreatureModelDataEntry Id="115" Flags="0" ModelPath="Creature\DwarfMaleWarriorLight\DwarfMaleWarriorLight.mdx" ModelPathAlt="1" />
	<CreatureModelDataEntry Id="116" Flags="0" ModelPath="Creature\Troll\TrollJungleCaster.mdx" ModelPathAlt="1" />
	<CreatureModelDataEntry Id="117" Flags="0" ModelPath="Creature\Troll\TrollJungleBoss.mdx" ModelPathAlt="1" />
	<CreatureModelDataEntry Id="118" Flags="0" ModelPath="Creature\Troll\TrollWhelp.mdx" ModelPathAlt="1" />
	<CreatureModelDataEntry Id="119" Flags="0" ModelPath="Creature\Troll\TrollMelee.mdx" ModelPathAlt="1" />
	<CreatureModelDataEntry Id="120" Flags="0" ModelPath="Creature\Troll\TrollForestBoss.mdx" ModelPathAlt="1" />
	<CreatureModelDataEntry Id="121" Flags="0" ModelPath="Creature\Troll\TrollForestCaster.mdx" ModelPathAlt="1" />
	<CreatureModelDataEntry Id="122" Flags="0" ModelPath="Creature\GnollCaster\GnollCaster.mdx" ModelPathAlt="1" />
	<CreatureModelDataEntry Id="123" Flags="0" ModelPath="Creature\GnollMelee\GnollMelee.mdx" ModelPathAlt="1" />
	<CreatureModelDataEntry Id="124" Flags="0" ModelPath="Creature\Deer\Deer.mdx" ModelPathAlt="1" />
	<CreatureModelDataEntry Id="125" Flags="0" ModelPath="Creature\HumanMaleMarshal\HumanMaleMarshal.mdx" ModelPathAlt="1" />
	<CreatureModelDataEntry Id="126" Flags="0" ModelPath="Creature\HumanMaleGuard\HumanMaleGuard.mdx" ModelPathAlt="1" />
	<CreatureModelDataEntry Id="127" Flags="0" ModelPath="Creature\HumanMalePirateCaptain\HumanMalePirateCaptain.mdx" ModelPathAlt="1" />
	<CreatureModelDataEntry Id="128" Flags="0" ModelPath="Creature\HumanMalePirateCrewman\HumanMalePirateCrewman.mdx" ModelPathAlt="1" />
	<CreatureModelDataEntry Id="129" Flags="0" ModelPath="Creature\HumanMalePirateSwashbuckler\HumanMalePirateSwashbuckler.mdx" ModelPathAlt="1" />
	<CreatureModelDataEntry Id="130" Flags="0" ModelPath="Creature\Dreadlord\DreadLord.mdx" ModelPathAlt="2" />
	<CreatureModelDataEntry Id="131" Flags="0" ModelPath="Creature\Gnome\Gnome.mdx" ModelPathAlt="1" />
	<CreatureModelDataEntry Id="132" Flags="8" ModelPath="Creature\Crab\Crab.mdx" ModelPathAlt="0" />
	<CreatureModelDataEntry Id="133" Flags="9" ModelPath="Creature\threshadon\Threshadon.mdx" ModelPathAlt="1" />
	<CreatureModelDataEntry Id="134" Flags="0" ModelPath="Creature\Squirrel\Squirrel.mdx" ModelPathAlt="0" />
	<CreatureModelDataEntry Id="136" Flags="0" ModelPath="Creature\Gorilla\Gorilla.mdx" ModelPathAlt="0" />
	<CreatureModelDataEntry Id="137" Flags="10" ModelPath="Creature\Crocodile\Crocodile.mdx" ModelPathAlt="0" />
	<CreatureModelDataEntry Id="139" Flags="0" ModelPath="Creature\Felhound\FelHound.mdx" ModelPathAlt="0" />
	<CreatureModelDataEntry Id="140" Flags="0" ModelPath="Creature\Sheep\Sheep.mdx" ModelPathAlt="0" />
	<CreatureModelDataEntry Id="141" Flags="0" ModelPath="Creature\Ent\Ent.mdx" ModelPathAlt="0" />
	<CreatureModelDataEntry Id="142" Flags="3" ModelPath="Creature\Frog\Frog.mdx" ModelPathAlt="0" />
	<CreatureModelDataEntry Id="143" Flags="0" ModelPath="Creature\Horse\Horse.mdx" ModelPathAlt="1" />
	<CreatureModelDataEntry Id="144" Flags="3" ModelPath="Creature\Banshee\Banshee.mdx" ModelPathAlt="0" />
	<CreatureModelDataEntry Id="145" Flags="0" ModelPath="Creature\Quillboar\QuillBoar.mdx" ModelPathAlt="0" />
	<CreatureModelDataEntry Id="146" Flags="0" ModelPath="Creature\Wendigo\Wendigo.mdx" ModelPathAlt="0" />
	<CreatureModelDataEntry Id="147" Flags="1" ModelPath="Creature\Gryphon\Gryphon.mdx" ModelPathAlt="2" />
	<CreatureModelDataEntry Id="149" Flags="0" ModelPath="Creature\GolemHarvestStage2\GolemHarvestStage2.mdx" ModelPathAlt="0" />
	<CreatureModelDataEntry Id="150" Flags="0" ModelPath="Creature\TempDeathGuard\DeathGuard.mdx" ModelPathAlt="1" />
	<CreatureModelDataEntry Id="151" Flags="0" ModelPath="Creature\TempScarletCrusaderLight\ScarletCrusaderLight.mdx" ModelPathAlt="1" />
	<CreatureModelDataEntry Id="152" Flags="0" ModelPath="Creature\TempScarletCrusaderHeavy\ScarletCrusaderHeavy.mdx" ModelPathAlt="1" />
	<CreatureModelDataEntry Id="155" Flags="0" ModelPath="Creature\Cow\Cow.mdx" ModelPathAlt="1" />
	<CreatureModelDataEntry Id="156" Flags="0" ModelPath="Creature\FleshGolem\FleshGolem.mdx" ModelPathAlt="2" />
	<CreatureModelDataEntry Id="157" Flags="0" ModelPath="Creature\QuirajBattleguard\BattleGuard.mdx" ModelPathAlt="2" />
	<CreatureModelDataEntry Id="158" Flags="0" ModelPath="Creature\QuirajGladiator\QuirajGladiator.mdx" ModelPathAlt="1" />
	<CreatureModelDataEntry Id="159" Flags="0" ModelPath="Creature\QuirajProphet\QuirajProphet.mdx" ModelPathAlt="1" />
	<CreatureModelDataEntry Id="160" Flags="11" ModelPath="Creature\FireElemental\FireElemental.mdx" ModelPathAlt="1" />
	<CreatureModelDataEntry Id="161" Flags="0" ModelPath="Creature\PrarieDog\PrarieDog.mdx" ModelPathAlt="1" />
	<CreatureModelDataEntry Id="162" Flags="2" ModelPath="Creature\VoidWalker\VoidWalker.mdx" ModelPathAlt="1" />
	<CreatureModelDataEntry Id="163" Flags="0" ModelPath="Creature\OrcMaleWarriorHeavy\OrcMaleWarriorHeavy.mdx" ModelPathAlt="1" />
	<CreatureModelDataEntry Id="164" Flags="0" ModelPath="Creature\Goblin\Goblin.mdx" ModelPathAlt="1" />
	<CreatureModelDataEntry Id="165" Flags="0" ModelPath="Creature\Rat\Rat.mdx" ModelPathAlt="1" />
	<CreatureModelDataEntry Id="167" Flags="2" ModelPath="Creature\Zombie\ZombieArm.mdx" ModelPathAlt="1" />
	<CreatureModelDataEntry Id="168" Flags="2" ModelPath="Creature\Zombie\Zombie.mdx" ModelPathAlt="1" />
	<CreatureModelDataEntry Id="170" Flags="9" ModelPath="Creature\snake\snake.mdx" ModelPathAlt="1" />
	<CreatureModelDataEntry Id="171" Flags="3" ModelPath="Creature\Wolf\Wolf_ghost.mdx" ModelPathAlt="1" />
	<CreatureModelDataEntry Id="172" Flags="0" ModelPath="Creature\Lobstrok\Lobstrok.mdx" ModelPathAlt="2" />
	<CreatureModelDataEntry Id="173" Flags="10" ModelPath="Creature\SeaTurtle\SeaTurtle.mdx" ModelPathAlt="1" />
	<CreatureModelDataEntry Id="174" Flags="2" ModelPath="Creature\SkeletonMage\SkeletonMage.mdx" ModelPathAlt="1" />
	<CreatureModelDataEntry Id="175" Flags="1" ModelPath="Creature\FaerieDragon\FaerieDragon.mdx" ModelPathAlt="1" />
	<CreatureModelDataEntry Id="176" Flags="0" ModelPath="Creature\Goblin\GoblinShredder.mdx" ModelPathAlt="1" />
	<CreatureModelDataEntry Id="177" Flags="3" ModelPath="Creature\FaerieDragon\FaerieDragon_Ghost.mdx" ModelPathAlt="1" />
	<CreatureModelDataEntry Id="178" Flags="0" ModelPath="Creature\cockroach\Cockroach.mdx" ModelPathAlt="0" />
	<CreatureModelDataEntry Id="180" Flags="0" ModelPath="Creature\bear\Bear.mdx" ModelPathAlt="1" />
	<CreatureModelDataEntry Id="181" Flags="3" ModelPath="Creature\Spells\StasisTotem.mdx" ModelPathAlt="1" />
	<CreatureModelDataEntry Id="182" Flags="4" ModelPath="Character\Gnome\Male\GnomeMale.mdx" ModelPathAlt="1" />
	<CreatureModelDataEntry Id="183" Flags="4" ModelPath="Character\Gnome\Female\GnomeFemale.mdx" ModelPathAlt="1" />
	<CreatureModelDataEntry Id="185" Flags="4" ModelPath="Character\Troll\Male\TrollMale.mdx" ModelPathAlt="1" />
	<CreatureModelDataEntry Id="186" Flags="4" ModelPath="Character\Troll\Female\TrollFemale.mdx" ModelPathAlt="1" />
	<CreatureModelDataEntry Id="187" Flags="8" ModelPath="Creature\AncientOfLore\AncientofLore.mdx" ModelPathAlt="4" />
	<CreatureModelDataEntry Id="188" Flags="8" ModelPath="Creature\AncientOfWar\AncientofWar.mdx" ModelPathAlt="4" />
	<CreatureModelDataEntry Id="190" Flags="3" ModelPath="Creature\Spells\Serpent_Totem.mdx" ModelPathAlt="1" />
	<CreatureModelDataEntry Id="191" Flags="0" ModelPath="Creature\ThunderLizard\ThunderLizard.mdx" ModelPathAlt="2" />
	<CreatureModelDataEntry Id="192" Flags="0" ModelPath="Creature\Hyena\Hyena.mdx" ModelPathAlt="1" />
	<CreatureModelDataEntry Id="193" Flags="9" ModelPath="Creature\Shark\Shark.mdx" ModelPathAlt="1" />
	<CreatureModelDataEntry Id="194" Flags="0" ModelPath="Creature\Stag\Stag.mdx" ModelPathAlt="1" />
	<CreatureModelDataEntry Id="195" Flags="0" ModelPath="Creature\MountedKnight\MountedKnight.mdx" ModelPathAlt="1" />
	<CreatureModelDataEntry Id="197" Flags="0" ModelPath="Creature\Gazelle\Gazelle.mdx" ModelPathAlt="1" />
	<CreatureModelDataEntry Id="198" Flags="0" ModelPath="Creature\giraffe\Giraffe.mdx" ModelPathAlt="1" />
	<CreatureModelDataEntry Id="199" Flags="3" ModelPath="Creature\SPELLS\MonsterLure01.mdx" ModelPathAlt="1" />
	<CreatureModelDataEntry Id="201" Flags="0" ModelPath="Creature\FelBat\FelBat.mdx" ModelPathAlt="1" />
	<CreatureModelDataEntry Id="202" Flags="3" ModelPath="Creature\Spells\HealingTotem.mdx" ModelPathAlt="1" />
	<CreatureModelDataEntry Id="203" Flags="0" ModelPath="Creature\Dragon\Dragon.mdx" ModelPathAlt="4" />
	<CreatureModelDataEntry Id="204" Flags="2" ModelPath="Creature\TitanMale\TitanMale_Ghost.mdx" ModelPathAlt="1" />
	<CreatureModelDataEntry Id="205" Flags="0" ModelPath="Creature\MountainGiant\MountainGiant.mdx" ModelPathAlt="3" />
	<CreatureModelDataEntry Id="206" Flags="0" ModelPath="Creature\SeaGiant\SeaGiant.mdx" ModelPathAlt="1" />
	<CreatureModelDataEntry Id="207" Flags="3" ModelPath="Creature\Wisp\Wisp.mdx" ModelPathAlt="1" />
	<CreatureModelDataEntry Id="209" Flags="1" ModelPath="Creature\Hippogryph\Hippogryph.mdx" ModelPathAlt="1" />
	<CreatureModelDataEntry Id="210" Flags="0" ModelPath="Creature\Lion\Lion.mdx" ModelPathAlt="1" />
	<CreatureModelDataEntry Id="212" Flags="0" ModelPath="Creature\Unicorn\Unicorn.mdx" ModelPathAlt="1" />
	<CreatureModelDataEntry Id="213" Flags="0" ModelPath="Creature\DruidBear\DruidBear.mdx" ModelPathAlt="1" />
	<CreatureModelDataEntry Id="214" Flags="0" ModelPath="Creature\DruidBear\DruidBearTauren.mdx" ModelPathAlt="1" />
	<CreatureModelDataEntry Id="215" Flags="0" ModelPath="Creature\Nightmare\Nightmare.mdx" ModelPathAlt="1" />
	<CreatureModelDataEntry Id="216" Flags="0" ModelPath="Creature\RidingHorse\RidingHorse.mdx" ModelPathAlt="1" />
	<CreatureModelDataEntry Id="217" Flags="0" ModelPath="Creature\DireWolf\RidingDireWolf.mdx" ModelPathAlt="1" />
	<CreatureModelDataEntry Id="218" Flags="1" ModelPath="Creature\Scorpion\Scorpion.mdx" ModelPathAlt="1" />
	<CreatureModelDataEntry Id="219" Flags="3" ModelPath="Creature\Spells\ManaTotem.mdx" ModelPathAlt="1" />
	<CreatureModelDataEntry Id="220" Flags="3" ModelPath="Creature\Spells\SentryTotem.mdx" ModelPathAlt="1" />
	<CreatureModelDataEntry Id="221" Flags="3" ModelPath="Creature\Spells\InvisibilityTotem.mdx" ModelPathAlt="1" />
	<CreatureModelDataEntry Id="222" Flags="3" ModelPath="Creature\Spells\EyeOfKilrog.mdx" ModelPathAlt="0" />
	<CreatureModelDataEntry Id="223" Flags="0" ModelPath="Creature\SeaLion\SeaLion.mdx" ModelPathAlt="1" />
	<CreatureModelDataEntry Id="224" Flags="1" ModelPath="Creature\SeaLion\SeaLion.mdx" ModelPathAlt="1" />
	<CreatureModelDataEntry Id="225" Flags="0" ModelPath="Creature\ForceOfNature\ForceofNature.mdx" ModelPathAlt="1" />
	<CreatureModelDataEntry Id="227" Flags="3" ModelPath="Creature\Orca\Orca.mdx" ModelPathAlt="1" />
	<CreatureModelDataEntry Id="229" Flags="0" ModelPath="Creature\Ram\Ram.mdx" ModelPathAlt="1" />
	<CreatureModelDataEntry Id="230" Flags="1" ModelPath="Creature\Shark\HammerHead.mdx" ModelPathAlt="1" />
	<CreatureModelDataEntry Id="250" Flags="1" ModelPath="Creature\CryptFiend\CryptFiend.mdx" ModelPathAlt="1" />
	<CreatureModelDataEntry Id="270" Flags="3" ModelPath="Creature\Object\WoodenDummy.mdx" ModelPathAlt="1" />
	<CreatureModelDataEntry Id="271" Flags="3" ModelPath="Creature\Object\ArcheryTarget.mdx" ModelPathAlt="1" />
	<CreatureModelDataEntry Id="290" Flags="3" ModelPath="Creature\Object\Cannon.mdx" ModelPathAlt="1" />
	<CreatureModelDataEntry Id="310" Flags="0" ModelPath="Creature\HighElf\HighElfFemale_Mage.mdx" ModelPathAlt="1" />
	<CreatureModelDataEntry Id="311" Flags="0" ModelPath="Creature\HighElf\HighElfFemale_Hunter.mdx" ModelPathAlt="1" />
	<CreatureModelDataEntry Id="312" Flags="0" ModelPath="Creature\HighElf\HighElfFemale_Priest.mdx" ModelPathAlt="1" />
	<CreatureModelDataEntry Id="313" Flags="0" ModelPath="Creature\HighElf\HighElfFemale_Warrior.mdx" ModelPathAlt="1" />
	<CreatureModelDataEntry Id="314" Flags="0" ModelPath="Creature\HighElf\HighElfMale_Mage.mdx" ModelPathAlt="1" />
	<CreatureModelDataEntry Id="315" Flags="0" ModelPath="Creature\HighElf\HighElfMale_Hunter.mdx" ModelPathAlt="1" />
	<CreatureModelDataEntry Id="316" Flags="0" ModelPath="Creature\HighElf\HighElfMale_Priest.mdx" ModelPathAlt="1" />
	<CreatureModelDataEntry Id="317" Flags="0" ModelPath="Creature\HighElf\HighElfMale_Warrior.mdx" ModelPathAlt="1" />
	<CreatureModelDataEntry Id="331" Flags="1" ModelPath="Creature\FelBat\BatTaxi.mdx" ModelPathAlt="1" />
	<CreatureModelDataEntry Id="332" Flags="1" ModelPath="Creature\NagaMale\NagaMale.mdx" ModelPathAlt="1" />
	<CreatureModelDataEntry Id="351" Flags="0" ModelPath="Creature\Chimera\Chimera.mdx" ModelPathAlt="1" />
	<CreatureModelDataEntry Id="352" Flags="0" ModelPath="Creature\Serpent\Serpent.mdx" ModelPathAlt="1" />
	<CreatureModelDataEntry Id="371" Flags="0" ModelPath="Creature\Imp\Imp.mdx" ModelPathAlt="0" />
	<CreatureModelDataEntry Id="372" Flags="0" ModelPath="Creature\Quillboar\QuillBoarWarrior.mdx" ModelPathAlt="1" />
	<CreatureModelDataEntry Id="373" Flags="1" ModelPath="Creature\Owl\Owl.mdx" ModelPathAlt="1" />
	<CreatureModelDataEntry Id="374" Flags="3" ModelPath="Creature\Spells\WaterElementalTotem.mdx" ModelPathAlt="1" />
	<CreatureModelDataEntry Id="375" Flags="3" ModelPath="Creature\Spells\EarthElementalTotem.mdx" ModelPathAlt="1" />
	<CreatureModelDataEntry Id="376" Flags="3" ModelPath="Creature\Spells\FireElementalTotem.mdx" ModelPathAlt="1" />
	<CreatureModelDataEntry Id="377" Flags="3" ModelPath="Creature\Spells\AirElementalTotem.mdx" ModelPathAlt="1" />
	<CreatureModelDataEntry Id="391" Flags="3" ModelPath="Creature\Shade\Shade.mdx" ModelPathAlt="1" />
	<CreatureModelDataEntry Id="392" Flags="0" ModelPath="Creature\Quillboar\QuillBoarCaster.mdx" ModelPathAlt="1" />
	<CreatureModelDataEntry Id="393" Flags="3" ModelPath="Creature\Spells\FireLightTotem.mdx" ModelPathAlt="1" />
	<CreatureModelDataEntry Id="411" Flags="9" ModelPath="Creature\FelBat\FelBat.mdx" ModelPathAlt="1" />
	<CreatureModelDataEntry Id="452" Flags="1" ModelPath="Creature\Fish\Fish.mdx" ModelPathAlt="1" />
	<CreatureModelDataEntry Id="453" Flags="1" ModelPath="Creature\StormCrow\StormCrow.mdx" ModelPathAlt="1" />
	<CreatureModelDataEntry Id="454" Flags="0" ModelPath="Creature\TRex\trex.mdx" ModelPathAlt="2" />
	<CreatureModelDataEntry Id="455" Flags="2" ModelPath="Creature\Zombie\ZombieSword.mdx" ModelPathAlt="1" />
	<CreatureModelDataEntry Id="456" Flags="10" ModelPath="Creature\Anubisath\Anubisath.mdx" ModelPathAlt="1" />
	<CreatureModelDataEntry Id="457" Flags="0" ModelPath="Creature\FrostSabre\RidingFrostSabre.mdx" ModelPathAlt="1" />
	<CreatureModelDataEntry Id="458" Flags="0" ModelPath="Creature\RidingRaptor\RidingRaptor.mdx" ModelPathAlt="1" />
	<CreatureModelDataEntry Id="459" Flags="0" ModelPath="Creature\Tallstrider\TallStrider.mdx" ModelPathAlt="1" />
	<CreatureModelDataEntry Id="471" Flags="0" ModelPath="Creature\Centaur\CentaurKhan.mdx" ModelPathAlt="1" />
	<CreatureModelDataEntry Id="491" Flags="2" ModelPath="Creature\UndeadHorse\RidingUndeadHorse.mdx" ModelPathAlt="1" />
	<CreatureModelDataEntry Id="492" Flags="0" ModelPath="Creature\Centaur\CentaurCaster.mdx" ModelPathAlt="1" />
	<CreatureModelDataEntry Id="511" Flags="0" ModelPath="Creature\Centaur\CentaurWarrior.mdx" ModelPathAlt="1" />
	<CreatureModelDataEntry Id="512" Flags="3" ModelPath="Creature\Fish\Fish.mdx" ModelPathAlt="1" />
	<CreatureModelDataEntry Id="513" Flags="3" ModelPath="Creature\ElementalPoison\PoisonElemental.mdx" ModelPathAlt="1" />
	<CreatureModelDataEntry Id="531" Flags="1" ModelPath="Creature\NagaFemale\Siren.mdx" ModelPathAlt="1" />
	<CreatureModelDataEntry Id="551" Flags="0" ModelPath="Creature\FelGuard\FelGuard.mdx" ModelPathAlt="1" />
	<CreatureModelDataEntry Id="552" Flags="2" ModelPath="Creature\UndeadHorse\UndeadHorse.mdx" ModelPathAlt="1" />
	<CreatureModelDataEntry Id="571" Flags="9" ModelPath="Creature\Drake\Drake.mdx" ModelPathAlt="2" />
	<CreatureModelDataEntry Id="591" Flags="3" ModelPath="Creature\AirElemental\AirElemental.mdx" ModelPathAlt="1" />
	<CreatureModelDataEntry Id="611" Flags="1" ModelPath="Creature\Parrot\Parrot.mdx" ModelPathAlt="0" />
	<CreatureModelDataEntry Id="631" Flags="0" ModelPath="Creature\Cat\Cat.mdx" ModelPathAlt="0" />
	<CreatureModelDataEntry Id="651" Flags="1" ModelPath="Creature\Parrot\Parrot.mdx" ModelPathAlt="0" />
	<CreatureModelDataEntry Id="671" Flags="3" ModelPath="Creature\GnomeSpidertank\GnomeSpiderTank.mdx" ModelPathAlt="2" />
	<CreatureModelDataEntry Id="691" Flags="3" ModelPath="Creature\ElementalPoison\PoisonElemental.mdx" ModelPathAlt="1" />
	<CreatureModelDataEntry Id="692" Flags="2" ModelPath="Creature\StoneKeeper\StoneKeeper.mdx" ModelPathAlt="3" />
	<CreatureModelDataEntry Id="711" Flags="0" ModelPath="Creature\Kodobeast\KodoBeastTame.mdx" ModelPathAlt="3" />
	<CreatureModelDataEntry Id="712" Flags="3" ModelPath="Creature\Spells\LandMine01.mdx" ModelPathAlt="0" />
	<CreatureModelDataEntry Id="731" Flags="0" ModelPath="Creature\MountedDeathKnight\MountedDeathKnight.mdx" ModelPathAlt="1" />
	<CreatureModelDataEntry Id="751" Flags="2" ModelPath="Creature\MechaStrider\MechaStrider.mdx" ModelPathAlt="1" />
	<CreatureModelDataEntry Id="771" Flags="2" ModelPath="Creature\GnomeSpidertank\GnomeBot.mdx" ModelPathAlt="2" />
	<CreatureModelDataEntry Id="791" Flags="1" ModelPath="Creature\Wyvern\Wyvern.mdx" ModelPathAlt="2" />
	<CreatureModelDataEntry Id="792" Flags="1" ModelPath="Creature\Gryphon\Gryphon.mdx" ModelPathAlt="2" />
	<CreatureModelDataEntry Id="811" Flags="2" ModelPath="Creature\GnomeSpidertank\GnomeAlertBot.mdx" ModelPathAlt="0" />
	<CreatureModelDataEntry Id="831" Flags="4" ModelPath="Character\Goblin\Male\GoblinMale.mdx" ModelPathAlt="1" />
	<CreatureModelDataEntry Id="832" Flags="4" ModelPath="Character\Goblin\Female\GoblinFemale.mdx" ModelPathAlt="1" />
	<CreatureModelDataEntry Id="851" Flags="0" ModelPath="Creature\GnomeSpidertank\GnomeBomBot.mdx" ModelPathAlt="0" />
	<CreatureModelDataEntry Id="852" Flags="0" ModelPath="Creature\MechaStrider\GnomeMechaStrider.mdx" ModelPathAlt="1" />
	<CreatureModelDataEntry Id="853" Flags="2" ModelPath="Creature\GnomeSpidertank\GnomePounder.mdx" ModelPathAlt="2" />
	<CreatureModelDataEntry Id="871" Flags="1" ModelPath="Creature\SILITHIDSCARAB\SilithidScarab.mdx" ModelPathAlt="1" />
	<CreatureModelDataEntry Id="891" Flags="1" ModelPath="Creature\Gargoyle\Gargoyle.mdx" ModelPathAlt="1" />
	<CreatureModelDataEntry Id="892" Flags="0" ModelPath="Creature\MineSpider\MineSpiderBoss.mdx" ModelPathAlt="3" />
	<CreatureModelDataEntry Id="911" Flags="1" ModelPath="Creature\Worm\Worm.mdx" ModelPathAlt="1" />
	<CreatureModelDataEntry Id="912" Flags="0" ModelPath="Creature\SkeletonNaked\SkeletonNaked.mdx" ModelPathAlt="1" />
	<CreatureModelDataEntry Id="931" Flags="0" ModelPath="Creature\demonhunter\DemonHunter.mdx" ModelPathAlt="1" />
	<CreatureModelDataEntry Id="932" Flags="3" ModelPath="Creature\Larva\Larva.mdx" ModelPathAlt="0" />
	<CreatureModelDataEntry Id="951" Flags="3" ModelPath="Creature\Lasher\Lasher.mdx" ModelPathAlt="1" />
	<CreatureModelDataEntry Id="971" Flags="0" ModelPath="Creature\TrollDire\TrollDire.mdx" ModelPathAlt="2" />
	<CreatureModelDataEntry Id="991" Flags="3" ModelPath="Creature\Slime\SlimeLesser.mdx" ModelPathAlt="0" />
	<CreatureModelDataEntry Id="1011" Flags="0" ModelPath="Creature\DragonSpawnCaster\DragonSpawnCaster.mdx" ModelPathAlt="1" />
	<CreatureModelDataEntry Id="1031" Flags="0" ModelPath="Creature\DragonSpawn\DragonSpawnArmored.mdx" ModelPathAlt="2" />
	<CreatureModelDataEntry Id="1051" Flags="3" ModelPath="Creature\Lich\Lich.mdx" ModelPathAlt="1" />
	<CreatureModelDataEntry Id="1071" Flags="0" ModelPath="Creature\Kodobeast\KodoBeastPack.mdx" ModelPathAlt="3" />
	<CreatureModelDataEntry Id="1091" Flags="3" ModelPath="Creature\FlyingMachineCreature\FlyingMachineCreature.mdx" ModelPathAlt="1" />
	<CreatureModelDataEntry Id="1111" Flags="3" ModelPath="Creature\SkeletalSerpent\SkeletalSerpent.mdx" ModelPathAlt="1" />
	<CreatureModelDataEntry Id="1131" Flags="2" ModelPath="Creature\GolemStone\GolemCannonStone.mdx" ModelPathAlt="2" />
	<CreatureModelDataEntry Id="1151" Flags="1" ModelPath="Creature\Salamander\SalamanderMale.mdx" ModelPathAlt="1" />
	<CreatureModelDataEntry Id="1171" Flags="0" ModelPath="Creature\Pterrordax\Pterrordax.mdx" ModelPathAlt="1" />
	<CreatureModelDataEntry Id="1191" Flags="0" ModelPath="Creature\WarHorse\WarHorse.mdx" ModelPathAlt="2" />
	<CreatureModelDataEntry Id="1211" Flags="0" ModelPath="Creature\Diemetradon\Diemetradon.mdx" ModelPathAlt="1" />
	<CreatureModelDataEntry Id="1231" Flags="0" ModelPath="Creature\DruidCat\DruidCat.mdx" ModelPathAlt="1" />
	<CreatureModelDataEntry Id="1232" Flags="0" ModelPath="Creature\DruidCatTauren\DruidCatTauren.mdx" ModelPathAlt="1" />
	<CreatureModelDataEntry Id="1251" Flags="3" ModelPath="Creature\FireElemental\FireElementalGreen.mdx" ModelPathAlt="0" />
	<CreatureModelDataEntry Id="1271" Flags="3" ModelPath="Creature\Spells\Creature_SpellPortal.mdx" ModelPathAlt="0" />
	<CreatureModelDataEntry Id="1291" Flags="1" ModelPath="Creature\Drake\OrcDrakeRider.mdx" ModelPathAlt="3" />
	<CreatureModelDataEntry Id="1311" Flags="0" ModelPath="Creature\ZigguratCrystal\ZigguratCrystal.mdx" ModelPathAlt="2" />
	<CreatureModelDataEntry Id="1331" Flags="0" ModelPath="Creature\FrostSabre\FrostSabre.mdx" ModelPathAlt="1" />
	<CreatureModelDataEntry Id="1351" Flags="2" ModelPath="Creature\CryptScarab\Crypt_Scarab.mdx" ModelPathAlt="0" />
	<CreatureModelDataEntry Id="1371" Flags="0" ModelPath="Creature\Ram\RidingRam.mdx" ModelPathAlt="1" />
	<CreatureModelDataEntry Id="1391" Flags="3" ModelPath="Creature\Egg\EggCreature.mdx" ModelPathAlt="0" />
	<CreatureModelDataEntry Id="1411" Flags="0" ModelPath="Creature\DragonSpawn\DragonSpawnOverlord.mdx" ModelPathAlt="3" />
	<CreatureModelDataEntry Id="1431" Flags="0" ModelPath="Creature\Ogre\OgreWarlord.mdx" ModelPathAlt="2" />
	<CreatureModelDataEntry Id="1451" Flags="0" ModelPath="Creature\FelBeast\FelBeast.mdx" ModelPathAlt="2" />
	<CreatureModelDataEntry Id="1471" Flags="3" ModelPath="Creature\GoblinRocketCar\GoblinRocketCar.mdx" ModelPathAlt="1" />
	<CreatureModelDataEntry Id="1491" Flags="3" ModelPath="Creature\Wight\Wight.mdx" ModelPathAlt="2" />
	<CreatureModelDataEntry Id="1492" Flags="3" ModelPath="Creature\spirithealer\SpiritHealer.mdx" ModelPathAlt="1" />
	<CreatureModelDataEntry Id="1511" Flags="2" ModelPath="Creature\MountedDeathKnight\RidingUndeadWarHorse.mdx" ModelPathAlt="2" />
	<CreatureModelDataEntry Id="1531" Flags="0" ModelPath="Creature\diablo\DiabloFunSized.mdx" ModelPathAlt="0" />
	<CreatureModelDataEntry Id="1532" Flags="0" ModelPath="Creature\panda\PandaCub.mdx" ModelPathAlt="0" />
	<CreatureModelDataEntry Id="1533" Flags="0" ModelPath="Creature\zergling\ZerglingPet.mdx" ModelPathAlt="0" />
	<CreatureModelDataEntry Id="1551" Flags="8" ModelPath="Creature\Dragon\DragonOnyxia.mdx" ModelPathAlt="4" />
	<CreatureModelDataEntry Id="1571" Flags="11" ModelPath="Creature\Ragnaros\Ragnaros.mdx" ModelPathAlt="4" />
	<CreatureModelDataEntry Id="1591" Flags="0" ModelPath="Creature\Dragon\DragonNefarian.mdx" ModelPathAlt="4" />
	<CreatureModelDataEntry Id="1611" Flags="0" ModelPath="Creature\Turkey\Turkey.mdx" ModelPathAlt="0" />
	<CreatureModelDataEntry Id="1631" Flags="0" ModelPath="Creature\FelBoar\FelBoar.mdx" ModelPathAlt="1" />
	<CreatureModelDataEntry Id="1651" Flags="0" ModelPath="Creature\Dragon\DragonAzurgoz.mdx" ModelPathAlt="3" />
	<CreatureModelDataEntry Id="1671" Flags="3" ModelPath="Creature\CrystalPortal\CrystalPortal.mdx" ModelPathAlt="0" />
	<CreatureModelDataEntry Id="1691" Flags="0" ModelPath="Creature\Lord Kezzak\LordKezzak.mdx" ModelPathAlt="3" />
	<CreatureModelDataEntry Id="1711" Flags="0" ModelPath="Creature\Kodobeast\RidingKodo.mdx" ModelPathAlt="1" />
	<CreatureModelDataEntry Id="1731" Flags="3" ModelPath="Creature\InvisibleStalker\InvisibleStalker.mdx" ModelPathAlt="1" />
	<CreatureModelDataEntry Id="1751" Flags="0" ModelPath="Creature\Tharazun\Tharazun.mdx" ModelPathAlt="2" />
	<CreatureModelDataEntry Id="1752" Flags="3" ModelPath="Creature\InvisibleStalker\InvisibleStalker.mdx" ModelPathAlt="0" />
	<CreatureModelDataEntry Id="1753" Flags="0" ModelPath="Creature\ObsidianDestroyer\ObsidianDestroyer.mdx" ModelPathAlt="3" />
	<CreatureModelDataEntry Id="1771" Flags="0" ModelPath="Creature\BoneGolem\BoneGolem.mdx" ModelPathAlt="1" />
	<CreatureModelDataEntry Id="1791" Flags="0" ModelPath="Creature\Imp\FireImp.mdx" ModelPathAlt="0" />
	<CreatureModelDataEntry Id="1811" Flags="0" ModelPath="Creature\Lord Kezzak\LordKezzak.mdx" ModelPathAlt="3" />
	<CreatureModelDataEntry Id="1831" Flags="11" ModelPath="Creature\Snowman\SnowMan.mdx" ModelPathAlt="1" />
	<CreatureModelDataEntry Id="1851" Flags="0" ModelPath="Creature\voidterror\VoidTerror.mdx" ModelPathAlt="1" />
	<CreatureModelDataEntry Id="1871" Flags="9" ModelPath="Creature\Manafiend\ManaFiend.mdx" ModelPathAlt="1" />
	<CreatureModelDataEntry Id="1891" Flags="0" ModelPath="Creature\DragonFootSoldier\DragonFootSoldier.mdx" ModelPathAlt="1" />
	<CreatureModelDataEntry Id="1911" Flags="0" ModelPath="Creature\DireWolf\PvPRidingDireWolf.mdx" ModelPathAlt="1" />
	<CreatureModelDataEntry Id="1912" Flags="0" ModelPath="Creature\FrostSabre\PVPRidingFrostSabre.mdx" ModelPathAlt="1" />
	<CreatureModelDataEntry Id="1913" Flags="0" ModelPath="Creature\Ram\PVPRidingRam.mdx" ModelPathAlt="1" />
	<CreatureModelDataEntry Id="1914" Flags="0" ModelPath="Creature\Kodobeast\KodoBeastPvPT2.mdx" ModelPathAlt="1" />
	<CreatureModelDataEntry Id="1915" Flags="0" ModelPath="Creature\MechaStrider\PvPMechaStrider.mdx" ModelPathAlt="1" />
	<CreatureModelDataEntry Id="1916" Flags="0" ModelPath="Creature\RidingRaptor\PvPRidingRaptor.mdx" ModelPathAlt="1" />
	<CreatureModelDataEntry Id="1917" Flags="0" ModelPath="Creature\RidingHorse\RidingHorsePvPT2.mdx" ModelPathAlt="0" />
	<CreatureModelDataEntry Id="1931" Flags="0" ModelPath="Creature\Drakeadon\Drakeadon.mdx" ModelPathAlt="3" />
	<CreatureModelDataEntry Id="1951" Flags="0" ModelPath="Creature\Nightmare\Gorgon101.mdx" ModelPathAlt="1" />
	<CreatureModelDataEntry Id="1952" Flags="0" ModelPath="Creature\WarHorse\PVPWarHorse.mdx" ModelPathAlt="1" />
	<CreatureModelDataEntry Id="1971" Flags="0" ModelPath="Creature\Spells\BattleStandard_Alliance.mdx" ModelPathAlt="0" />
	<CreatureModelDataEntry Id="1972" Flags="0" ModelPath="Creature\Spells\BattleStandard_Horde.mdx" ModelPathAlt="0" />
	<CreatureModelDataEntry Id="1973" Flags="0" ModelPath="Creature\DragonSpawn\DragonSpawnGreater.mdx" ModelPathAlt="2" />
	<CreatureModelDataEntry Id="1991" Flags="0" ModelPath="Creature\RIDINGHORSE\PackMule.mdx" ModelPathAlt="1" />
	<CreatureModelDataEntry Id="2011" Flags="0" ModelPath="Creature\OrcMaleKid\OrcMaleKid.mdx" ModelPathAlt="0" />
	<CreatureModelDataEntry Id="2031" Flags="0" ModelPath="Creature\OrcFemaleKid\OrcFemaleKid.mdx" ModelPathAlt="0" />
	<CreatureModelDataEntry Id="2051" Flags="0" ModelPath="Creature\AncientOfLore\AncientofLore.mdx" ModelPathAlt="4" />
	<CreatureModelDataEntry Id="2071" Flags="1" ModelPath="Creature\ChineseDragon\ChineseDragon.mdx" ModelPathAlt="0" />
	<CreatureModelDataEntry Id="2072" Flags="0" ModelPath="Creature\Spells\BattleStandard_Frostwolf_A_01.mdx" ModelPathAlt="0" />
	<CreatureModelDataEntry Id="2073" Flags="0" ModelPath="Creature\Spells\BattleStandard_Stormpike_A_01.mdx" ModelPathAlt="0" />
	<CreatureModelDataEntry Id="2091" Flags="0" ModelPath="Creature\tigon\TigonMale.mdx" ModelPathAlt="1" />
	<CreatureModelDataEntry Id="2111" Flags="11" ModelPath="Creature\Thunderaan\Thunderaan.mdx" ModelPathAlt="0" />
	<CreatureModelDataEntry Id="2131" Flags="0" ModelPath="Creature\tigon\TigonFemale.mdx" ModelPathAlt="1" />
	<CreatureModelDataEntry Id="2151" Flags="0" ModelPath="Creature\slith\Slith.mdx" ModelPathAlt="1" />
	<CreatureModelDataEntry Id="2171" Flags="0" ModelPath="Creature\mobat\Mobat.mdx" ModelPathAlt="1" />
	<CreatureModelDataEntry Id="2191" Flags="0" ModelPath="Creature\Dryder\Dryder.mdx" ModelPathAlt="2" />
	<CreatureModelDataEntry Id="2192" Flags="0" ModelPath="Creature\Hakkar\Hakkar.mdx" ModelPathAlt="0" />
	<CreatureModelDataEntry Id="2193" Flags="0" ModelPath="Creature\Hakkar\Hakkar.mdx" ModelPathAlt="0" />
	<CreatureModelDataEntry Id="2194" Flags="1" ModelPath="Creature\FelBat\BatRider.mdx" ModelPathAlt="1" />
	<CreatureModelDataEntry Id="2195" Flags="0" ModelPath="Creature\GnomeRocketCar\GnomeRocketCar.mdx" ModelPathAlt="1" />
	<CreatureModelDataEntry Id="2196" Flags="0" ModelPath="Creature\Dragon\Taerar.mdx" ModelPathAlt="3" />
	<CreatureModelDataEntry Id="2197" Flags="0" ModelPath="Creature\Dragon\Lethon.mdx" ModelPathAlt="3" />
	<CreatureModelDataEntry Id="2198" Flags="0" ModelPath="Creature\Murloc\BabyMurloc.mdx" ModelPathAlt="0" />
	<CreatureModelDataEntry Id="2199" Flags="0" ModelPath="Creature\DruidOwlbear\DruidOwlBear.mdx" ModelPathAlt="1" />
	<CreatureModelDataEntry Id="2200" Flags="0" ModelPath="Creature\DruidOwlbear\DruidOwlBearTauren.mdx" ModelPathAlt="1" />
	<CreatureModelDataEntry Id="2201" Flags="11" ModelPath="Creature\SteamTonk\SteamTonk.mdx" ModelPathAlt="0" />
	<CreatureModelDataEntry Id="2202" Flags="0" ModelPath="Creature\Murloc\BabyMurloc.mdx" ModelPathAlt="0" />
	<CreatureModelDataEntry Id="2204" Flags="1" ModelPath="Creature\SilithidWaspBoss\SilithidWaspBoss.mdx" ModelPathAlt="2" />
	<CreatureModelDataEntry Id="2205" Flags="0" ModelPath="Creature\Horisath\Horisath.mdx" ModelPathAlt="3" />
	<CreatureModelDataEntry Id="2206" Flags="3" ModelPath="Creature\InvisibleMan\InvisibleMan.mdx" ModelPathAlt="1" />
	<CreatureModelDataEntry Id="2213" Flags="1" ModelPath="Creature\EyeOfKathune\EyeofKathune.mdx" ModelPathAlt="4" />
	<CreatureModelDataEntry Id="2216" Flags="1" ModelPath="Creature\SilithidTankBoss\SilithidTankBoss.mdx" ModelPathAlt="2" />
	<CreatureModelDataEntry Id="2217" Flags="1" ModelPath="Creature\SilithidTankBoss\SilithidTankBoss_Damaged.mdx" ModelPathAlt="2" />
	<CreatureModelDataEntry Id="2218" Flags="1" ModelPath="Creature\SandWorm\SandWorm.mdx" ModelPathAlt="4" />
	<CreatureModelDataEntry Id="2220" Flags="1" ModelPath="Creature\RidingSilithid\RidingSilithid.mdx" ModelPathAlt="1" />
	<CreatureModelDataEntry Id="2221" Flags="0" ModelPath="Creature\SlimeGiant\GiantSlime.mdx" ModelPathAlt="3" />
	<CreatureModelDataEntry Id="2222" Flags="0" ModelPath="Creature\SandReaver\SandReaver.mdx" ModelPathAlt="2" />
	<CreatureModelDataEntry Id="2223" Flags="0" ModelPath="Creature\TwinEmperor\TwinEmperor.mdx" ModelPathAlt="2" />
	<CreatureModelDataEntry Id="2224" Flags="0" ModelPath="Creature\BODYOFKATHUNE\BodyofKathune.mdx" ModelPathAlt="4" />
	<CreatureModelDataEntry Id="2225" Flags="0" ModelPath="Creature\HalfBodyofKathune\HalfBodyofKathune.mdx" ModelPathAlt="4" />
	<CreatureModelDataEntry Id="2226" Flags="0" ModelPath="Creature\EyeStalkofKathune\EyeStalkofKathune.mdx" ModelPathAlt="2" />
	<CreatureModelDataEntry Id="2227" Flags="0" ModelPath="Creature\ClawofKathune\ClawofKathune.mdx" ModelPathAlt="2" />
	<CreatureModelDataEntry Id="2228" Flags="0" ModelPath="Creature\MouthofKathune01\MouthofKathune01.mdx" ModelPathAlt="2" />
	<CreatureModelDataEntry Id="2229" Flags="0" ModelPath="Creature\Shark\Shark.mdx" ModelPathAlt="3" />
	<CreatureModelDataEntry Id="2230" Flags="0" ModelPath="Creature\PortalofKathune\PortalofKathune.mdx" ModelPathAlt="3" />
	<CreatureModelDataEntry Id="2231" Flags="0" ModelPath="Creature\NIAN\Nian.mdx" ModelPathAlt="2" />
	<CreatureModelDataEntry Id="2232" Flags="0" ModelPath="Creature\ReinDeer\ReinDeer.mdx" ModelPathAlt="1" />
	<CreatureModelDataEntry Id="2233" Flags="0" ModelPath="Creature\ReinDeer\ReinDeerMount.mdx" ModelPathAlt="1" />
	<CreatureModelDataEntry Id="2234" Flags="9" ModelPath="Creature\CryptLord\CryptLord.mdx" ModelPathAlt="2" />
	<CreatureModelDataEntry Id="2236" Flags="3" ModelPath="Creature\KelThuzad\KelThuzad.mdx" ModelPathAlt="3" />
	<CreatureModelDataEntry Id="2237" Flags="1" ModelPath="Creature\Cupid\Cupid.mdx" ModelPathAlt="1" />
	<CreatureModelDataEntry Id="2239" Flags="0" ModelPath="Creature\SPELLS\ValentinesDummy.mdx" ModelPathAlt="1" />
	<CreatureModelDataEntry Id="2240" Flags="0" ModelPath="Creature\SpiritofRedemption\SpiritOfRedemption.mdx" ModelPathAlt="0" />
	<CreatureModelDataEntry Id="2241" Flags="0" ModelPath="Creature\FrostWurm\FrostWurm.mdx" ModelPathAlt="3" />
	<CreatureModelDataEntry Id="2242" Flags="0" ModelPath="Creature\FleshGiant\FleshGiant.mdx" ModelPathAlt="3" />
	<CreatureModelDataEntry Id="2243" Flags="1" ModelPath="Creature\GiantSpider\GiantSpider.mdx" ModelPathAlt="3" />
	<CreatureModelDataEntry Id="2244" Flags="0" ModelPath="Creature\MadScientist\MadScientist.mdx" ModelPathAlt="1" />
	<CreatureModelDataEntry Id="2245" Flags="0" ModelPath="Creature\UndeadBeast\UndeadBeast.mdx" ModelPathAlt="3" />
	<CreatureModelDataEntry Id="2246" Flags="0" ModelPath="Creature\FungalMonster\FungalMonster.mdx" ModelPathAlt="3" />
	<CreatureModelDataEntry Id="2247" Flags="3" ModelPath="Creature\SporeCreature\SporeCreature.mdx" ModelPathAlt="1" />
	<CreatureModelDataEntry Id="2251" Flags="0" ModelPath="Creature\QuestObjects\Creature_ScourgeCrystal.mdx" ModelPathAlt="0" />
	<CreatureModelDataEntry Id="2252" Flags="0" ModelPath="Creature\QuestObjects\Creature_ScourgeCrystalDamaged.mdx" ModelPathAlt="0" />
	<CreatureModelDataEntry Id="2253" Flags="0" ModelPath="Creature\FleshTitan\FleshTitan.mdx" ModelPathAlt="1" />
	<CreatureModelDataEntry Id="2254" Flags="0" ModelPath="Creature\MOUNTEDDEATHKNIGHT\MountedDeathKnight_Mograine.mdx" ModelPathAlt="1" />
	<CreatureModelDataEntry Id="2255" Flags="0" ModelPath="Creature\MOUNTEDDEATHKNIGHT\MountedDeathKnight_Blaumeux.mdx" ModelPathAlt="0" />
	<CreatureModelDataEntry Id="2256" Flags="0" ModelPath="Creature\MOUNTEDDEATHKNIGHT\MountedDeathKnight_Zeliek.mdx" ModelPathAlt="0" />
	<CreatureModelDataEntry Id="2257" Flags="0" ModelPath="Creature\MOUNTEDDEATHKNIGHT\MountedDeathKnight_Korthazz.mdx" ModelPathAlt="0" />
	<CreatureModelDataEntry Id="2258" Flags="0" ModelPath="Creature\Shade\ShadeWhite.mdx" ModelPathAlt="0" />
	<CreatureModelDataEntry Id="2259" Flags="0" ModelPath="Creature\Bear\PolarBearCub.mdx" ModelPathAlt="0" />
	<CreatureModelDataEntry Id="2260" Flags="0" ModelPath="Creature\Cocoon\Cocoon.mdx" ModelPathAlt="1" />
	<CreatureModelDataEntry Id="2261" Flags="0" ModelPath="Creature\Necromancer\Necromancer.mdx" ModelPathAlt="1" />
	<CreatureModelDataEntry Id="2264" Flags="0" ModelPath="Creature\Pig\Pig.mdx" ModelPathAlt="0" />
	<CreatureModelDataEntry Id="2265" Flags="0" ModelPath="Creature\Turtle\Turtle.mdx" ModelPathAlt="0" />
	<CreatureModelDataEntry Id="2268" Flags="0" ModelPath="Creature\WISP\WispRed.mdx" ModelPathAlt="0" />
	<CreatureModelDataEntry Id="2296" Flags="3" ModelPath="Creature\InvisibleStalker\InvisibleStalkerNoName.mdx" ModelPathAlt="1" />
	<CreatureModelDataEntry Id="2325" Flags="0" ModelPath="Creature\RidingTurtle\RidingTurtle.mdx" ModelPathAlt="1" />
	<CreatureModelDataEntry Id="2326" Flags="3" ModelPath="Creature\GRYPHON\Gryphon.mdx" ModelPathAlt="0" />
	<CreatureModelDataEntry Id="2332" Flags="1" ModelPath="Creature\AllianceRider\AllianceRider.mdx" ModelPathAlt="0" />
	<CreatureModelDataEntry Id="2333" Flags="1" ModelPath="Creature\HordeRider\HordeRider.mdx" ModelPathAlt="0" />
	<CreatureModelDataEntry Id="2337" Flags="0" ModelPath="Creature\Landro\Landro.mdx" ModelPathAlt="0" />
	<CreatureModelDataEntry Id="2355" Flags="0" ModelPath="Creature\Tiger\Tigercub.mdx" ModelPathAlt="0" />
	<CreatureModelDataEntry Id="2356" Flags="0" ModelPath="Creature\Hippogryph\HippogryphPet.mdx" ModelPathAlt="0" />
	<CreatureModelDataEntry Id="2365" Flags="1" ModelPath="Creature\GRYPHON\Gryphon_Ghost.mdx" ModelPathAlt="0" />
</CreatureModelDataEntryList>