<?xml version="1.0" encoding="UTF-8" standalone="yes"?>
<CreatureFamilyEntryList>
	<CreatureFamilyEntry id="1" minScale="0.7" minScaleLevel="1" maxScale="1.0" maxScaleLevel="60" skillLine1="208" skillLine2="270" petFoodMask="1" TalentType="0" categoryEnumID="0" name="狼" />
	<CreatureFamilyEntry id="2" minScale="0.7" minScaleLevel="1" maxScale="1.1" maxScaleLevel="60" skillLine1="209" skillLine2="270" petFoodMask="3" TalentType="0" categoryEnumID="0" name="豹" />
	<CreatureFamilyEntry id="3" minScale="0.4" minScaleLevel="1" maxScale="0.6" maxScaleLevel="60" skillLine1="203" skillLine2="270" petFoodMask="1" TalentType="0" categoryEnumID="0" name="蜘蛛" />
	<CreatureFamilyEntry id="4" minScale="0.6" minScaleLevel="1" maxScale="1.0" maxScaleLevel="60" skillLine1="210" skillLine2="270" petFoodMask="63" TalentType="0" categoryEnumID="0" name="熊" />
	<CreatureFamilyEntry id="5" minScale="0.6" minScaleLevel="1" maxScale="1.0" maxScaleLevel="60" skillLine1="211" skillLine2="270" petFoodMask="63" TalentType="0" categoryEnumID="0" name="野猪" />
	<CreatureFamilyEntry id="6" minScale="0.4" minScaleLevel="1" maxScale="0.6" maxScaleLevel="60" skillLine1="212" skillLine2="270" petFoodMask="3" TalentType="0" categoryEnumID="0" name="鳄鱼" />
	<CreatureFamilyEntry id="7" minScale="0.5" minScaleLevel="1" maxScale="0.9" maxScaleLevel="60" skillLine1="213" skillLine2="270" petFoodMask="3" TalentType="0" categoryEnumID="0" name="食腐鸟" />
	<CreatureFamilyEntry id="8" minScale="0.7" minScaleLevel="1" maxScale="1.4" maxScaleLevel="60" skillLine1="214" skillLine2="270" petFoodMask="58" TalentType="0" categoryEnumID="0" name="螃蟹" />
	<CreatureFamilyEntry id="9" minScale="0.7" minScaleLevel="1" maxScale="1.0" maxScaleLevel="60" skillLine1="215" skillLine2="270" petFoodMask="48" TalentType="0" categoryEnumID="0" name="猩猩" />
	<CreatureFamilyEntry id="11" minScale="0.5" minScaleLevel="1" maxScale="0.8" maxScaleLevel="60" skillLine1="217" skillLine2="270" petFoodMask="1" TalentType="0" categoryEnumID="0" name="迅猛龙" />
	<CreatureFamilyEntry id="12" minScale="0.5" minScaleLevel="1" maxScale="0.8" maxScaleLevel="60" skillLine1="218" skillLine2="270" petFoodMask="52" TalentType="0" categoryEnumID="0" name="陆行鸟" />
	<CreatureFamilyEntry id="15" minScale="0.7" minScaleLevel="1" maxScale="0.7" maxScaleLevel="60" skillLine1="189" skillLine2="0" petFoodMask="0" TalentType="0" categoryEnumID="0" name="地狱猎犬" />
	<CreatureFamilyEntry id="16" minScale="0.8" minScaleLevel="1" maxScale="0.8" maxScaleLevel="60" skillLine1="204" skillLine2="0" petFoodMask="0" TalentType="0" categoryEnumID="0" name="虚空行者" />
	<CreatureFamilyEntry id="17" minScale="1.0" minScaleLevel="1" maxScale="1.0" maxScaleLevel="60" skillLine1="205" skillLine2="0" petFoodMask="0" TalentType="0" categoryEnumID="0" name="魅魔" />
	<CreatureFamilyEntry id="19" minScale="1.0" minScaleLevel="1" maxScale="1.0" maxScaleLevel="60" skillLine1="207" skillLine2="0" petFoodMask="0" TalentType="0" categoryEnumID="0" name="末日守卫" />
	<CreatureFamilyEntry id="20" minScale="0.7" minScaleLevel="1" maxScale="1.0" maxScaleLevel="60" skillLine1="236" skillLine2="270" petFoodMask="1" TalentType="0" categoryEnumID="0" name="蝎子" />
	<CreatureFamilyEntry id="21" minScale="0.5" minScaleLevel="1" maxScale="0.8" maxScaleLevel="60" skillLine1="251" skillLine2="270" petFoodMask="178" TalentType="0" categoryEnumID="0" name="海龟" />
	<CreatureFamilyEntry id="23" minScale="0.5" minScaleLevel="1" maxScale="0.5" maxScaleLevel="60" skillLine1="188" skillLine2="270" petFoodMask="0" TalentType="0" categoryEnumID="0" name="小鬼" />
	<CreatureFamilyEntry id="24" minScale="0.4" minScaleLevel="1" maxScale="0.7" maxScaleLevel="60" skillLine1="653" skillLine2="270" petFoodMask="48" TalentType="0" categoryEnumID="0" name="蝙蝠" />
	<CreatureFamilyEntry id="25" minScale="0.7" minScaleLevel="1" maxScale="0.9" maxScaleLevel="60" skillLine1="654" skillLine2="270" petFoodMask="33" TalentType="0" categoryEnumID="0" name="土狼" />
	<CreatureFamilyEntry id="26" minScale="0.5" minScaleLevel="1" maxScale="0.8" maxScaleLevel="60" skillLine1="655" skillLine2="270" petFoodMask="1" TalentType="0" categoryEnumID="0" name="猫头鹰" />
	<CreatureFamilyEntry id="27" minScale="0.5" minScaleLevel="1" maxScale="0.7" maxScaleLevel="60" skillLine1="656" skillLine2="270" petFoodMask="14" TalentType="0" categoryEnumID="0" name="风蛇" />
	<CreatureFamilyEntry id="28" minScale="0.0" minScaleLevel="0" maxScale="0.0" maxScaleLevel="0" skillLine1="758" skillLine2="0" petFoodMask="0" TalentType="0" categoryEnumID="0" name="远程控制" />
</CreatureFamilyEntryList>