<?xml version="1.0" encoding="UTF-8" standalone="yes"?>
<CreatureTypeEntryList>
	<CreatureTypeEntry id="1" name="野兽" noExpirience="0" />
	<CreatureTypeEntry id="2" name="龙类" noExpirience="0" />
	<CreatureTypeEntry id="3" name="恶魔" noExpirience="0" />
	<CreatureTypeEntry id="4" name="元素生物" noExpirience="0" />
	<CreatureTypeEntry id="5" name="巨人" noExpirience="0" />
	<CreatureTypeEntry id="6" name="亡灵" noExpirience="0" />
	<CreatureTypeEntry id="7" name="人型生物" noExpirience="0" />
	<CreatureTypeEntry id="8" name="小动物" noExpirience="0" />
	<CreatureTypeEntry id="9" name="机械" noExpirience="0" />
	<CreatureTypeEntry id="10" name="未指定" noExpirience="0" />
	<CreatureTypeEntry id="11" name="图腾" noExpirience="3885995239" />
</CreatureTypeEntryList>