<?xml version="1.0" encoding="UTF-8" standalone="yes"?>
<CreatureSpellDataEntryList>
	<CreatureSpellDataEntry id="5525" spellId1="24450" spellId2="0" spellId3="0" spellId4="0" availability1="100" availability2="0" availability3="0" availability4="0" />
	<CreatureSpellDataEntry id="5786" spellId1="1742" spellId2="0" spellId3="0" spellId4="0" availability1="100" availability2="0" availability3="0" availability4="0" />
	<CreatureSpellDataEntry id="5787" spellId1="1756" spellId2="23148" spellId3="0" spellId4="0" availability1="100" availability2="100" availability3="0" availability4="0" />
	<CreatureSpellDataEntry id="5788" spellId1="1756" spellId2="0" spellId3="0" spellId4="0" availability1="100" availability2="0" availability3="0" availability4="0" />
	<CreatureSpellDataEntry id="5789" spellId1="16697" spellId2="24579" spellId3="0" spellId4="0" availability1="100" availability2="100" availability3="0" availability4="0" />
	<CreatureSpellDataEntry id="5790" spellId1="1754" spellId2="23145" spellId3="0" spellId4="0" availability1="100" availability2="100" availability3="0" availability4="0" />
	<CreatureSpellDataEntry id="5791" spellId1="1755" spellId2="23145" spellId3="24577" spellId4="0" availability1="100" availability2="100" availability3="100" availability4="0" />
	<CreatureSpellDataEntry id="5792" spellId1="1755" spellId2="23147" spellId3="0" spellId4="0" availability1="100" availability2="100" availability3="0" availability4="0" />
	<CreatureSpellDataEntry id="5793" spellId1="1756" spellId2="23148" spellId3="24578" spellId4="0" availability1="100" availability2="100" availability3="100" availability4="0" />
	<CreatureSpellDataEntry id="5794" spellId1="1754" spellId2="23145" spellId3="0" spellId4="0" availability1="100" availability2="100" availability3="0" availability4="0" />
	<CreatureSpellDataEntry id="5795" spellId1="16827" spellId2="0" spellId3="0" spellId4="0" availability1="100" availability2="0" availability3="0" availability4="0" />
	<CreatureSpellDataEntry id="5796" spellId1="16827" spellId2="0" spellId3="0" spellId4="0" availability1="100" availability2="0" availability3="0" availability4="0" />
	<CreatureSpellDataEntry id="5797" spellId1="16828" spellId2="0" spellId3="0" spellId4="0" availability1="100" availability2="0" availability3="0" availability4="0" />
	<CreatureSpellDataEntry id="5798" spellId1="16828" spellId2="0" spellId3="0" spellId4="0" availability1="100" availability2="0" availability3="0" availability4="0" />
	<CreatureSpellDataEntry id="5799" spellId1="16828" spellId2="0" spellId3="0" spellId4="0" availability1="100" availability2="0" availability3="0" availability4="0" />
	<CreatureSpellDataEntry id="5800" spellId1="17253" spellId2="0" spellId3="0" spellId4="0" availability1="100" availability2="0" availability3="0" availability4="0" />
	<CreatureSpellDataEntry id="5801" spellId1="16829" spellId2="0" spellId3="0" spellId4="0" availability1="100" availability2="0" availability3="0" availability4="0" />
	<CreatureSpellDataEntry id="5802" spellId1="16829" spellId2="0" spellId3="0" spellId4="0" availability1="100" availability2="0" availability3="0" availability4="0" />
	<CreatureSpellDataEntry id="5803" spellId1="16829" spellId2="0" spellId3="0" spellId4="0" availability1="100" availability2="0" availability3="0" availability4="0" />
	<CreatureSpellDataEntry id="5804" spellId1="16829" spellId2="0" spellId3="0" spellId4="0" availability1="100" availability2="0" availability3="0" availability4="0" />
	<CreatureSpellDataEntry id="5805" spellId1="16830" spellId2="0" spellId3="0" spellId4="0" availability1="100" availability2="0" availability3="0" availability4="0" />
	<CreatureSpellDataEntry id="5806" spellId1="16832" spellId2="0" spellId3="0" spellId4="0" availability1="100" availability2="0" availability3="0" availability4="0" />
	<CreatureSpellDataEntry id="5807" spellId1="3010" spellId2="0" spellId3="0" spellId4="0" availability1="100" availability2="0" availability3="0" availability4="0" />
	<CreatureSpellDataEntry id="5808" spellId1="3010" spellId2="0" spellId3="0" spellId4="0" availability1="100" availability2="0" availability3="0" availability4="0" />
	<CreatureSpellDataEntry id="5809" spellId1="3010" spellId2="0" spellId3="0" spellId4="0" availability1="100" availability2="0" availability3="0" availability4="0" />
	<CreatureSpellDataEntry id="5810" spellId1="3010" spellId2="0" spellId3="0" spellId4="0" availability1="100" availability2="0" availability3="0" availability4="0" />
	<CreatureSpellDataEntry id="5811" spellId1="3009" spellId2="0" spellId3="0" spellId4="0" availability1="100" availability2="0" availability3="0" availability4="0" />
	<CreatureSpellDataEntry id="5812" spellId1="16828" spellId2="0" spellId3="0" spellId4="0" availability1="100" availability2="0" availability3="0" availability4="0" />
	<CreatureSpellDataEntry id="5813" spellId1="16832" spellId2="0" spellId3="0" spellId4="0" availability1="100" availability2="0" availability3="0" availability4="0" />
	<CreatureSpellDataEntry id="5814" spellId1="16828" spellId2="0" spellId3="0" spellId4="0" availability1="100" availability2="0" availability3="0" availability4="0" />
	<CreatureSpellDataEntry id="5815" spellId1="16829" spellId2="0" spellId3="0" spellId4="0" availability1="100" availability2="0" availability3="0" availability4="0" />
	<CreatureSpellDataEntry id="5816" spellId1="1742" spellId2="0" spellId3="0" spellId4="0" availability1="100" availability2="0" availability3="0" availability4="0" />
	<CreatureSpellDataEntry id="5817" spellId1="1742" spellId2="0" spellId3="0" spellId4="0" availability1="100" availability2="0" availability3="0" availability4="0" />
	<CreatureSpellDataEntry id="5818" spellId1="1742" spellId2="0" spellId3="0" spellId4="0" availability1="100" availability2="0" availability3="0" availability4="0" />
	<CreatureSpellDataEntry id="5819" spellId1="1742" spellId2="0" spellId3="0" spellId4="0" availability1="100" availability2="0" availability3="0" availability4="0" />
	<CreatureSpellDataEntry id="5820" spellId1="1742" spellId2="0" spellId3="0" spellId4="0" availability1="100" availability2="0" availability3="0" availability4="0" />
	<CreatureSpellDataEntry id="5821" spellId1="1742" spellId2="0" spellId3="0" spellId4="0" availability1="100" availability2="0" availability3="0" availability4="0" />
	<CreatureSpellDataEntry id="5822" spellId1="1753" spellId2="0" spellId3="0" spellId4="0" availability1="100" availability2="0" availability3="0" availability4="0" />
	<CreatureSpellDataEntry id="5823" spellId1="1753" spellId2="0" spellId3="0" spellId4="0" availability1="100" availability2="0" availability3="0" availability4="0" />
	<CreatureSpellDataEntry id="5824" spellId1="1753" spellId2="0" spellId3="0" spellId4="0" availability1="100" availability2="0" availability3="0" availability4="0" />
	<CreatureSpellDataEntry id="5825" spellId1="1753" spellId2="0" spellId3="0" spellId4="0" availability1="100" availability2="0" availability3="0" availability4="0" />
	<CreatureSpellDataEntry id="5826" spellId1="1754" spellId2="0" spellId3="0" spellId4="0" availability1="100" availability2="0" availability3="0" availability4="0" />
	<CreatureSpellDataEntry id="5827" spellId1="1754" spellId2="0" spellId3="0" spellId4="0" availability1="100" availability2="0" availability3="0" availability4="0" />
	<CreatureSpellDataEntry id="5828" spellId1="1754" spellId2="0" spellId3="0" spellId4="0" availability1="100" availability2="0" availability3="0" availability4="0" />
	<CreatureSpellDataEntry id="5829" spellId1="1754" spellId2="0" spellId3="0" spellId4="0" availability1="100" availability2="0" availability3="0" availability4="0" />
	<CreatureSpellDataEntry id="5830" spellId1="1754" spellId2="0" spellId3="0" spellId4="0" availability1="100" availability2="0" availability3="0" availability4="0" />
	<CreatureSpellDataEntry id="5831" spellId1="1755" spellId2="24450" spellId3="0" spellId4="0" availability1="100" availability2="100" availability3="0" availability4="0" />
	<CreatureSpellDataEntry id="5832" spellId1="1755" spellId2="0" spellId3="0" spellId4="0" availability1="100" availability2="0" availability3="0" availability4="0" />
	<CreatureSpellDataEntry id="5833" spellId1="1756" spellId2="24453" spellId3="0" spellId4="0" availability1="100" availability2="100" availability3="0" availability4="0" />
	<CreatureSpellDataEntry id="5834" spellId1="16697" spellId2="0" spellId3="0" spellId4="0" availability1="100" availability2="0" availability3="0" availability4="0" />
	<CreatureSpellDataEntry id="5835" spellId1="16827" spellId2="0" spellId3="0" spellId4="0" availability1="100" availability2="0" availability3="0" availability4="0" />
	<CreatureSpellDataEntry id="5836" spellId1="16828" spellId2="0" spellId3="0" spellId4="0" availability1="100" availability2="0" availability3="0" availability4="0" />
	<CreatureSpellDataEntry id="5837" spellId1="16828" spellId2="0" spellId3="0" spellId4="0" availability1="100" availability2="0" availability3="0" availability4="0" />
	<CreatureSpellDataEntry id="5838" spellId1="16828" spellId2="0" spellId3="0" spellId4="0" availability1="100" availability2="0" availability3="0" availability4="0" />
	<CreatureSpellDataEntry id="5839" spellId1="16828" spellId2="0" spellId3="0" spellId4="0" availability1="100" availability2="0" availability3="0" availability4="0" />
	<CreatureSpellDataEntry id="5840" spellId1="16829" spellId2="0" spellId3="0" spellId4="0" availability1="100" availability2="0" availability3="0" availability4="0" />
	<CreatureSpellDataEntry id="5841" spellId1="16829" spellId2="0" spellId3="0" spellId4="0" availability1="100" availability2="0" availability3="0" availability4="0" />
	<CreatureSpellDataEntry id="5842" spellId1="16829" spellId2="0" spellId3="0" spellId4="0" availability1="100" availability2="0" availability3="0" availability4="0" />
	<CreatureSpellDataEntry id="5843" spellId1="16829" spellId2="0" spellId3="0" spellId4="0" availability1="100" availability2="0" availability3="0" availability4="0" />
	<CreatureSpellDataEntry id="5844" spellId1="16830" spellId2="0" spellId3="0" spellId4="0" availability1="100" availability2="0" availability3="0" availability4="0" />
	<CreatureSpellDataEntry id="5845" spellId1="16832" spellId2="0" spellId3="0" spellId4="0" availability1="100" availability2="0" availability3="0" availability4="0" />
	<CreatureSpellDataEntry id="5846" spellId1="16832" spellId2="0" spellId3="0" spellId4="0" availability1="100" availability2="0" availability3="0" availability4="0" />
	<CreatureSpellDataEntry id="5847" spellId1="17255" spellId2="0" spellId3="0" spellId4="0" availability1="100" availability2="0" availability3="0" availability4="0" />
	<CreatureSpellDataEntry id="5848" spellId1="17256" spellId2="0" spellId3="0" spellId4="0" availability1="100" availability2="0" availability3="0" availability4="0" />
	<CreatureSpellDataEntry id="5849" spellId1="17257" spellId2="0" spellId3="0" spellId4="0" availability1="100" availability2="0" availability3="0" availability4="0" />
	<CreatureSpellDataEntry id="5851" spellId1="16831" spellId2="0" spellId3="0" spellId4="0" availability1="100" availability2="0" availability3="0" availability4="0" />
	<CreatureSpellDataEntry id="5852" spellId1="17258" spellId2="0" spellId3="0" spellId4="0" availability1="100" availability2="0" availability3="0" availability4="0" />
	<CreatureSpellDataEntry id="5853" spellId1="17258" spellId2="0" spellId3="0" spellId4="0" availability1="100" availability2="0" availability3="0" availability4="0" />
	<CreatureSpellDataEntry id="5854" spellId1="17259" spellId2="0" spellId3="0" spellId4="0" availability1="100" availability2="0" availability3="0" availability4="0" />
	<CreatureSpellDataEntry id="5855" spellId1="17259" spellId2="0" spellId3="0" spellId4="0" availability1="100" availability2="0" availability3="0" availability4="0" />
	<CreatureSpellDataEntry id="5856" spellId1="17256" spellId2="0" spellId3="0" spellId4="0" availability1="100" availability2="0" availability3="0" availability4="0" />
	<CreatureSpellDataEntry id="5857" spellId1="17260" spellId2="0" spellId3="0" spellId4="0" availability1="100" availability2="0" availability3="0" availability4="0" />
	<CreatureSpellDataEntry id="5858" spellId1="17259" spellId2="0" spellId3="0" spellId4="0" availability1="100" availability2="0" availability3="0" availability4="0" />
	<CreatureSpellDataEntry id="5859" spellId1="16827" spellId2="0" spellId3="0" spellId4="0" availability1="100" availability2="0" availability3="0" availability4="0" />
	<CreatureSpellDataEntry id="5860" spellId1="16828" spellId2="0" spellId3="0" spellId4="0" availability1="100" availability2="0" availability3="0" availability4="0" />
	<CreatureSpellDataEntry id="5861" spellId1="3010" spellId2="23148" spellId3="0" spellId4="0" availability1="100" availability2="100" availability3="0" availability4="0" />
	<CreatureSpellDataEntry id="5862" spellId1="3010" spellId2="23148" spellId3="0" spellId4="0" availability1="100" availability2="100" availability3="0" availability4="0" />
	<CreatureSpellDataEntry id="5863" spellId1="3009" spellId2="23148" spellId3="24579" spellId4="0" availability1="100" availability2="100" availability3="100" availability4="0" />
	<CreatureSpellDataEntry id="5864" spellId1="16827" spellId2="0" spellId3="0" spellId4="0" availability1="100" availability2="0" availability3="0" availability4="0" />
	<CreatureSpellDataEntry id="5865" spellId1="16828" spellId2="24640" spellId3="0" spellId4="0" availability1="100" availability2="100" availability3="0" availability4="0" />
	<CreatureSpellDataEntry id="5866" spellId1="16830" spellId2="24583" spellId3="0" spellId4="0" availability1="100" availability2="100" availability3="0" availability4="0" />
	<CreatureSpellDataEntry id="5867" spellId1="16830" spellId2="24583" spellId3="0" spellId4="0" availability1="100" availability2="100" availability3="0" availability4="0" />
	<CreatureSpellDataEntry id="5868" spellId1="16831" spellId2="24583" spellId3="0" spellId4="0" availability1="100" availability2="100" availability3="0" availability4="0" />
	<CreatureSpellDataEntry id="5869" spellId1="16832" spellId2="24586" spellId3="0" spellId4="0" availability1="100" availability2="100" availability3="0" availability4="0" />
	<CreatureSpellDataEntry id="5870" spellId1="16832" spellId2="24586" spellId3="0" spellId4="0" availability1="100" availability2="100" availability3="0" availability4="0" />
	<CreatureSpellDataEntry id="5871" spellId1="3010" spellId2="24586" spellId3="0" spellId4="0" availability1="100" availability2="100" availability3="0" availability4="0" />
	<CreatureSpellDataEntry id="5872" spellId1="3010" spellId2="24586" spellId3="0" spellId4="0" availability1="100" availability2="100" availability3="0" availability4="0" />
	<CreatureSpellDataEntry id="5873" spellId1="16831" spellId2="0" spellId3="0" spellId4="0" availability1="100" availability2="0" availability3="0" availability4="0" />
	<CreatureSpellDataEntry id="5874" spellId1="3010" spellId2="24586" spellId3="0" spellId4="0" availability1="100" availability2="100" availability3="0" availability4="0" />
	<CreatureSpellDataEntry id="5875" spellId1="16827" spellId2="0" spellId3="0" spellId4="0" availability1="100" availability2="0" availability3="0" availability4="0" />
	<CreatureSpellDataEntry id="5876" spellId1="16828" spellId2="24640" spellId3="0" spellId4="0" availability1="100" availability2="100" availability3="0" availability4="0" />
	<CreatureSpellDataEntry id="5877" spellId1="16831" spellId2="24583" spellId3="0" spellId4="0" availability1="100" availability2="100" availability3="0" availability4="0" />
	<CreatureSpellDataEntry id="5878" spellId1="3010" spellId2="24586" spellId3="0" spellId4="0" availability1="100" availability2="100" availability3="0" availability4="0" />
	<CreatureSpellDataEntry id="5879" spellId1="17253" spellId2="0" spellId3="0" spellId4="0" availability1="100" availability2="0" availability3="0" availability4="0" />
	<CreatureSpellDataEntry id="5880" spellId1="17253" spellId2="0" spellId3="0" spellId4="0" availability1="100" availability2="0" availability3="0" availability4="0" />
	<CreatureSpellDataEntry id="5881" spellId1="17253" spellId2="0" spellId3="0" spellId4="0" availability1="100" availability2="0" availability3="0" availability4="0" />
	<CreatureSpellDataEntry id="5882" spellId1="17253" spellId2="0" spellId3="0" spellId4="0" availability1="100" availability2="0" availability3="0" availability4="0" />
	<CreatureSpellDataEntry id="5883" spellId1="17255" spellId2="0" spellId3="0" spellId4="0" availability1="100" availability2="0" availability3="0" availability4="0" />
	<CreatureSpellDataEntry id="5884" spellId1="17255" spellId2="0" spellId3="0" spellId4="0" availability1="100" availability2="0" availability3="0" availability4="0" />
	<CreatureSpellDataEntry id="5885" spellId1="17255" spellId2="0" spellId3="0" spellId4="0" availability1="100" availability2="0" availability3="0" availability4="0" />
	<CreatureSpellDataEntry id="5886" spellId1="17255" spellId2="0" spellId3="0" spellId4="0" availability1="100" availability2="0" availability3="0" availability4="0" />
	<CreatureSpellDataEntry id="5887" spellId1="17255" spellId2="0" spellId3="0" spellId4="0" availability1="100" availability2="0" availability3="0" availability4="0" />
	<CreatureSpellDataEntry id="5888" spellId1="17255" spellId2="0" spellId3="0" spellId4="0" availability1="100" availability2="0" availability3="0" availability4="0" />
	<CreatureSpellDataEntry id="5889" spellId1="17256" spellId2="0" spellId3="0" spellId4="0" availability1="100" availability2="0" availability3="0" availability4="0" />
	<CreatureSpellDataEntry id="5890" spellId1="17256" spellId2="0" spellId3="0" spellId4="0" availability1="100" availability2="0" availability3="0" availability4="0" />
	<CreatureSpellDataEntry id="5891" spellId1="17256" spellId2="0" spellId3="0" spellId4="0" availability1="100" availability2="0" availability3="0" availability4="0" />
	<CreatureSpellDataEntry id="5892" spellId1="17256" spellId2="0" spellId3="0" spellId4="0" availability1="100" availability2="0" availability3="0" availability4="0" />
	<CreatureSpellDataEntry id="5893" spellId1="17256" spellId2="0" spellId3="0" spellId4="0" availability1="100" availability2="0" availability3="0" availability4="0" />
	<CreatureSpellDataEntry id="5894" spellId1="17256" spellId2="0" spellId3="0" spellId4="0" availability1="100" availability2="0" availability3="0" availability4="0" />
	<CreatureSpellDataEntry id="5895" spellId1="17257" spellId2="0" spellId3="0" spellId4="0" availability1="100" availability2="0" availability3="0" availability4="0" />
	<CreatureSpellDataEntry id="5896" spellId1="17257" spellId2="0" spellId3="0" spellId4="0" availability1="100" availability2="0" availability3="0" availability4="0" />
	<CreatureSpellDataEntry id="5897" spellId1="17257" spellId2="0" spellId3="0" spellId4="0" availability1="100" availability2="0" availability3="0" availability4="0" />
	<CreatureSpellDataEntry id="5898" spellId1="17258" spellId2="0" spellId3="0" spellId4="0" availability1="100" availability2="0" availability3="0" availability4="0" />
	<CreatureSpellDataEntry id="5899" spellId1="17258" spellId2="0" spellId3="0" spellId4="0" availability1="100" availability2="0" availability3="0" availability4="0" />
	<CreatureSpellDataEntry id="5900" spellId1="17258" spellId2="0" spellId3="0" spellId4="0" availability1="100" availability2="0" availability3="0" availability4="0" />
	<CreatureSpellDataEntry id="5901" spellId1="17258" spellId2="0" spellId3="0" spellId4="0" availability1="100" availability2="0" availability3="0" availability4="0" />
	<CreatureSpellDataEntry id="5902" spellId1="17258" spellId2="0" spellId3="0" spellId4="0" availability1="100" availability2="0" availability3="0" availability4="0" />
	<CreatureSpellDataEntry id="5903" spellId1="17259" spellId2="0" spellId3="0" spellId4="0" availability1="100" availability2="0" availability3="0" availability4="0" />
	<CreatureSpellDataEntry id="5904" spellId1="17259" spellId2="0" spellId3="0" spellId4="0" availability1="100" availability2="0" availability3="0" availability4="0" />
	<CreatureSpellDataEntry id="5905" spellId1="17259" spellId2="0" spellId3="0" spellId4="0" availability1="100" availability2="0" availability3="0" availability4="0" />
	<CreatureSpellDataEntry id="5906" spellId1="17260" spellId2="0" spellId3="0" spellId4="0" availability1="100" availability2="0" availability3="0" availability4="0" />
	<CreatureSpellDataEntry id="5907" spellId1="17260" spellId2="0" spellId3="0" spellId4="0" availability1="100" availability2="0" availability3="0" availability4="0" />
	<CreatureSpellDataEntry id="5908" spellId1="17255" spellId2="0" spellId3="0" spellId4="0" availability1="100" availability2="0" availability3="0" availability4="0" />
	<CreatureSpellDataEntry id="5909" spellId1="17256" spellId2="0" spellId3="0" spellId4="0" availability1="100" availability2="0" availability3="0" availability4="0" />
	<CreatureSpellDataEntry id="5910" spellId1="17257" spellId2="0" spellId3="0" spellId4="0" availability1="100" availability2="0" availability3="0" availability4="0" />
	<CreatureSpellDataEntry id="5911" spellId1="17257" spellId2="0" spellId3="0" spellId4="0" availability1="100" availability2="0" availability3="0" availability4="0" />
	<CreatureSpellDataEntry id="5912" spellId1="17260" spellId2="0" spellId3="0" spellId4="0" availability1="100" availability2="0" availability3="0" availability4="0" />
	<CreatureSpellDataEntry id="5913" spellId1="17253" spellId2="0" spellId3="0" spellId4="0" availability1="100" availability2="0" availability3="0" availability4="0" />
	<CreatureSpellDataEntry id="5914" spellId1="17255" spellId2="0" spellId3="0" spellId4="0" availability1="100" availability2="0" availability3="0" availability4="0" />
	<CreatureSpellDataEntry id="5915" spellId1="1742" spellId2="0" spellId3="0" spellId4="0" availability1="100" availability2="0" availability3="0" availability4="0" />
	<CreatureSpellDataEntry id="5916" spellId1="1742" spellId2="0" spellId3="0" spellId4="0" availability1="100" availability2="0" availability3="0" availability4="0" />
	<CreatureSpellDataEntry id="5917" spellId1="1742" spellId2="0" spellId3="0" spellId4="0" availability1="100" availability2="0" availability3="0" availability4="0" />
	<CreatureSpellDataEntry id="5918" spellId1="1753" spellId2="0" spellId3="0" spellId4="0" availability1="100" availability2="0" availability3="0" availability4="0" />
	<CreatureSpellDataEntry id="5919" spellId1="1753" spellId2="0" spellId3="0" spellId4="0" availability1="100" availability2="0" availability3="0" availability4="0" />
	<CreatureSpellDataEntry id="5921" spellId1="1742" spellId2="0" spellId3="0" spellId4="0" availability1="100" availability2="0" availability3="0" availability4="0" />
	<CreatureSpellDataEntry id="5922" spellId1="1755" spellId2="23099" spellId3="0" spellId4="0" availability1="100" availability2="100" availability3="0" availability4="0" />
	<CreatureSpellDataEntry id="5923" spellId1="17255" spellId2="0" spellId3="0" spellId4="0" availability1="100" availability2="0" availability3="0" availability4="0" />
	<CreatureSpellDataEntry id="5924" spellId1="17257" spellId2="26064" spellId3="0" spellId4="0" availability1="100" availability2="100" availability3="0" availability4="0" />
	<CreatureSpellDataEntry id="5925" spellId1="17258" spellId2="0" spellId3="0" spellId4="0" availability1="100" availability2="0" availability3="0" availability4="0" />
	<CreatureSpellDataEntry id="5926" spellId1="17258" spellId2="0" spellId3="0" spellId4="0" availability1="100" availability2="0" availability3="0" availability4="0" />
	<CreatureSpellDataEntry id="5927" spellId1="17259" spellId2="0" spellId3="0" spellId4="0" availability1="100" availability2="0" availability3="0" availability4="0" />
	<CreatureSpellDataEntry id="5928" spellId1="17260" spellId2="0" spellId3="0" spellId4="0" availability1="100" availability2="0" availability3="0" availability4="0" />
	<CreatureSpellDataEntry id="5929" spellId1="17256" spellId2="26064" spellId3="0" spellId4="0" availability1="100" availability2="100" availability3="0" availability4="0" />
	<CreatureSpellDataEntry id="5930" spellId1="17257" spellId2="26064" spellId3="0" spellId4="0" availability1="100" availability2="100" availability3="0" availability4="0" />
	<CreatureSpellDataEntry id="5931" spellId1="17260" spellId2="26064" spellId3="0" spellId4="0" availability1="100" availability2="100" availability3="0" availability4="0" />
	<CreatureSpellDataEntry id="5932" spellId1="17257" spellId2="26064" spellId3="0" spellId4="0" availability1="100" availability2="100" availability3="0" availability4="0" />
	<CreatureSpellDataEntry id="5933" spellId1="17260" spellId2="26064" spellId3="0" spellId4="0" availability1="100" availability2="100" availability3="0" availability4="0" />
	<CreatureSpellDataEntry id="5934" spellId1="17256" spellId2="26064" spellId3="0" spellId4="0" availability1="100" availability2="100" availability3="0" availability4="0" />
	<CreatureSpellDataEntry id="5935" spellId1="17253" spellId2="0" spellId3="0" spellId4="0" availability1="100" availability2="0" availability3="0" availability4="0" />
	<CreatureSpellDataEntry id="5936" spellId1="17253" spellId2="0" spellId3="0" spellId4="0" availability1="100" availability2="0" availability3="0" availability4="0" />
	<CreatureSpellDataEntry id="5937" spellId1="17253" spellId2="0" spellId3="0" spellId4="0" availability1="100" availability2="0" availability3="0" availability4="0" />
	<CreatureSpellDataEntry id="5938" spellId1="17253" spellId2="0" spellId3="0" spellId4="0" availability1="100" availability2="0" availability3="0" availability4="0" />
	<CreatureSpellDataEntry id="5939" spellId1="17253" spellId2="0" spellId3="0" spellId4="0" availability1="100" availability2="0" availability3="0" availability4="0" />
	<CreatureSpellDataEntry id="5940" spellId1="17253" spellId2="0" spellId3="0" spellId4="0" availability1="100" availability2="0" availability3="0" availability4="0" />
	<CreatureSpellDataEntry id="5941" spellId1="17255" spellId2="0" spellId3="0" spellId4="0" availability1="100" availability2="0" availability3="0" availability4="0" />
	<CreatureSpellDataEntry id="5942" spellId1="17255" spellId2="24604" spellId3="0" spellId4="0" availability1="100" availability2="100" availability3="0" availability4="0" />
	<CreatureSpellDataEntry id="5943" spellId1="17255" spellId2="0" spellId3="0" spellId4="0" availability1="100" availability2="0" availability3="0" availability4="0" />
	<CreatureSpellDataEntry id="5944" spellId1="17255" spellId2="0" spellId3="0" spellId4="0" availability1="100" availability2="0" availability3="0" availability4="0" />
	<CreatureSpellDataEntry id="5945" spellId1="17255" spellId2="24604" spellId3="0" spellId4="0" availability1="100" availability2="100" availability3="0" availability4="0" />
	<CreatureSpellDataEntry id="5946" spellId1="17255" spellId2="24604" spellId3="0" spellId4="0" availability1="100" availability2="100" availability3="0" availability4="0" />
	<CreatureSpellDataEntry id="5947" spellId1="17256" spellId2="0" spellId3="0" spellId4="0" availability1="100" availability2="0" availability3="0" availability4="0" />
	<CreatureSpellDataEntry id="5948" spellId1="17256" spellId2="0" spellId3="0" spellId4="0" availability1="100" availability2="0" availability3="0" availability4="0" />
	<CreatureSpellDataEntry id="5949" spellId1="17257" spellId2="0" spellId3="0" spellId4="0" availability1="100" availability2="0" availability3="0" availability4="0" />
	<CreatureSpellDataEntry id="5950" spellId1="17257" spellId2="24605" spellId3="0" spellId4="0" availability1="100" availability2="100" availability3="0" availability4="0" />
	<CreatureSpellDataEntry id="5951" spellId1="17257" spellId2="24605" spellId3="0" spellId4="0" availability1="100" availability2="100" availability3="0" availability4="0" />
	<CreatureSpellDataEntry id="5952" spellId1="17258" spellId2="23099" spellId3="0" spellId4="0" availability1="100" availability2="100" availability3="0" availability4="0" />
	<CreatureSpellDataEntry id="5953" spellId1="17259" spellId2="23109" spellId3="24603" spellId4="0" availability1="100" availability2="100" availability3="100" availability4="0" />
	<CreatureSpellDataEntry id="5954" spellId1="17259" spellId2="24603" spellId3="0" spellId4="0" availability1="100" availability2="100" availability3="0" availability4="0" />
	<CreatureSpellDataEntry id="5955" spellId1="17260" spellId2="0" spellId3="0" spellId4="0" availability1="100" availability2="0" availability3="0" availability4="0" />
	<CreatureSpellDataEntry id="5956" spellId1="17260" spellId2="0" spellId3="0" spellId4="0" availability1="100" availability2="0" availability3="0" availability4="0" />
	<CreatureSpellDataEntry id="5957" spellId1="17259" spellId2="0" spellId3="0" spellId4="0" availability1="100" availability2="0" availability3="0" availability4="0" />
	<CreatureSpellDataEntry id="5958" spellId1="17260" spellId2="23110" spellId3="0" spellId4="0" availability1="100" availability2="100" availability3="0" availability4="0" />
	<CreatureSpellDataEntry id="5959" spellId1="17255" spellId2="0" spellId3="0" spellId4="0" availability1="100" availability2="0" availability3="0" availability4="0" />
	<CreatureSpellDataEntry id="5960" spellId1="17256" spellId2="0" spellId3="0" spellId4="0" availability1="100" availability2="0" availability3="0" availability4="0" />
	<CreatureSpellDataEntry id="5961" spellId1="17259" spellId2="0" spellId3="0" spellId4="0" availability1="100" availability2="0" availability3="0" availability4="0" />
	<CreatureSpellDataEntry id="5962" spellId1="17259" spellId2="23109" spellId3="0" spellId4="0" availability1="100" availability2="100" availability3="0" availability4="0" />
	<CreatureSpellDataEntry id="5963" spellId1="17259" spellId2="24603" spellId3="0" spellId4="0" availability1="100" availability2="100" availability3="0" availability4="0" />
	<CreatureSpellDataEntry id="7344" spellId1="17261" spellId2="23110" spellId3="24597" spellId4="0" availability1="100" availability2="100" availability3="100" availability4="0" />
	<CreatureSpellDataEntry id="8261" spellId1="26201" spellId2="0" spellId3="0" spellId4="0" availability1="100" availability2="0" availability3="0" availability4="0" />
	<CreatureSpellDataEntry id="8262" spellId1="23110" spellId2="26201" spellId3="0" spellId4="0" availability1="100" availability2="100" availability3="0" availability4="0" />
	<CreatureSpellDataEntry id="8263" spellId1="23099" spellId2="0" spellId3="0" spellId4="0" availability1="100" availability2="0" availability3="0" availability4="0" />
	<CreatureSpellDataEntry id="8264" spellId1="23099" spellId2="0" spellId3="0" spellId4="0" availability1="100" availability2="0" availability3="0" availability4="0" />
	<CreatureSpellDataEntry id="8265" spellId1="23099" spellId2="0" spellId3="0" spellId4="0" availability1="100" availability2="0" availability3="0" availability4="0" />
	<CreatureSpellDataEntry id="8266" spellId1="23109" spellId2="24452" spellId3="0" spellId4="0" availability1="100" availability2="100" availability3="0" availability4="0" />
	<CreatureSpellDataEntry id="8267" spellId1="23109" spellId2="24452" spellId3="0" spellId4="0" availability1="100" availability2="100" availability3="0" availability4="0" />
	<CreatureSpellDataEntry id="8268" spellId1="23110" spellId2="0" spellId3="0" spellId4="0" availability1="100" availability2="0" availability3="0" availability4="0" />
	<CreatureSpellDataEntry id="8270" spellId1="23110" spellId2="24453" spellId3="0" spellId4="0" availability1="100" availability2="100" availability3="0" availability4="0" />
	<CreatureSpellDataEntry id="8271" spellId1="23110" spellId2="0" spellId3="0" spellId4="0" availability1="100" availability2="0" availability3="0" availability4="0" />
	<CreatureSpellDataEntry id="8272" spellId1="23110" spellId2="24453" spellId3="0" spellId4="0" availability1="100" availability2="100" availability3="0" availability4="0" />
	<CreatureSpellDataEntry id="8274" spellId1="23110" spellId2="0" spellId3="0" spellId4="0" availability1="100" availability2="0" availability3="0" availability4="0" />
	<CreatureSpellDataEntry id="8275" spellId1="23099" spellId2="0" spellId3="0" spellId4="0" availability1="100" availability2="0" availability3="0" availability4="0" />
	<CreatureSpellDataEntry id="8276" spellId1="23110" spellId2="0" spellId3="0" spellId4="0" availability1="100" availability2="0" availability3="0" availability4="0" />
	<CreatureSpellDataEntry id="8278" spellId1="23099" spellId2="0" spellId3="0" spellId4="0" availability1="100" availability2="0" availability3="0" availability4="0" />
	<CreatureSpellDataEntry id="8279" spellId1="23109" spellId2="0" spellId3="0" spellId4="0" availability1="100" availability2="0" availability3="0" availability4="0" />
	<CreatureSpellDataEntry id="8280" spellId1="23099" spellId2="0" spellId3="0" spellId4="0" availability1="100" availability2="0" availability3="0" availability4="0" />
	<CreatureSpellDataEntry id="8281" spellId1="23099" spellId2="0" spellId3="0" spellId4="0" availability1="100" availability2="0" availability3="0" availability4="0" />
	<CreatureSpellDataEntry id="8282" spellId1="23099" spellId2="0" spellId3="0" spellId4="0" availability1="100" availability2="0" availability3="0" availability4="0" />
	<CreatureSpellDataEntry id="8283" spellId1="23109" spellId2="0" spellId3="0" spellId4="0" availability1="100" availability2="0" availability3="0" availability4="0" />
	<CreatureSpellDataEntry id="8284" spellId1="23109" spellId2="0" spellId3="0" spellId4="0" availability1="100" availability2="0" availability3="0" availability4="0" />
	<CreatureSpellDataEntry id="8285" spellId1="23109" spellId2="0" spellId3="0" spellId4="0" availability1="100" availability2="0" availability3="0" availability4="0" />
	<CreatureSpellDataEntry id="8286" spellId1="23110" spellId2="0" spellId3="0" spellId4="0" availability1="100" availability2="0" availability3="0" availability4="0" />
	<CreatureSpellDataEntry id="8287" spellId1="23099" spellId2="0" spellId3="0" spellId4="0" availability1="100" availability2="0" availability3="0" availability4="0" />
	<CreatureSpellDataEntry id="8288" spellId1="23109" spellId2="0" spellId3="0" spellId4="0" availability1="100" availability2="0" availability3="0" availability4="0" />
	<CreatureSpellDataEntry id="8289" spellId1="23110" spellId2="0" spellId3="0" spellId4="0" availability1="100" availability2="0" availability3="0" availability4="0" />
	<CreatureSpellDataEntry id="8292" spellId1="23099" spellId2="0" spellId3="0" spellId4="0" availability1="100" availability2="0" availability3="0" availability4="0" />
	<CreatureSpellDataEntry id="8293" spellId1="23099" spellId2="0" spellId3="0" spellId4="0" availability1="100" availability2="0" availability3="0" availability4="0" />
	<CreatureSpellDataEntry id="8294" spellId1="23099" spellId2="24605" spellId3="0" spellId4="0" availability1="100" availability2="100" availability3="0" availability4="0" />
	<CreatureSpellDataEntry id="8295" spellId1="23109" spellId2="0" spellId3="0" spellId4="0" availability1="100" availability2="0" availability3="0" availability4="0" />
	<CreatureSpellDataEntry id="8296" spellId1="23109" spellId2="0" spellId3="0" spellId4="0" availability1="100" availability2="0" availability3="0" availability4="0" />
	<CreatureSpellDataEntry id="8297" spellId1="23110" spellId2="0" spellId3="0" spellId4="0" availability1="100" availability2="0" availability3="0" availability4="0" />
	<CreatureSpellDataEntry id="8298" spellId1="23110" spellId2="0" spellId3="0" spellId4="0" availability1="100" availability2="0" availability3="0" availability4="0" />
	<CreatureSpellDataEntry id="8299" spellId1="23099" spellId2="0" spellId3="0" spellId4="0" availability1="100" availability2="0" availability3="0" availability4="0" />
	<CreatureSpellDataEntry id="8300" spellId1="23145" spellId2="0" spellId3="0" spellId4="0" availability1="100" availability2="0" availability3="0" availability4="0" />
	<CreatureSpellDataEntry id="8301" spellId1="23148" spellId2="0" spellId3="0" spellId4="0" availability1="100" availability2="0" availability3="0" availability4="0" />
	<CreatureSpellDataEntry id="8302" spellId1="23148" spellId2="0" spellId3="0" spellId4="0" availability1="100" availability2="0" availability3="0" availability4="0" />
	<CreatureSpellDataEntry id="8303" spellId1="23145" spellId2="0" spellId3="0" spellId4="0" availability1="100" availability2="0" availability3="0" availability4="0" />
	<CreatureSpellDataEntry id="8304" spellId1="23145" spellId2="0" spellId3="0" spellId4="0" availability1="100" availability2="0" availability3="0" availability4="0" />
	<CreatureSpellDataEntry id="8305" spellId1="23145" spellId2="0" spellId3="0" spellId4="0" availability1="100" availability2="0" availability3="0" availability4="0" />
	<CreatureSpellDataEntry id="8306" spellId1="23145" spellId2="0" spellId3="0" spellId4="0" availability1="100" availability2="0" availability3="0" availability4="0" />
	<CreatureSpellDataEntry id="8307" spellId1="23147" spellId2="0" spellId3="0" spellId4="0" availability1="100" availability2="0" availability3="0" availability4="0" />
	<CreatureSpellDataEntry id="8308" spellId1="23147" spellId2="0" spellId3="0" spellId4="0" availability1="100" availability2="0" availability3="0" availability4="0" />
	<CreatureSpellDataEntry id="8309" spellId1="23147" spellId2="0" spellId3="0" spellId4="0" availability1="100" availability2="0" availability3="0" availability4="0" />
	<CreatureSpellDataEntry id="8310" spellId1="23147" spellId2="0" spellId3="0" spellId4="0" availability1="100" availability2="0" availability3="0" availability4="0" />
	<CreatureSpellDataEntry id="8311" spellId1="23148" spellId2="24578" spellId3="0" spellId4="0" availability1="100" availability2="100" availability3="0" availability4="0" />
	<CreatureSpellDataEntry id="8312" spellId1="23148" spellId2="0" spellId3="0" spellId4="0" availability1="100" availability2="0" availability3="0" availability4="0" />
	<CreatureSpellDataEntry id="8313" spellId1="23148" spellId2="0" spellId3="0" spellId4="0" availability1="100" availability2="0" availability3="0" availability4="0" />
	<CreatureSpellDataEntry id="8314" spellId1="23148" spellId2="0" spellId3="0" spellId4="0" availability1="100" availability2="0" availability3="0" availability4="0" />
	<CreatureSpellDataEntry id="8315" spellId1="23147" spellId2="24578" spellId3="0" spellId4="0" availability1="100" availability2="100" availability3="0" availability4="0" />
	<CreatureSpellDataEntry id="8316" spellId1="23148" spellId2="0" spellId3="0" spellId4="0" availability1="100" availability2="0" availability3="0" availability4="0" />
	<CreatureSpellDataEntry id="8317" spellId1="23145" spellId2="0" spellId3="0" spellId4="0" availability1="100" availability2="0" availability3="0" availability4="0" />
	<CreatureSpellDataEntry id="8318" spellId1="23145" spellId2="25010" spellId3="0" spellId4="0" availability1="100" availability2="100" availability3="0" availability4="0" />
	<CreatureSpellDataEntry id="8319" spellId1="23145" spellId2="25010" spellId3="0" spellId4="0" availability1="100" availability2="100" availability3="0" availability4="0" />
	<CreatureSpellDataEntry id="8320" spellId1="23147" spellId2="25010" spellId3="0" spellId4="0" availability1="100" availability2="100" availability3="0" availability4="0" />
	<CreatureSpellDataEntry id="8321" spellId1="23147" spellId2="25010" spellId3="0" spellId4="0" availability1="100" availability2="100" availability3="0" availability4="0" />
	<CreatureSpellDataEntry id="8322" spellId1="23147" spellId2="25011" spellId3="0" spellId4="0" availability1="100" availability2="100" availability3="0" availability4="0" />
	<CreatureSpellDataEntry id="8323" spellId1="23148" spellId2="25011" spellId3="0" spellId4="0" availability1="100" availability2="100" availability3="0" availability4="0" />
	<CreatureSpellDataEntry id="8832" spellId1="24587" spellId2="0" spellId3="0" spellId4="0" availability1="100" availability2="0" availability3="0" availability4="0" />
	<CreatureSpellDataEntry id="8833" spellId1="24587" spellId2="0" spellId3="0" spellId4="0" availability1="100" availability2="0" availability3="0" availability4="0" />
	<CreatureSpellDataEntry id="8834" spellId1="24423" spellId2="0" spellId3="0" spellId4="0" availability1="100" availability2="0" availability3="0" availability4="0" />
	<CreatureSpellDataEntry id="8836" spellId1="24577" spellId2="0" spellId3="0" spellId4="0" availability1="100" availability2="0" availability3="0" availability4="0" />
	<CreatureSpellDataEntry id="8837" spellId1="24577" spellId2="0" spellId3="0" spellId4="0" availability1="100" availability2="0" availability3="0" availability4="0" />
	<CreatureSpellDataEntry id="8841" spellId1="24597" spellId2="0" spellId3="0" spellId4="0" availability1="100" availability2="0" availability3="0" availability4="0" />
	<CreatureSpellDataEntry id="8847" spellId1="24603" spellId2="0" spellId3="0" spellId4="0" availability1="100" availability2="0" availability3="0" availability4="0" />
	<CreatureSpellDataEntry id="8848" spellId1="24640" spellId2="0" spellId3="0" spellId4="0" availability1="100" availability2="0" availability3="0" availability4="0" />
	<CreatureSpellDataEntry id="8849" spellId1="24640" spellId2="0" spellId3="0" spellId4="0" availability1="100" availability2="0" availability3="0" availability4="0" />
	<CreatureSpellDataEntry id="8850" spellId1="24640" spellId2="0" spellId3="0" spellId4="0" availability1="100" availability2="0" availability3="0" availability4="0" />
	<CreatureSpellDataEntry id="8851" spellId1="24583" spellId2="0" spellId3="0" spellId4="0" availability1="100" availability2="0" availability3="0" availability4="0" />
	<CreatureSpellDataEntry id="8852" spellId1="24583" spellId2="0" spellId3="0" spellId4="0" availability1="100" availability2="0" availability3="0" availability4="0" />
	<CreatureSpellDataEntry id="8853" spellId1="24583" spellId2="0" spellId3="0" spellId4="0" availability1="100" availability2="0" availability3="0" availability4="0" />
	<CreatureSpellDataEntry id="8854" spellId1="24586" spellId2="0" spellId3="0" spellId4="0" availability1="100" availability2="0" availability3="0" availability4="0" />
	<CreatureSpellDataEntry id="8855" spellId1="24586" spellId2="0" spellId3="0" spellId4="0" availability1="100" availability2="0" availability3="0" availability4="0" />
	<CreatureSpellDataEntry id="8856" spellId1="24586" spellId2="0" spellId3="0" spellId4="0" availability1="100" availability2="0" availability3="0" availability4="0" />
	<CreatureSpellDataEntry id="8857" spellId1="24586" spellId2="0" spellId3="0" spellId4="0" availability1="100" availability2="0" availability3="0" availability4="0" />
	<CreatureSpellDataEntry id="8858" spellId1="24586" spellId2="0" spellId3="0" spellId4="0" availability1="100" availability2="0" availability3="0" availability4="0" />
	<CreatureSpellDataEntry id="8859" spellId1="24586" spellId2="0" spellId3="0" spellId4="0" availability1="100" availability2="0" availability3="0" availability4="0" />
	<CreatureSpellDataEntry id="8860" spellId1="24586" spellId2="0" spellId3="0" spellId4="0" availability1="100" availability2="0" availability3="0" availability4="0" />
	<CreatureSpellDataEntry id="8861" spellId1="24587" spellId2="0" spellId3="0" spellId4="0" availability1="100" availability2="0" availability3="0" availability4="0" />
	<CreatureSpellDataEntry id="8864" spellId1="24605" spellId2="0" spellId3="0" spellId4="0" availability1="100" availability2="0" availability3="0" availability4="0" />
	<CreatureSpellDataEntry id="8865" spellId1="24605" spellId2="0" spellId3="0" spellId4="0" availability1="100" availability2="0" availability3="0" availability4="0" />
	<CreatureSpellDataEntry id="8866" spellId1="24604" spellId2="0" spellId3="0" spellId4="0" availability1="100" availability2="0" availability3="0" availability4="0" />
	<CreatureSpellDataEntry id="8880" spellId1="24450" spellId2="0" spellId3="0" spellId4="0" availability1="100" availability2="0" availability3="0" availability4="0" />
	<CreatureSpellDataEntry id="8881" spellId1="24450" spellId2="0" spellId3="0" spellId4="0" availability1="100" availability2="0" availability3="0" availability4="0" />
	<CreatureSpellDataEntry id="8887" spellId1="23109" spellId2="16832" spellId3="0" spellId4="0" availability1="100" availability2="100" availability3="0" availability4="0" />
	<CreatureSpellDataEntry id="8898" spellId1="25008" spellId2="0" spellId3="0" spellId4="0" availability1="100" availability2="0" availability3="0" availability4="0" />
	<CreatureSpellDataEntry id="8899" spellId1="25008" spellId2="0" spellId3="0" spellId4="0" availability1="100" availability2="0" availability3="0" availability4="0" />
	<CreatureSpellDataEntry id="8900" spellId1="25008" spellId2="0" spellId3="0" spellId4="0" availability1="100" availability2="0" availability3="0" availability4="0" />
	<CreatureSpellDataEntry id="8901" spellId1="25008" spellId2="0" spellId3="0" spellId4="0" availability1="100" availability2="0" availability3="0" availability4="0" />
	<CreatureSpellDataEntry id="8902" spellId1="25008" spellId2="0" spellId3="0" spellId4="0" availability1="100" availability2="0" availability3="0" availability4="0" />
	<CreatureSpellDataEntry id="8903" spellId1="25008" spellId2="0" spellId3="0" spellId4="0" availability1="100" availability2="0" availability3="0" availability4="0" />
	<CreatureSpellDataEntry id="8904" spellId1="25008" spellId2="0" spellId3="0" spellId4="0" availability1="100" availability2="0" availability3="0" availability4="0" />
	<CreatureSpellDataEntry id="8905" spellId1="25009" spellId2="0" spellId3="0" spellId4="0" availability1="100" availability2="0" availability3="0" availability4="0" />
	<CreatureSpellDataEntry id="8906" spellId1="25009" spellId2="0" spellId3="0" spellId4="0" availability1="100" availability2="0" availability3="0" availability4="0" />
	<CreatureSpellDataEntry id="8907" spellId1="25009" spellId2="0" spellId3="0" spellId4="0" availability1="100" availability2="0" availability3="0" availability4="0" />
	<CreatureSpellDataEntry id="8908" spellId1="25009" spellId2="0" spellId3="0" spellId4="0" availability1="100" availability2="0" availability3="0" availability4="0" />
	<CreatureSpellDataEntry id="8909" spellId1="25011" spellId2="0" spellId3="0" spellId4="0" availability1="100" availability2="0" availability3="0" availability4="0" />
	<CreatureSpellDataEntry id="8910" spellId1="25011" spellId2="0" spellId3="0" spellId4="0" availability1="100" availability2="0" availability3="0" availability4="0" />
	<CreatureSpellDataEntry id="9001" spellId1="25012" spellId2="0" spellId3="0" spellId4="0" availability1="100" availability2="0" availability3="0" availability4="0" />
	<CreatureSpellDataEntry id="9050" spellId1="26188" spellId2="0" spellId3="0" spellId4="0" availability1="100" availability2="0" availability3="0" availability4="0" />
	<CreatureSpellDataEntry id="9051" spellId1="17260" spellId2="0" spellId3="0" spellId4="0" availability1="100" availability2="0" availability3="0" availability4="0" />
	<CreatureSpellDataEntry id="9053" spellId1="26188" spellId2="0" spellId3="0" spellId4="0" availability1="100" availability2="0" availability3="0" availability4="0" />
	<CreatureSpellDataEntry id="9054" spellId1="26187" spellId2="0" spellId3="0" spellId4="0" availability1="100" availability2="0" availability3="0" availability4="0" />
	<CreatureSpellDataEntry id="9055" spellId1="26187" spellId2="0" spellId3="0" spellId4="0" availability1="100" availability2="0" availability3="0" availability4="0" />
	<CreatureSpellDataEntry id="9057" spellId1="26090" spellId2="0" spellId3="0" spellId4="0" availability1="100" availability2="0" availability3="0" availability4="0" />
	<CreatureSpellDataEntry id="9059" spellId1="26090" spellId2="0" spellId3="0" spellId4="0" availability1="100" availability2="0" availability3="0" availability4="0" />
	<CreatureSpellDataEntry id="9062" spellId1="26064" spellId2="0" spellId3="0" spellId4="0" availability1="100" availability2="0" availability3="0" availability4="0" />
	<CreatureSpellDataEntry id="9063" spellId1="26178" spellId2="0" spellId3="0" spellId4="0" availability1="100" availability2="0" availability3="0" availability4="0" />
	<CreatureSpellDataEntry id="9065" spellId1="7371" spellId2="0" spellId3="0" spellId4="0" availability1="100" availability2="0" availability3="0" availability4="0" />
	<CreatureSpellDataEntry id="9066" spellId1="7371" spellId2="0" spellId3="0" spellId4="0" availability1="100" availability2="0" availability3="0" availability4="0" />
	<CreatureSpellDataEntry id="9067" spellId1="7371" spellId2="0" spellId3="0" spellId4="0" availability1="100" availability2="0" availability3="0" availability4="0" />
	<CreatureSpellDataEntry id="9068" spellId1="7371" spellId2="0" spellId3="0" spellId4="0" availability1="100" availability2="0" availability3="0" availability4="0" />
	<CreatureSpellDataEntry id="9069" spellId1="7371" spellId2="0" spellId3="0" spellId4="0" availability1="100" availability2="0" availability3="0" availability4="0" />
	<CreatureSpellDataEntry id="9070" spellId1="7371" spellId2="0" spellId3="0" spellId4="0" availability1="100" availability2="0" availability3="0" availability4="0" />
	<CreatureSpellDataEntry id="9071" spellId1="7371" spellId2="0" spellId3="0" spellId4="0" availability1="100" availability2="0" availability3="0" availability4="0" />
	<CreatureSpellDataEntry id="9072" spellId1="7371" spellId2="0" spellId3="0" spellId4="0" availability1="100" availability2="0" availability3="0" availability4="0" />
	<CreatureSpellDataEntry id="9073" spellId1="7371" spellId2="0" spellId3="0" spellId4="0" availability1="100" availability2="0" availability3="0" availability4="0" />
	<CreatureSpellDataEntry id="9074" spellId1="7371" spellId2="0" spellId3="0" spellId4="0" availability1="100" availability2="0" availability3="0" availability4="0" />
	<CreatureSpellDataEntry id="9075" spellId1="7371" spellId2="0" spellId3="0" spellId4="0" availability1="100" availability2="0" availability3="0" availability4="0" />
	<CreatureSpellDataEntry id="9076" spellId1="7371" spellId2="0" spellId3="0" spellId4="0" availability1="100" availability2="0" availability3="0" availability4="0" />
	<CreatureSpellDataEntry id="9077" spellId1="7371" spellId2="0" spellId3="0" spellId4="0" availability1="100" availability2="0" availability3="0" availability4="0" />
	<CreatureSpellDataEntry id="9078" spellId1="7371" spellId2="0" spellId3="0" spellId4="0" availability1="100" availability2="0" availability3="0" availability4="0" />
	<CreatureSpellDataEntry id="9079" spellId1="7371" spellId2="0" spellId3="0" spellId4="0" availability1="100" availability2="0" availability3="0" availability4="0" />
	<CreatureSpellDataEntry id="9080" spellId1="7371" spellId2="0" spellId3="0" spellId4="0" availability1="100" availability2="0" availability3="0" availability4="0" />
	<CreatureSpellDataEntry id="9081" spellId1="7371" spellId2="0" spellId3="0" spellId4="0" availability1="100" availability2="0" availability3="0" availability4="0" />
	<CreatureSpellDataEntry id="9082" spellId1="7371" spellId2="0" spellId3="0" spellId4="0" availability1="100" availability2="0" availability3="0" availability4="0" />
	<CreatureSpellDataEntry id="9083" spellId1="7371" spellId2="0" spellId3="0" spellId4="0" availability1="100" availability2="0" availability3="0" availability4="0" />
	<CreatureSpellDataEntry id="9084" spellId1="26177" spellId2="0" spellId3="0" spellId4="0" availability1="100" availability2="0" availability3="0" availability4="0" />
	<CreatureSpellDataEntry id="9085" spellId1="26177" spellId2="0" spellId3="0" spellId4="0" availability1="100" availability2="0" availability3="0" availability4="0" />
	<CreatureSpellDataEntry id="9086" spellId1="26177" spellId2="0" spellId3="0" spellId4="0" availability1="100" availability2="0" availability3="0" availability4="0" />
	<CreatureSpellDataEntry id="9087" spellId1="26177" spellId2="0" spellId3="0" spellId4="0" availability1="100" availability2="0" availability3="0" availability4="0" />
	<CreatureSpellDataEntry id="9088" spellId1="26177" spellId2="0" spellId3="0" spellId4="0" availability1="100" availability2="0" availability3="0" availability4="0" />
	<CreatureSpellDataEntry id="9089" spellId1="26178" spellId2="0" spellId3="0" spellId4="0" availability1="100" availability2="0" availability3="0" availability4="0" />
	<CreatureSpellDataEntry id="9090" spellId1="26178" spellId2="0" spellId3="0" spellId4="0" availability1="100" availability2="0" availability3="0" availability4="0" />
	<CreatureSpellDataEntry id="9091" spellId1="26178" spellId2="0" spellId3="0" spellId4="0" availability1="100" availability2="0" availability3="0" availability4="0" />
	<CreatureSpellDataEntry id="9161" spellId1="27685" spellId2="0" spellId3="0" spellId4="0" availability1="100" availability2="0" availability3="0" availability4="0" />
	<CreatureSpellDataEntry id="9477" spellId1="16829" spellId2="0" spellId3="0" spellId4="0" availability1="100" availability2="0" availability3="0" availability4="0" />
</CreatureSpellDataEntryList>