<?xml version="1.0" encoding="UTF-8" standalone="yes"?>
<DurabilityQualityEntryList>
	<DurabilityQualityEntry Id="1" qualityMod="1.0" />
	<DurabilityQualityEntry Id="2" qualityMod="0.6" />
	<DurabilityQualityEntry Id="3" qualityMod="1.0" />
	<DurabilityQualityEntry Id="4" qualityMod="0.8" />
	<DurabilityQualityEntry Id="5" qualityMod="1.0" />
	<DurabilityQualityEntry Id="6" qualityMod="1.0" />
	<DurabilityQualityEntry Id="7" qualityMod="1.2" />
	<DurabilityQualityEntry Id="8" qualityMod="1.25" />
	<DurabilityQualityEntry Id="9" qualityMod="1.44" />
	<DurabilityQualityEntry Id="10" qualityMod="2.5" />
	<DurabilityQualityEntry Id="11" qualityMod="1.728" />
	<DurabilityQualityEntry Id="12" qualityMod="3.0" />
	<DurabilityQualityEntry Id="13" qualityMod="0.0" />
	<DurabilityQualityEntry Id="14" qualityMod="0.0" />
</DurabilityQualityEntryList>