<?xml version="1.0" encoding="UTF-8" standalone="yes"?>
<EmotesEntryList>
	<EmotesEntry id="0" Name="ONESHOT_NONE" AnimationId="0" Flags="0" EmoteType="0" UnitStandState="0" SoundId="0" />
	<EmotesEntry id="1" Name="ONESHOT_TALK(DNR)" AnimationId="60" Flags="140" EmoteType="0" UnitStandState="0" SoundId="0" />
	<EmotesEntry id="2" Name="ONESHOT_BOW" AnimationId="66" Flags="18433" EmoteType="0" UnitStandState="0" SoundId="0" />
	<EmotesEntry id="3" Name="ONESHOT_WAVE(DNR)" AnimationId="67" Flags="2048" EmoteType="0" UnitStandState="0" SoundId="0" />
	<EmotesEntry id="4" Name="ONESHOT_CHEER(DNR)" AnimationId="68" Flags="2048" EmoteType="0" UnitStandState="0" SoundId="0" />
	<EmotesEntry id="5" Name="ONESHOT_EXCLAMATION(DNR)" AnimationId="64" Flags="164" EmoteType="0" UnitStandState="0" SoundId="0" />
	<EmotesEntry id="6" Name="ONESHOT_QUESTION" AnimationId="65" Flags="148" EmoteType="0" UnitStandState="0" SoundId="0" />
	<EmotesEntry id="7" Name="ONESHOT_EAT" AnimationId="61" Flags="2048" EmoteType="0" UnitStandState="0" SoundId="0" />
	<EmotesEntry id="10" Name="STATE_DANCE" AnimationId="69" Flags="28801" EmoteType="2" UnitStandState="0" SoundId="0" />
	<EmotesEntry id="11" Name="ONESHOT_LAUGH" AnimationId="70" Flags="2432" EmoteType="0" UnitStandState="0" SoundId="0" />
	<EmotesEntry id="12" Name="STATE_SLEEP" AnimationId="0" Flags="25090" EmoteType="1" UnitStandState="3" SoundId="0" />
	<EmotesEntry id="13" Name="STATE_SIT" AnimationId="0" Flags="25090" EmoteType="1" UnitStandState="1" SoundId="0" />
	<EmotesEntry id="14" Name="ONESHOT_RUDE(DNR)" AnimationId="73" Flags="1" EmoteType="0" UnitStandState="0" SoundId="0" />
	<EmotesEntry id="15" Name="ONESHOT_ROAR(DNR)" AnimationId="74" Flags="4" EmoteType="0" UnitStandState="0" SoundId="0" />
	<EmotesEntry id="16" Name="ONESHOT_KNEEL" AnimationId="75" Flags="16384" EmoteType="0" UnitStandState="0" SoundId="0" />
	<EmotesEntry id="17" Name="ONESHOT_KISS" AnimationId="76" Flags="0" EmoteType="0" UnitStandState="0" SoundId="0" />
	<EmotesEntry id="18" Name="ONESHOT_CRY" AnimationId="77" Flags="0" EmoteType="0" UnitStandState="0" SoundId="0" />
	<EmotesEntry id="19" Name="ONESHOT_CHICKEN" AnimationId="78" Flags="0" EmoteType="0" UnitStandState="0" SoundId="0" />
	<EmotesEntry id="20" Name="ONESHOT_BEG" AnimationId="79" Flags="16384" EmoteType="0" UnitStandState="0" SoundId="0" />
	<EmotesEntry id="21" Name="ONESHOT_APPLAUD" AnimationId="80" Flags="0" EmoteType="0" UnitStandState="0" SoundId="0" />
	<EmotesEntry id="22" Name="ONESHOT_SHOUT(DNR)" AnimationId="81" Flags="2240" EmoteType="0" UnitStandState="0" SoundId="0" />
	<EmotesEntry id="23" Name="ONESHOT_FLEX" AnimationId="82" Flags="0" EmoteType="0" UnitStandState="0" SoundId="0" />
	<EmotesEntry id="24" Name="ONESHOT_SHY(DNR)" AnimationId="83" Flags="16384" EmoteType="0" UnitStandState="0" SoundId="0" />
	<EmotesEntry id="25" Name="ONESHOT_POINT(DNR)" AnimationId="84" Flags="0" EmoteType="0" UnitStandState="0" SoundId="0" />
	<EmotesEntry id="26" Name="STATE_STAND" AnimationId="0" Flags="25090" EmoteType="1" UnitStandState="0" SoundId="0" />
	<EmotesEntry id="27" Name="STATE_READYUNARMED" AnimationId="25" Flags="26624" EmoteType="2" UnitStandState="0" SoundId="0" />
	<EmotesEntry id="28" Name="STATE_WORK" AnimationId="62" Flags="24576" EmoteType="2" UnitStandState="0" SoundId="0" />
	<EmotesEntry id="29" Name="STATE_POINT(DNR)" AnimationId="84" Flags="16384" EmoteType="2" UnitStandState="0" SoundId="0" />
	<EmotesEntry id="30" Name="STATE_NONE" AnimationId="0" Flags="16384" EmoteType="2" UnitStandState="0" SoundId="0" />
	<EmotesEntry id="33" Name="ONESHOT_WOUND" AnimationId="9" Flags="1024" EmoteType="0" UnitStandState="0" SoundId="0" />
	<EmotesEntry id="34" Name="ONESHOT_WOUNDCRITICAL" AnimationId="10" Flags="1024" EmoteType="0" UnitStandState="0" SoundId="0" />
	<EmotesEntry id="35" Name="ONESHOT_ATTACKUNARMED" AnimationId="16" Flags="17412" EmoteType="0" UnitStandState="0" SoundId="0" />
	<EmotesEntry id="36" Name="ONESHOT_ATTACK1H" AnimationId="17" Flags="17412" EmoteType="0" UnitStandState="0" SoundId="0" />
	<EmotesEntry id="37" Name="ONESHOT_ATTACK2HTIGHT" AnimationId="18" Flags="17412" EmoteType="0" UnitStandState="0" SoundId="0" />
	<EmotesEntry id="38" Name="ONESHOT_ATTACK2HLOOSE" AnimationId="19" Flags="17412" EmoteType="0" UnitStandState="0" SoundId="0" />
	<EmotesEntry id="39" Name="ONESHOT_PARRYUNARMED" AnimationId="20" Flags="17412" EmoteType="0" UnitStandState="0" SoundId="0" />
	<EmotesEntry id="43" Name="ONESHOT_PARRYSHIELD" AnimationId="24" Flags="17412" EmoteType="0" UnitStandState="0" SoundId="0" />
	<EmotesEntry id="44" Name="ONESHOT_READYUNARMED" AnimationId="25" Flags="1024" EmoteType="0" UnitStandState="0" SoundId="0" />
	<EmotesEntry id="45" Name="ONESHOT_READY1H" AnimationId="26" Flags="1024" EmoteType="0" UnitStandState="0" SoundId="0" />
	<EmotesEntry id="48" Name="ONESHOT_READYBOW" AnimationId="29" Flags="1024" EmoteType="0" UnitStandState="0" SoundId="0" />
	<EmotesEntry id="50" Name="ONESHOT_SPELLPRECAST" AnimationId="31" Flags="17408" EmoteType="0" UnitStandState="0" SoundId="0" />
	<EmotesEntry id="51" Name="ONESHOT_SPELLCAST" AnimationId="32" Flags="17408" EmoteType="0" UnitStandState="0" SoundId="0" />
	<EmotesEntry id="53" Name="ONESHOT_BATTLEROAR" AnimationId="55" Flags="1024" EmoteType="0" UnitStandState="0" SoundId="0" />
	<EmotesEntry id="54" Name="ONESHOT_SPECIALATTACK1H" AnimationId="57" Flags="17412" EmoteType="0" UnitStandState="0" SoundId="0" />
	<EmotesEntry id="60" Name="ONESHOT_KICK" AnimationId="95" Flags="17408" EmoteType="0" UnitStandState="0" SoundId="0" />
	<EmotesEntry id="61" Name="ONESHOT_ATTACKTHROWN" AnimationId="107" Flags="17408" EmoteType="0" UnitStandState="0" SoundId="0" />
	<EmotesEntry id="64" Name="STATE_STUN" AnimationId="14" Flags="19456" EmoteType="2" UnitStandState="0" SoundId="0" />
	<EmotesEntry id="65" Name="STATE_DEAD" AnimationId="0" Flags="26114" EmoteType="1" UnitStandState="7" SoundId="0" />
	<EmotesEntry id="66" Name="ONESHOT_SALUTE" AnimationId="113" Flags="2048" EmoteType="0" UnitStandState="0" SoundId="0" />
	<EmotesEntry id="68" Name="STATE_KNEEL" AnimationId="0" Flags="25090" EmoteType="1" UnitStandState="8" SoundId="0" />
	<EmotesEntry id="69" Name="STATE_USESTANDING" AnimationId="63" Flags="26624" EmoteType="2" UnitStandState="0" SoundId="0" />
	<EmotesEntry id="70" Name="ONESHOT_WAVE_NOSHEATHE" AnimationId="67" Flags="4" EmoteType="0" UnitStandState="0" SoundId="0" />
	<EmotesEntry id="71" Name="ONESHOT_CHEER_NOSHEATHE" AnimationId="68" Flags="4" EmoteType="0" UnitStandState="0" SoundId="0" />
	<EmotesEntry id="92" Name="ONESHOT_EAT_NOSHEATHE" AnimationId="199" Flags="4" EmoteType="0" UnitStandState="0" SoundId="0" />
	<EmotesEntry id="93" Name="STATE_STUN_NOSHEATHE" AnimationId="137" Flags="16388" EmoteType="2" UnitStandState="0" SoundId="0" />
	<EmotesEntry id="94" Name="ONESHOT_DANCE" AnimationId="69" Flags="16384" EmoteType="0" UnitStandState="0" SoundId="0" />
	<EmotesEntry id="113" Name="ONESHOT_SALUTE_NOSHEATH" AnimationId="113" Flags="4" EmoteType="0" UnitStandState="0" SoundId="0" />
	<EmotesEntry id="133" Name="STATE_USESTANDING_NOSHEATHE" AnimationId="138" Flags="8192" EmoteType="2" UnitStandState="0" SoundId="0" />
	<EmotesEntry id="153" Name="ONESHOT_LAUGH_NOSHEATHE" AnimationId="70" Flags="4" EmoteType="0" UnitStandState="0" SoundId="0" />
	<EmotesEntry id="173" Name="STATE_WORK_NOSHEATHE" AnimationId="136" Flags="24580" EmoteType="2" UnitStandState="0" SoundId="0" />
	<EmotesEntry id="193" Name="STATE_SPELLPRECAST" AnimationId="31" Flags="16384" EmoteType="2" UnitStandState="0" SoundId="0" />
	<EmotesEntry id="213" Name="ONESHOT_READYRIFLE" AnimationId="48" Flags="0" EmoteType="0" UnitStandState="0" SoundId="0" />
	<EmotesEntry id="214" Name="STATE_READYRIFLE" AnimationId="48" Flags="8192" EmoteType="2" UnitStandState="0" SoundId="0" />
	<EmotesEntry id="233" Name="STATE_WORK_NOSHEATHE_MINING" AnimationId="136" Flags="8192" EmoteType="2" UnitStandState="0" SoundId="3782" />
	<EmotesEntry id="234" Name="STATE_WORK_NOSHEATHE_CHOPWOOD" AnimationId="136" Flags="8192" EmoteType="2" UnitStandState="0" SoundId="3202" />
	<EmotesEntry id="253" Name="zzOLDONESHOT_LIFTOFF" AnimationId="192" Flags="0" EmoteType="0" UnitStandState="0" SoundId="0" />
	<EmotesEntry id="254" Name="ONESHOT_LIFTOFF" AnimationId="192" Flags="0" EmoteType="0" UnitStandState="0" SoundId="0" />
	<EmotesEntry id="273" Name="ONESHOT_YES(DNR)" AnimationId="185" Flags="0" EmoteType="0" UnitStandState="0" SoundId="0" />
	<EmotesEntry id="274" Name="ONESHOT_NO(DNR)" AnimationId="186" Flags="0" EmoteType="0" UnitStandState="0" SoundId="0" />
	<EmotesEntry id="275" Name="ONESHOT_TRAIN(DNR)" AnimationId="195" Flags="0" EmoteType="0" UnitStandState="0" SoundId="0" />
	<EmotesEntry id="293" Name="ONESHOT_LAND" AnimationId="200" Flags="0" EmoteType="0" UnitStandState="0" SoundId="0" />
	<EmotesEntry id="313" Name="STATE_AT_EASE" AnimationId="0" Flags="0" EmoteType="1" UnitStandState="2" SoundId="0" />
	<EmotesEntry id="333" Name="STATE_READY1H" AnimationId="26" Flags="24576" EmoteType="2" UnitStandState="0" SoundId="0" />
	<EmotesEntry id="353" Name="STATE_SPELLKNEELSTART" AnimationId="140" Flags="0" EmoteType="2" UnitStandState="0" SoundId="0" />
	<EmotesEntry id="373" Name="STATE_SUBMERGED" AnimationId="202" Flags="0" EmoteType="1" UnitStandState="0" SoundId="0" />
	<EmotesEntry id="374" Name="ONESHOT_SUBMERGE" AnimationId="201" Flags="0" EmoteType="0" UnitStandState="0" SoundId="0" />
	<EmotesEntry id="375" Name="STATE_READY2H" AnimationId="27" Flags="24576" EmoteType="2" UnitStandState="0" SoundId="0" />
	<EmotesEntry id="376" Name="STATE_READYBOW" AnimationId="29" Flags="8192" EmoteType="2" UnitStandState="0" SoundId="0" />
</EmotesEntryList>