<?xml version="1.0" encoding="UTF-8" standalone="yes"?>
<EmotesTextEntryList>
	<EmotesTextEntry id="1" textid="1" unk21="0" unk22="1" unk23="2" unk24="3" unk25="0" unk26="4" unk27="0" unk28="5" unk29="0" unk210="0" unk211="0" unk212="0" unk213="0" unk214="0" unk215="0" unk216="0" unk217="0" />
	<EmotesTextEntry id="2" textid="7" unk21="0" unk22="6" unk23="7" unk24="8" unk25="0" unk26="9" unk27="0" unk28="10" unk29="0" unk210="0" unk211="0" unk212="0" unk213="0" unk214="0" unk215="0" unk216="0" unk217="0" />
	<EmotesTextEntry id="3" textid="13" unk21="14" unk22="11" unk23="12" unk24="13" unk25="0" unk26="14" unk27="0" unk28="15" unk29="0" unk210="16" unk211="17" unk212="0" unk213="0" unk214="18" unk215="0" unk216="0" unk217="0" />
	<EmotesTextEntry id="4" textid="19" unk21="0" unk22="19" unk23="20" unk24="21" unk25="0" unk26="22" unk27="0" unk28="23" unk29="0" unk210="0" unk211="0" unk212="0" unk213="0" unk214="0" unk215="0" unk216="0" unk217="0" />
	<EmotesTextEntry id="5" textid="29" unk21="21" unk22="24" unk23="25" unk24="26" unk25="0" unk26="27" unk27="0" unk28="28" unk29="0" unk210="0" unk211="0" unk212="0" unk213="0" unk214="0" unk215="0" unk216="0" unk217="0" />
	<EmotesTextEntry id="6" textid="37" unk21="24" unk22="29" unk23="30" unk24="31" unk25="0" unk26="32" unk27="0" unk28="33" unk29="0" unk210="0" unk211="0" unk212="0" unk213="0" unk214="0" unk215="0" unk216="0" unk217="0" />
	<EmotesTextEntry id="7" textid="45" unk21="0" unk22="34" unk23="35" unk24="36" unk25="0" unk26="37" unk27="0" unk28="38" unk29="0" unk210="0" unk211="0" unk212="0" unk213="0" unk214="0" unk215="0" unk216="0" unk217="0" />
	<EmotesTextEntry id="8" textid="52" unk21="20" unk22="39" unk23="40" unk24="41" unk25="0" unk26="42" unk27="0" unk28="43" unk29="0" unk210="0" unk211="0" unk212="0" unk213="0" unk214="44" unk215="0" unk216="0" unk217="0" />
	<EmotesTextEntry id="9" textid="56" unk21="0" unk22="45" unk23="46" unk24="47" unk25="0" unk26="48" unk27="0" unk28="49" unk29="0" unk210="0" unk211="0" unk212="0" unk213="0" unk214="0" unk215="0" unk216="0" unk217="0" />
	<EmotesTextEntry id="10" textid="61" unk21="0" unk22="0" unk23="0" unk24="0" unk25="0" unk26="50" unk27="0" unk28="51" unk29="0" unk210="0" unk211="0" unk212="0" unk213="0" unk214="0" unk215="0" unk216="0" unk217="0" />
	<EmotesTextEntry id="11" textid="67" unk21="0" unk22="52" unk23="53" unk24="54" unk25="0" unk26="55" unk27="0" unk28="56" unk29="0" unk210="0" unk211="0" unk212="0" unk213="0" unk214="0" unk215="0" unk216="0" unk217="0" />
	<EmotesTextEntry id="12" textid="73" unk21="24" unk22="57" unk23="58" unk24="59" unk25="0" unk26="60" unk27="0" unk28="61" unk29="0" unk210="0" unk211="0" unk212="0" unk213="0" unk214="0" unk215="0" unk216="0" unk217="0" />
	<EmotesTextEntry id="13" textid="79" unk21="0" unk22="62" unk23="63" unk24="64" unk25="0" unk26="65" unk27="0" unk28="66" unk29="0" unk210="0" unk211="0" unk212="0" unk213="0" unk214="67" unk215="0" unk216="0" unk217="0" />
	<EmotesTextEntry id="14" textid="84" unk21="0" unk22="68" unk23="69" unk24="70" unk25="0" unk26="71" unk27="0" unk28="72" unk29="0" unk210="0" unk211="0" unk212="0" unk213="0" unk214="0" unk215="0" unk216="0" unk217="0" />
	<EmotesTextEntry id="15" textid="90" unk21="0" unk22="73" unk23="74" unk24="75" unk25="0" unk26="76" unk27="0" unk28="77" unk29="0" unk210="0" unk211="0" unk212="0" unk213="0" unk214="0" unk215="0" unk216="0" unk217="0" />
	<EmotesTextEntry id="16" textid="97" unk21="0" unk22="78" unk23="79" unk24="80" unk25="0" unk26="81" unk27="0" unk28="82" unk29="0" unk210="0" unk211="0" unk212="0" unk213="0" unk214="0" unk215="0" unk216="0" unk217="0" />
	<EmotesTextEntry id="17" textid="101" unk21="2" unk22="83" unk23="84" unk24="85" unk25="0" unk26="86" unk27="0" unk28="87" unk29="0" unk210="0" unk211="0" unk212="0" unk213="0" unk214="0" unk215="0" unk216="0" unk217="0" />
	<EmotesTextEntry id="18" textid="105" unk21="0" unk22="88" unk23="89" unk24="90" unk25="0" unk26="91" unk27="0" unk28="92" unk29="0" unk210="0" unk211="0" unk212="0" unk213="0" unk214="0" unk215="0" unk216="0" unk217="0" />
	<EmotesTextEntry id="19" textid="110" unk21="3" unk22="93" unk23="94" unk24="95" unk25="0" unk26="96" unk27="0" unk28="97" unk29="0" unk210="0" unk211="0" unk212="0" unk213="0" unk214="0" unk215="0" unk216="0" unk217="0" />
	<EmotesTextEntry id="20" textid="114" unk21="11" unk22="98" unk23="99" unk24="100" unk25="0" unk26="101" unk27="0" unk28="102" unk29="0" unk210="0" unk211="0" unk212="0" unk213="0" unk214="0" unk215="0" unk216="0" unk217="0" />
	<EmotesTextEntry id="21" textid="121" unk21="4" unk22="103" unk23="104" unk24="105" unk25="0" unk26="106" unk27="0" unk28="107" unk29="0" unk210="0" unk211="0" unk212="0" unk213="0" unk214="0" unk215="0" unk216="0" unk217="0" />
	<EmotesTextEntry id="22" textid="127" unk21="19" unk22="108" unk23="109" unk24="110" unk25="0" unk26="111" unk27="0" unk28="112" unk29="0" unk210="0" unk211="0" unk212="0" unk213="0" unk214="0" unk215="0" unk216="0" unk217="0" />
	<EmotesTextEntry id="23" textid="135" unk21="11" unk22="113" unk23="114" unk24="115" unk25="0" unk26="116" unk27="0" unk28="117" unk29="0" unk210="0" unk211="0" unk212="0" unk213="0" unk214="0" unk215="0" unk216="0" unk217="0" />
	<EmotesTextEntry id="24" textid="143" unk21="21" unk22="118" unk23="119" unk24="120" unk25="0" unk26="121" unk27="0" unk28="122" unk29="0" unk210="0" unk211="0" unk212="0" unk213="0" unk214="0" unk215="0" unk216="0" unk217="0" />
	<EmotesTextEntry id="25" textid="148" unk21="6" unk22="123" unk23="124" unk24="125" unk25="0" unk26="126" unk27="0" unk28="127" unk29="0" unk210="0" unk211="0" unk212="0" unk213="0" unk214="0" unk215="0" unk216="0" unk217="0" />
	<EmotesTextEntry id="26" textid="157" unk21="5" unk22="128" unk23="129" unk24="130" unk25="0" unk26="131" unk27="0" unk28="132" unk29="0" unk210="0" unk211="0" unk212="0" unk213="0" unk214="0" unk215="0" unk216="0" unk217="0" />
	<EmotesTextEntry id="27" textid="170" unk21="0" unk22="133" unk23="134" unk24="135" unk25="0" unk26="136" unk27="0" unk28="137" unk29="0" unk210="0" unk211="0" unk212="0" unk213="0" unk214="0" unk215="0" unk216="0" unk217="0" />
	<EmotesTextEntry id="28" textid="176" unk21="0" unk22="138" unk23="139" unk24="140" unk25="0" unk26="141" unk27="0" unk28="142" unk29="0" unk210="0" unk211="0" unk212="0" unk213="0" unk214="0" unk215="0" unk216="0" unk217="0" />
	<EmotesTextEntry id="29" textid="182" unk21="0" unk22="143" unk23="144" unk24="145" unk25="0" unk26="146" unk27="0" unk28="147" unk29="0" unk210="148" unk211="149" unk212="0" unk213="0" unk214="150" unk215="0" unk216="0" unk217="0" />
	<EmotesTextEntry id="30" textid="188" unk21="0" unk22="151" unk23="152" unk24="153" unk25="0" unk26="154" unk27="0" unk28="155" unk29="0" unk210="0" unk211="0" unk212="0" unk213="0" unk214="0" unk215="0" unk216="0" unk217="0" />
	<EmotesTextEntry id="31" textid="195" unk21="18" unk22="156" unk23="157" unk24="158" unk25="0" unk26="159" unk27="0" unk28="160" unk29="0" unk210="0" unk211="0" unk212="0" unk213="0" unk214="0" unk215="0" unk216="0" unk217="0" />
	<EmotesTextEntry id="32" textid="199" unk21="6" unk22="161" unk23="162" unk24="163" unk25="0" unk26="164" unk27="0" unk28="165" unk29="0" unk210="0" unk211="0" unk212="0" unk213="0" unk214="166" unk215="0" unk216="0" unk217="0" />
	<EmotesTextEntry id="33" textid="207" unk21="2" unk22="167" unk23="168" unk24="169" unk25="0" unk26="170" unk27="0" unk28="171" unk29="0" unk210="0" unk211="0" unk212="0" unk213="0" unk214="0" unk215="0" unk216="0" unk217="0" />
	<EmotesTextEntry id="34" textid="215" unk21="10" unk22="172" unk23="173" unk24="174" unk25="0" unk26="175" unk27="0" unk28="176" unk29="0" unk210="0" unk211="0" unk212="0" unk213="0" unk214="0" unk215="0" unk216="0" unk217="0" />
	<EmotesTextEntry id="35" textid="221" unk21="7" unk22="177" unk23="178" unk24="179" unk25="0" unk26="180" unk27="0" unk28="181" unk29="0" unk210="0" unk211="0" unk212="0" unk213="0" unk214="0" unk215="0" unk216="0" unk217="0" />
	<EmotesTextEntry id="36" textid="227" unk21="0" unk22="182" unk23="183" unk24="184" unk25="0" unk26="185" unk27="0" unk28="186" unk29="0" unk210="0" unk211="0" unk212="0" unk213="0" unk214="0" unk215="0" unk216="0" unk217="0" />
	<EmotesTextEntry id="37" textid="233" unk21="7" unk22="187" unk23="188" unk24="189" unk25="0" unk26="190" unk27="0" unk28="191" unk29="0" unk210="0" unk211="0" unk212="0" unk213="0" unk214="0" unk215="0" unk216="0" unk217="0" />
	<EmotesTextEntry id="38" textid="237" unk21="0" unk22="192" unk23="193" unk24="194" unk25="0" unk26="195" unk27="0" unk28="196" unk29="0" unk210="0" unk211="0" unk212="0" unk213="0" unk214="0" unk215="0" unk216="0" unk217="0" />
	<EmotesTextEntry id="39" textid="241" unk21="0" unk22="197" unk23="198" unk24="199" unk25="0" unk26="200" unk27="0" unk28="201" unk29="0" unk210="0" unk211="0" unk212="0" unk213="0" unk214="0" unk215="0" unk216="0" unk217="0" />
	<EmotesTextEntry id="40" textid="246" unk21="0" unk22="202" unk23="203" unk24="204" unk25="0" unk26="205" unk27="0" unk28="206" unk29="0" unk210="0" unk211="0" unk212="0" unk213="0" unk214="0" unk215="0" unk216="0" unk217="0" />
	<EmotesTextEntry id="41" textid="253" unk21="23" unk22="207" unk23="208" unk24="209" unk25="0" unk26="210" unk27="0" unk28="211" unk29="0" unk210="0" unk211="0" unk212="0" unk213="0" unk214="212" unk215="0" unk216="0" unk217="0" />
	<EmotesTextEntry id="42" textid="258" unk21="0" unk22="213" unk23="214" unk24="215" unk25="0" unk26="216" unk27="0" unk28="217" unk29="0" unk210="0" unk211="0" unk212="0" unk213="0" unk214="0" unk215="0" unk216="0" unk217="0" />
	<EmotesTextEntry id="43" textid="264" unk21="5" unk22="218" unk23="219" unk24="220" unk25="0" unk26="221" unk27="0" unk28="222" unk29="0" unk210="0" unk211="0" unk212="0" unk213="0" unk214="0" unk215="0" unk216="0" unk217="0" />
	<EmotesTextEntry id="44" textid="269" unk21="0" unk22="223" unk23="224" unk24="225" unk25="0" unk26="226" unk27="0" unk28="227" unk29="0" unk210="0" unk211="0" unk212="0" unk213="0" unk214="0" unk215="0" unk216="0" unk217="0" />
	<EmotesTextEntry id="45" textid="274" unk21="11" unk22="228" unk23="229" unk24="230" unk25="0" unk26="231" unk27="0" unk28="232" unk29="0" unk210="0" unk211="0" unk212="0" unk213="0" unk214="0" unk215="0" unk216="0" unk217="0" />
	<EmotesTextEntry id="46" textid="281" unk21="0" unk22="233" unk23="234" unk24="235" unk25="0" unk26="236" unk27="0" unk28="237" unk29="0" unk210="0" unk211="0" unk212="0" unk213="0" unk214="0" unk215="0" unk216="0" unk217="0" />
	<EmotesTextEntry id="47" textid="287" unk21="11" unk22="238" unk23="239" unk24="240" unk25="0" unk26="241" unk27="0" unk28="242" unk29="0" unk210="0" unk211="0" unk212="0" unk213="0" unk214="0" unk215="0" unk216="0" unk217="0" />
	<EmotesTextEntry id="48" textid="293" unk21="3" unk22="243" unk23="244" unk24="245" unk25="0" unk26="246" unk27="0" unk28="247" unk29="0" unk210="0" unk211="0" unk212="0" unk213="0" unk214="0" unk215="0" unk216="0" unk217="0" />
	<EmotesTextEntry id="49" textid="299" unk21="0" unk22="248" unk23="249" unk24="250" unk25="0" unk26="251" unk27="0" unk28="252" unk29="0" unk210="0" unk211="0" unk212="0" unk213="0" unk214="0" unk215="0" unk216="0" unk217="0" />
	<EmotesTextEntry id="50" textid="304" unk21="0" unk22="253" unk23="254" unk24="255" unk25="0" unk26="256" unk27="0" unk28="257" unk29="0" unk210="0" unk211="0" unk212="0" unk213="0" unk214="0" unk215="0" unk216="0" unk217="0" />
	<EmotesTextEntry id="51" textid="310" unk21="20" unk22="258" unk23="259" unk24="260" unk25="0" unk26="261" unk27="0" unk28="262" unk29="0" unk210="0" unk211="0" unk212="0" unk213="0" unk214="0" unk215="0" unk216="0" unk217="0" />
	<EmotesTextEntry id="52" textid="317" unk21="11" unk22="263" unk23="264" unk24="265" unk25="0" unk26="266" unk27="0" unk28="267" unk29="0" unk210="0" unk211="0" unk212="0" unk213="0" unk214="0" unk215="0" unk216="0" unk217="0" />
	<EmotesTextEntry id="53" textid="324" unk21="3" unk22="268" unk23="269" unk24="270" unk25="0" unk26="271" unk27="0" unk28="272" unk29="0" unk210="0" unk211="0" unk212="0" unk213="0" unk214="273" unk215="0" unk216="0" unk217="0" />
	<EmotesTextEntry id="54" textid="329" unk21="0" unk22="274" unk23="275" unk24="276" unk25="0" unk26="277" unk27="0" unk28="278" unk29="0" unk210="0" unk211="0" unk212="0" unk213="0" unk214="0" unk215="0" unk216="0" unk217="0" />
	<EmotesTextEntry id="55" textid="335" unk21="3" unk22="279" unk23="280" unk24="281" unk25="0" unk26="282" unk27="0" unk28="283" unk29="0" unk210="0" unk211="0" unk212="0" unk213="0" unk214="0" unk215="0" unk216="0" unk217="0" />
	<EmotesTextEntry id="56" textid="341" unk21="0" unk22="284" unk23="285" unk24="286" unk25="0" unk26="287" unk27="0" unk28="288" unk29="0" unk210="0" unk211="0" unk212="0" unk213="0" unk214="0" unk215="0" unk216="0" unk217="0" />
	<EmotesTextEntry id="57" textid="345" unk21="0" unk22="289" unk23="290" unk24="291" unk25="0" unk26="292" unk27="0" unk28="293" unk29="0" unk210="0" unk211="0" unk212="0" unk213="0" unk214="0" unk215="0" unk216="0" unk217="0" />
	<EmotesTextEntry id="58" textid="352" unk21="17" unk22="294" unk23="295" unk24="296" unk25="0" unk26="297" unk27="0" unk28="298" unk29="0" unk210="0" unk211="0" unk212="0" unk213="0" unk214="0" unk215="0" unk216="0" unk217="0" />
	<EmotesTextEntry id="59" textid="357" unk21="68" unk22="299" unk23="300" unk24="301" unk25="0" unk26="302" unk27="0" unk28="303" unk29="0" unk210="0" unk211="0" unk212="0" unk213="0" unk214="0" unk215="0" unk216="0" unk217="0" />
	<EmotesTextEntry id="60" textid="363" unk21="11" unk22="304" unk23="305" unk24="306" unk25="0" unk26="307" unk27="0" unk28="308" unk29="0" unk210="0" unk211="0" unk212="0" unk213="0" unk214="0" unk215="0" unk216="0" unk217="0" />
	<EmotesTextEntry id="61" textid="369" unk21="12" unk22="309" unk23="310" unk24="311" unk25="0" unk26="312" unk27="0" unk28="313" unk29="0" unk210="0" unk211="0" unk212="0" unk213="0" unk214="0" unk215="0" unk216="0" unk217="0" />
	<EmotesTextEntry id="62" textid="377" unk21="0" unk22="314" unk23="315" unk24="316" unk25="0" unk26="317" unk27="0" unk28="318" unk29="0" unk210="0" unk211="0" unk212="0" unk213="0" unk214="0" unk215="0" unk216="0" unk217="0" />
	<EmotesTextEntry id="63" textid="385" unk21="0" unk22="319" unk23="320" unk24="321" unk25="0" unk26="322" unk27="0" unk28="323" unk29="0" unk210="0" unk211="0" unk212="0" unk213="0" unk214="0" unk215="0" unk216="0" unk217="0" />
	<EmotesTextEntry id="64" textid="390" unk21="0" unk22="324" unk23="325" unk24="326" unk25="0" unk26="327" unk27="0" unk28="328" unk29="0" unk210="329" unk211="330" unk212="0" unk213="0" unk214="331" unk215="0" unk216="0" unk217="0" />
	<EmotesTextEntry id="65" textid="395" unk21="18" unk22="332" unk23="333" unk24="334" unk25="0" unk26="335" unk27="0" unk28="336" unk29="0" unk210="0" unk211="0" unk212="0" unk213="0" unk214="0" unk215="0" unk216="0" unk217="0" />
	<EmotesTextEntry id="66" textid="401" unk21="274" unk22="337" unk23="338" unk24="339" unk25="0" unk26="340" unk27="0" unk28="341" unk29="0" unk210="0" unk211="0" unk212="0" unk213="0" unk214="0" unk215="0" unk216="0" unk217="0" />
	<EmotesTextEntry id="67" textid="404" unk21="273" unk22="342" unk23="343" unk24="344" unk25="0" unk26="345" unk27="0" unk28="346" unk29="0" unk210="0" unk211="0" unk212="0" unk213="0" unk214="0" unk215="0" unk216="0" unk217="0" />
	<EmotesTextEntry id="68" textid="408" unk21="0" unk22="347" unk23="348" unk24="349" unk25="0" unk26="350" unk27="0" unk28="351" unk29="0" unk210="352" unk211="353" unk212="0" unk213="0" unk214="0" unk215="0" unk216="0" unk217="0" />
	<EmotesTextEntry id="69" textid="417" unk21="0" unk22="354" unk23="355" unk24="356" unk25="0" unk26="357" unk27="0" unk28="358" unk29="0" unk210="0" unk211="0" unk212="0" unk213="0" unk214="0" unk215="0" unk216="0" unk217="0" />
	<EmotesTextEntry id="70" textid="423" unk21="0" unk22="359" unk23="360" unk24="361" unk25="0" unk26="362" unk27="0" unk28="363" unk29="0" unk210="0" unk211="0" unk212="0" unk213="0" unk214="0" unk215="0" unk216="0" unk217="0" />
	<EmotesTextEntry id="71" textid="428" unk21="20" unk22="364" unk23="365" unk24="366" unk25="0" unk26="367" unk27="0" unk28="368" unk29="0" unk210="0" unk211="0" unk212="0" unk213="0" unk214="369" unk215="0" unk216="0" unk217="0" />
	<EmotesTextEntry id="72" textid="434" unk21="25" unk22="370" unk23="371" unk24="372" unk25="0" unk26="373" unk27="0" unk28="374" unk29="0" unk210="0" unk211="0" unk212="0" unk213="0" unk214="0" unk215="0" unk216="0" unk217="0" />
	<EmotesTextEntry id="73" textid="440" unk21="0" unk22="375" unk23="376" unk24="377" unk25="0" unk26="378" unk27="0" unk28="379" unk29="0" unk210="0" unk211="0" unk212="0" unk213="0" unk214="380" unk215="0" unk216="0" unk217="0" />
	<EmotesTextEntry id="74" textid="445" unk21="16" unk22="381" unk23="382" unk24="383" unk25="0" unk26="384" unk27="0" unk28="385" unk29="0" unk210="0" unk211="0" unk212="0" unk213="0" unk214="0" unk215="0" unk216="0" unk217="0" />
	<EmotesTextEntry id="75" textid="450" unk21="15" unk22="386" unk23="387" unk24="388" unk25="0" unk26="389" unk27="0" unk28="390" unk29="0" unk210="0" unk211="0" unk212="0" unk213="0" unk214="0" unk215="0" unk216="0" unk217="0" />
	<EmotesTextEntry id="76" textid="455" unk21="11" unk22="391" unk23="392" unk24="393" unk25="0" unk26="394" unk27="0" unk28="395" unk29="0" unk210="0" unk211="0" unk212="0" unk213="0" unk214="0" unk215="0" unk216="0" unk217="0" />
	<EmotesTextEntry id="77" textid="460" unk21="14" unk22="396" unk23="397" unk24="398" unk25="0" unk26="399" unk27="0" unk28="400" unk29="0" unk210="0" unk211="0" unk212="0" unk213="0" unk214="0" unk215="0" unk216="0" unk217="0" />
	<EmotesTextEntry id="78" textid="465" unk21="66" unk22="401" unk23="402" unk24="403" unk25="0" unk26="404" unk27="0" unk28="405" unk29="0" unk210="0" unk211="0" unk212="0" unk213="0" unk214="0" unk215="0" unk216="0" unk217="0" />
	<EmotesTextEntry id="79" textid="472" unk21="0" unk22="406" unk23="407" unk24="408" unk25="0" unk26="409" unk27="0" unk28="410" unk29="0" unk210="0" unk211="0" unk212="0" unk213="0" unk214="411" unk215="0" unk216="0" unk217="0" />
	<EmotesTextEntry id="80" textid="480" unk21="0" unk22="412" unk23="413" unk24="414" unk25="0" unk26="415" unk27="0" unk28="416" unk29="0" unk210="0" unk211="0" unk212="0" unk213="0" unk214="417" unk215="0" unk216="0" unk217="0" />
	<EmotesTextEntry id="81" textid="485" unk21="0" unk22="418" unk23="419" unk24="420" unk25="0" unk26="421" unk27="0" unk28="422" unk29="0" unk210="423" unk211="424" unk212="0" unk213="0" unk214="425" unk215="0" unk216="0" unk217="0" />
	<EmotesTextEntry id="82" textid="491" unk21="22" unk22="426" unk23="427" unk24="428" unk25="0" unk26="429" unk27="0" unk28="430" unk29="0" unk210="0" unk211="0" unk212="0" unk213="0" unk214="0" unk215="0" unk216="0" unk217="0" />
	<EmotesTextEntry id="83" textid="497" unk21="6" unk22="431" unk23="432" unk24="433" unk25="0" unk26="434" unk27="0" unk28="435" unk29="0" unk210="0" unk211="0" unk212="0" unk213="0" unk214="0" unk215="0" unk216="0" unk217="0" />
	<EmotesTextEntry id="84" textid="503" unk21="24" unk22="436" unk23="437" unk24="438" unk25="0" unk26="439" unk27="0" unk28="440" unk29="0" unk210="0" unk211="0" unk212="0" unk213="0" unk214="0" unk215="0" unk216="0" unk217="0" />
	<EmotesTextEntry id="85" textid="507" unk21="0" unk22="441" unk23="442" unk24="443" unk25="0" unk26="444" unk27="0" unk28="445" unk29="0" unk210="0" unk211="0" unk212="0" unk213="0" unk214="0" unk215="0" unk216="0" unk217="0" />
	<EmotesTextEntry id="86" textid="512" unk21="13" unk22="0" unk23="0" unk24="0" unk25="0" unk26="446" unk27="0" unk28="447" unk29="0" unk210="0" unk211="0" unk212="0" unk213="0" unk214="0" unk215="0" unk216="0" unk217="0" />
	<EmotesTextEntry id="87" textid="516" unk21="12" unk22="0" unk23="0" unk24="0" unk25="0" unk26="448" unk27="0" unk28="449" unk29="0" unk210="0" unk211="0" unk212="0" unk213="0" unk214="0" unk215="0" unk216="0" unk217="0" />
	<EmotesTextEntry id="88" textid="522" unk21="0" unk22="450" unk23="451" unk24="452" unk25="0" unk26="453" unk27="0" unk28="454" unk29="0" unk210="455" unk211="456" unk212="0" unk213="0" unk214="457" unk215="0" unk216="0" unk217="0" />
	<EmotesTextEntry id="89" textid="528" unk21="0" unk22="458" unk23="459" unk24="460" unk25="0" unk26="461" unk27="0" unk28="462" unk29="0" unk210="0" unk211="0" unk212="0" unk213="0" unk214="0" unk215="0" unk216="0" unk217="0" />
	<EmotesTextEntry id="90" textid="533" unk21="0" unk22="463" unk23="464" unk24="465" unk25="0" unk26="466" unk27="0" unk28="467" unk29="0" unk210="0" unk211="0" unk212="0" unk213="0" unk214="0" unk215="0" unk216="0" unk217="0" />
	<EmotesTextEntry id="91" textid="539" unk21="0" unk22="468" unk23="469" unk24="470" unk25="0" unk26="471" unk27="0" unk28="472" unk29="0" unk210="0" unk211="0" unk212="0" unk213="0" unk214="0" unk215="0" unk216="0" unk217="0" />
	<EmotesTextEntry id="92" textid="549" unk21="20" unk22="473" unk23="474" unk24="475" unk25="0" unk26="476" unk27="0" unk28="477" unk29="0" unk210="0" unk211="0" unk212="0" unk213="0" unk214="478" unk215="0" unk216="0" unk217="0" />
	<EmotesTextEntry id="93" textid="559" unk21="1" unk22="479" unk23="480" unk24="481" unk25="0" unk26="482" unk27="0" unk28="483" unk29="0" unk210="0" unk211="0" unk212="0" unk213="0" unk214="484" unk215="0" unk216="0" unk217="0" />
	<EmotesTextEntry id="94" textid="564" unk21="5" unk22="485" unk23="486" unk24="487" unk25="0" unk26="488" unk27="0" unk28="489" unk29="0" unk210="0" unk211="0" unk212="0" unk213="0" unk214="0" unk215="0" unk216="0" unk217="0" />
	<EmotesTextEntry id="95" textid="571" unk21="6" unk22="490" unk23="491" unk24="492" unk25="0" unk26="493" unk27="0" unk28="494" unk29="0" unk210="0" unk211="0" unk212="0" unk213="0" unk214="0" unk215="0" unk216="0" unk217="0" />
	<EmotesTextEntry id="96" textid="577" unk21="0" unk22="495" unk23="496" unk24="497" unk25="0" unk26="498" unk27="0" unk28="499" unk29="0" unk210="500" unk211="501" unk212="0" unk213="0" unk214="502" unk215="0" unk216="0" unk217="0" />
	<EmotesTextEntry id="97" textid="581" unk21="1" unk22="503" unk23="504" unk24="505" unk25="0" unk26="506" unk27="0" unk28="507" unk29="0" unk210="0" unk211="0" unk212="0" unk213="0" unk214="0" unk215="0" unk216="0" unk217="0" />
	<EmotesTextEntry id="98" textid="587" unk21="0" unk22="508" unk23="509" unk24="510" unk25="0" unk26="511" unk27="0" unk28="512" unk29="0" unk210="0" unk211="0" unk212="0" unk213="0" unk214="0" unk215="0" unk216="0" unk217="0" />
	<EmotesTextEntry id="99" textid="596" unk21="0" unk22="513" unk23="514" unk24="515" unk25="0" unk26="516" unk27="0" unk28="517" unk29="0" unk210="518" unk211="519" unk212="0" unk213="0" unk214="520" unk215="0" unk216="0" unk217="0" />
	<EmotesTextEntry id="100" textid="602" unk21="4" unk22="521" unk23="522" unk24="523" unk25="0" unk26="524" unk27="0" unk28="525" unk29="0" unk210="0" unk211="0" unk212="0" unk213="0" unk214="0" unk215="0" unk216="0" unk217="0" />
	<EmotesTextEntry id="101" textid="610" unk21="3" unk22="526" unk23="527" unk24="528" unk25="0" unk26="529" unk27="0" unk28="530" unk29="0" unk210="0" unk211="0" unk212="0" unk213="0" unk214="0" unk215="0" unk216="0" unk217="0" />
	<EmotesTextEntry id="102" textid="615" unk21="1" unk22="531" unk23="532" unk24="533" unk25="0" unk26="534" unk27="0" unk28="535" unk29="0" unk210="0" unk211="0" unk212="0" unk213="0" unk214="0" unk215="0" unk216="0" unk217="0" />
	<EmotesTextEntry id="103" textid="623" unk21="0" unk22="536" unk23="537" unk24="538" unk25="0" unk26="539" unk27="0" unk28="540" unk29="0" unk210="0" unk211="0" unk212="0" unk213="0" unk214="0" unk215="0" unk216="0" unk217="0" />
	<EmotesTextEntry id="104" textid="629" unk21="0" unk22="541" unk23="542" unk24="543" unk25="0" unk26="544" unk27="0" unk28="545" unk29="0" unk210="0" unk211="0" unk212="0" unk213="0" unk214="0" unk215="0" unk216="0" unk217="0" />
	<EmotesTextEntry id="105" textid="637" unk21="0" unk22="546" unk23="547" unk24="548" unk25="0" unk26="549" unk27="0" unk28="550" unk29="0" unk210="0" unk211="0" unk212="0" unk213="0" unk214="0" unk215="0" unk216="0" unk217="0" />
	<EmotesTextEntry id="106" textid="642" unk21="0" unk22="551" unk23="552" unk24="553" unk25="0" unk26="554" unk27="0" unk28="555" unk29="0" unk210="0" unk211="0" unk212="0" unk213="0" unk214="0" unk215="0" unk216="0" unk217="0" />
	<EmotesTextEntry id="107" textid="647" unk21="6" unk22="556" unk23="557" unk24="558" unk25="0" unk26="559" unk27="0" unk28="560" unk29="0" unk210="0" unk211="0" unk212="0" unk213="0" unk214="0" unk215="0" unk216="0" unk217="0" />
	<EmotesTextEntry id="108" textid="654" unk21="0" unk22="561" unk23="562" unk24="563" unk25="0" unk26="564" unk27="0" unk28="565" unk29="0" unk210="0" unk211="0" unk212="0" unk213="0" unk214="0" unk215="0" unk216="0" unk217="0" />
	<EmotesTextEntry id="109" textid="659" unk21="0" unk22="566" unk23="567" unk24="568" unk25="0" unk26="569" unk27="0" unk28="570" unk29="0" unk210="571" unk211="572" unk212="0" unk213="0" unk214="573" unk215="0" unk216="0" unk217="0" />
	<EmotesTextEntry id="110" textid="664" unk21="0" unk22="574" unk23="575" unk24="576" unk25="0" unk26="577" unk27="0" unk28="578" unk29="0" unk210="0" unk211="0" unk212="0" unk213="0" unk214="0" unk215="0" unk216="0" unk217="0" />
	<EmotesTextEntry id="111" textid="672" unk21="0" unk22="579" unk23="580" unk24="581" unk25="0" unk26="582" unk27="0" unk28="583" unk29="0" unk210="0" unk211="0" unk212="0" unk213="0" unk214="0" unk215="0" unk216="0" unk217="0" />
	<EmotesTextEntry id="112" textid="679" unk21="0" unk22="584" unk23="585" unk24="586" unk25="0" unk26="587" unk27="0" unk28="588" unk29="0" unk210="0" unk211="0" unk212="0" unk213="0" unk214="0" unk215="0" unk216="0" unk217="0" />
	<EmotesTextEntry id="113" textid="684" unk21="14" unk22="589" unk23="590" unk24="591" unk25="0" unk26="592" unk27="0" unk28="593" unk29="0" unk210="0" unk211="0" unk212="0" unk213="0" unk214="594" unk215="0" unk216="0" unk217="0" />
	<EmotesTextEntry id="114" textid="691" unk21="0" unk22="595" unk23="596" unk24="597" unk25="0" unk26="598" unk27="0" unk28="599" unk29="0" unk210="600" unk211="601" unk212="0" unk213="0" unk214="602" unk215="0" unk216="0" unk217="0" />
	<EmotesTextEntry id="115" textid="701" unk21="0" unk22="603" unk23="604" unk24="605" unk25="0" unk26="606" unk27="0" unk28="607" unk29="0" unk210="608" unk211="609" unk212="0" unk213="0" unk214="0" unk215="0" unk216="0" unk217="0" />
	<EmotesTextEntry id="116" textid="704" unk21="0" unk22="610" unk23="611" unk24="612" unk25="0" unk26="613" unk27="0" unk28="614" unk29="0" unk210="0" unk211="0" unk212="0" unk213="0" unk214="615" unk215="0" unk216="0" unk217="0" />
	<EmotesTextEntry id="117" textid="709" unk21="0" unk22="616" unk23="617" unk24="618" unk25="0" unk26="619" unk27="0" unk28="620" unk29="0" unk210="0" unk211="0" unk212="0" unk213="0" unk214="0" unk215="0" unk216="0" unk217="0" />
	<EmotesTextEntry id="118" textid="716" unk21="6" unk22="621" unk23="622" unk24="623" unk25="0" unk26="624" unk27="0" unk28="625" unk29="0" unk210="626" unk211="627" unk212="0" unk213="0" unk214="0" unk215="0" unk216="0" unk217="0" />
	<EmotesTextEntry id="119" textid="721" unk21="0" unk22="628" unk23="629" unk24="630" unk25="0" unk26="631" unk27="0" unk28="632" unk29="0" unk210="0" unk211="0" unk212="0" unk213="0" unk214="0" unk215="0" unk216="0" unk217="0" />
	<EmotesTextEntry id="120" textid="726" unk21="6" unk22="633" unk23="634" unk24="635" unk25="0" unk26="636" unk27="0" unk28="637" unk29="0" unk210="0" unk211="0" unk212="0" unk213="0" unk214="0" unk215="0" unk216="0" unk217="0" />
	<EmotesTextEntry id="121" textid="733" unk21="0" unk22="638" unk23="639" unk24="640" unk25="0" unk26="641" unk27="0" unk28="642" unk29="0" unk210="0" unk211="0" unk212="0" unk213="0" unk214="0" unk215="0" unk216="0" unk217="0" />
	<EmotesTextEntry id="122" textid="740" unk21="0" unk22="643" unk23="644" unk24="645" unk25="0" unk26="646" unk27="0" unk28="647" unk29="0" unk210="0" unk211="0" unk212="0" unk213="0" unk214="0" unk215="0" unk216="0" unk217="0" />
	<EmotesTextEntry id="123" textid="747" unk21="0" unk22="648" unk23="649" unk24="650" unk25="0" unk26="651" unk27="0" unk28="652" unk29="0" unk210="0" unk211="0" unk212="0" unk213="0" unk214="0" unk215="0" unk216="0" unk217="0" />
	<EmotesTextEntry id="124" textid="752" unk21="6" unk22="653" unk23="654" unk24="655" unk25="0" unk26="656" unk27="0" unk28="657" unk29="0" unk210="0" unk211="0" unk212="0" unk213="0" unk214="0" unk215="0" unk216="0" unk217="0" />
	<EmotesTextEntry id="125" textid="759" unk21="0" unk22="658" unk23="659" unk24="660" unk25="0" unk26="661" unk27="0" unk28="662" unk29="0" unk210="663" unk211="664" unk212="0" unk213="0" unk214="665" unk215="0" unk216="0" unk217="0" />
	<EmotesTextEntry id="126" textid="765" unk21="0" unk22="666" unk23="667" unk24="668" unk25="0" unk26="669" unk27="0" unk28="670" unk29="0" unk210="777" unk211="671" unk212="0" unk213="0" unk214="672" unk215="0" unk216="0" unk217="0" />
	<EmotesTextEntry id="127" textid="771" unk21="0" unk22="673" unk23="674" unk24="675" unk25="0" unk26="676" unk27="0" unk28="677" unk29="0" unk210="0" unk211="0" unk212="0" unk213="0" unk214="0" unk215="0" unk216="0" unk217="0" />
	<EmotesTextEntry id="128" textid="778" unk21="0" unk22="678" unk23="679" unk24="680" unk25="0" unk26="681" unk27="0" unk28="682" unk29="0" unk210="0" unk211="0" unk212="0" unk213="0" unk214="683" unk215="0" unk216="0" unk217="0" />
	<EmotesTextEntry id="129" textid="785" unk21="0" unk22="684" unk23="685" unk24="686" unk25="0" unk26="687" unk27="0" unk28="688" unk29="0" unk210="0" unk211="0" unk212="0" unk213="0" unk214="0" unk215="0" unk216="0" unk217="0" />
	<EmotesTextEntry id="130" textid="790" unk21="0" unk22="689" unk23="690" unk24="691" unk25="0" unk26="692" unk27="0" unk28="693" unk29="0" unk210="0" unk211="0" unk212="0" unk213="0" unk214="694" unk215="0" unk216="0" unk217="0" />
	<EmotesTextEntry id="131" textid="795" unk21="0" unk22="695" unk23="696" unk24="697" unk25="0" unk26="698" unk27="0" unk28="699" unk29="0" unk210="0" unk211="0" unk212="0" unk213="0" unk214="0" unk215="0" unk216="0" unk217="0" />
	<EmotesTextEntry id="132" textid="801" unk21="0" unk22="700" unk23="701" unk24="702" unk25="0" unk26="703" unk27="0" unk28="704" unk29="0" unk210="0" unk211="0" unk212="0" unk213="0" unk214="705" unk215="0" unk216="0" unk217="0" />
	<EmotesTextEntry id="133" textid="807" unk21="0" unk22="706" unk23="707" unk24="708" unk25="0" unk26="709" unk27="0" unk28="710" unk29="0" unk210="0" unk211="0" unk212="0" unk213="0" unk214="711" unk215="0" unk216="0" unk217="0" />
	<EmotesTextEntry id="134" textid="812" unk21="0" unk22="712" unk23="713" unk24="714" unk25="0" unk26="715" unk27="0" unk28="716" unk29="0" unk210="0" unk211="0" unk212="0" unk213="0" unk214="0" unk215="0" unk216="0" unk217="0" />
	<EmotesTextEntry id="135" textid="819" unk21="0" unk22="717" unk23="718" unk24="719" unk25="0" unk26="720" unk27="0" unk28="721" unk29="0" unk210="0" unk211="0" unk212="0" unk213="0" unk214="722" unk215="0" unk216="0" unk217="0" />
	<EmotesTextEntry id="136" textid="825" unk21="19" unk22="723" unk23="724" unk24="725" unk25="0" unk26="726" unk27="0" unk28="727" unk29="0" unk210="0" unk211="0" unk212="0" unk213="0" unk214="728" unk215="0" unk216="0" unk217="0" />
	<EmotesTextEntry id="137" textid="831" unk21="0" unk22="729" unk23="730" unk24="731" unk25="0" unk26="732" unk27="0" unk28="733" unk29="0" unk210="0" unk211="0" unk212="0" unk213="0" unk214="0" unk215="0" unk216="0" unk217="0" />
	<EmotesTextEntry id="138" textid="837" unk21="0" unk22="734" unk23="735" unk24="736" unk25="0" unk26="737" unk27="0" unk28="738" unk29="0" unk210="739" unk211="740" unk212="0" unk213="0" unk214="0" unk215="0" unk216="0" unk217="0" />
	<EmotesTextEntry id="139" textid="845" unk21="0" unk22="741" unk23="742" unk24="743" unk25="0" unk26="744" unk27="0" unk28="745" unk29="0" unk210="0" unk211="0" unk212="0" unk213="0" unk214="0" unk215="0" unk216="0" unk217="0" />
	<EmotesTextEntry id="140" textid="850" unk21="0" unk22="746" unk23="747" unk24="748" unk25="0" unk26="749" unk27="0" unk28="750" unk29="0" unk210="0" unk211="0" unk212="0" unk213="0" unk214="751" unk215="0" unk216="0" unk217="0" />
	<EmotesTextEntry id="141" textid="858" unk21="26" unk22="0" unk23="0" unk24="0" unk25="0" unk26="0" unk27="0" unk28="0" unk29="0" unk210="0" unk211="0" unk212="0" unk213="0" unk214="0" unk215="0" unk216="0" unk217="0" />
	<EmotesTextEntry id="142" textid="864" unk21="0" unk22="752" unk23="753" unk24="754" unk25="0" unk26="755" unk27="0" unk28="756" unk29="0" unk210="0" unk211="0" unk212="0" unk213="0" unk214="0" unk215="0" unk216="0" unk217="0" />
	<EmotesTextEntry id="143" textid="871" unk21="18" unk22="757" unk23="758" unk24="759" unk25="0" unk26="760" unk27="0" unk28="761" unk29="0" unk210="0" unk211="0" unk212="0" unk213="0" unk214="0" unk215="0" unk216="0" unk217="0" />
	<EmotesTextEntry id="163" textid="878" unk21="0" unk22="762" unk23="763" unk24="764" unk25="0" unk26="765" unk27="0" unk28="766" unk29="0" unk210="0" unk211="0" unk212="0" unk213="0" unk214="0" unk215="0" unk216="0" unk217="0" />
	<EmotesTextEntry id="183" textid="884" unk21="14" unk22="778" unk23="779" unk24="780" unk25="0" unk26="781" unk27="0" unk28="782" unk29="0" unk210="0" unk211="0" unk212="0" unk213="0" unk214="0" unk215="0" unk216="0" unk217="0" />
	<EmotesTextEntry id="203" textid="889" unk21="0" unk22="797" unk23="798" unk24="799" unk25="0" unk26="800" unk27="0" unk28="802" unk29="0" unk210="0" unk211="0" unk212="0" unk213="0" unk214="801" unk215="0" unk216="0" unk217="0" />
	<EmotesTextEntry id="204" textid="894" unk21="15" unk22="803" unk23="804" unk24="805" unk25="0" unk26="806" unk27="0" unk28="807" unk29="0" unk210="0" unk211="0" unk212="0" unk213="0" unk214="0" unk215="0" unk216="0" unk217="0" />
	<EmotesTextEntry id="205" textid="900" unk21="0" unk22="808" unk23="809" unk24="810" unk25="0" unk26="811" unk27="0" unk28="812" unk29="0" unk210="0" unk211="0" unk212="0" unk213="0" unk214="0" unk215="0" unk216="0" unk217="0" />
	<EmotesTextEntry id="223" textid="905" unk21="0" unk22="817" unk23="818" unk24="819" unk25="0" unk26="820" unk27="0" unk28="821" unk29="0" unk210="0" unk211="0" unk212="0" unk213="0" unk214="0" unk215="0" unk216="0" unk217="0" />
	<EmotesTextEntry id="224" textid="912" unk21="0" unk22="822" unk23="823" unk24="824" unk25="0" unk26="825" unk27="0" unk28="826" unk29="0" unk210="0" unk211="0" unk212="0" unk213="0" unk214="0" unk215="0" unk216="0" unk217="0" />
	<EmotesTextEntry id="225" textid="917" unk21="0" unk22="827" unk23="828" unk24="829" unk25="0" unk26="830" unk27="0" unk28="831" unk29="0" unk210="0" unk211="0" unk212="0" unk213="0" unk214="0" unk215="0" unk216="0" unk217="0" />
	<EmotesTextEntry id="226" textid="922" unk21="0" unk22="832" unk23="833" unk24="834" unk25="0" unk26="835" unk27="0" unk28="836" unk29="0" unk210="0" unk211="0" unk212="0" unk213="0" unk214="0" unk215="0" unk216="0" unk217="0" />
	<EmotesTextEntry id="243" textid="926" unk21="21" unk22="837" unk23="838" unk24="839" unk25="0" unk26="840" unk27="0" unk28="841" unk29="0" unk210="0" unk211="0" unk212="0" unk213="0" unk214="0" unk215="0" unk216="0" unk217="0" />
	<EmotesTextEntry id="264" textid="934" unk21="275" unk22="0" unk23="0" unk24="0" unk25="0" unk26="0" unk27="0" unk28="0" unk29="0" unk210="0" unk211="0" unk212="0" unk213="0" unk214="0" unk215="0" unk216="0" unk217="0" />
	<EmotesTextEntry id="303" textid="940" unk21="22" unk22="862" unk23="863" unk24="864" unk25="0" unk26="865" unk27="0" unk28="866" unk29="0" unk210="0" unk211="0" unk212="0" unk213="0" unk214="0" unk215="0" unk216="0" unk217="0" />
	<EmotesTextEntry id="304" textid="947" unk21="22" unk22="867" unk23="868" unk24="869" unk25="0" unk26="870" unk27="0" unk28="871" unk29="0" unk210="0" unk211="0" unk212="0" unk213="0" unk214="0" unk215="0" unk216="0" unk217="0" />
	<EmotesTextEntry id="305" textid="956" unk21="25" unk22="872" unk23="873" unk24="874" unk25="0" unk26="875" unk27="0" unk28="876" unk29="0" unk210="0" unk211="0" unk212="0" unk213="0" unk214="0" unk215="0" unk216="0" unk217="0" />
	<EmotesTextEntry id="306" textid="963" unk21="22" unk22="877" unk23="878" unk24="879" unk25="0" unk26="880" unk27="0" unk28="881" unk29="0" unk210="0" unk211="0" unk212="0" unk213="0" unk214="0" unk215="0" unk216="0" unk217="0" />
	<EmotesTextEntry id="307" textid="968" unk21="15" unk22="882" unk23="883" unk24="884" unk25="0" unk26="885" unk27="0" unk28="886" unk29="0" unk210="0" unk211="0" unk212="0" unk213="0" unk214="0" unk215="0" unk216="0" unk217="0" />
	<EmotesTextEntry id="323" textid="983" unk21="1" unk22="0" unk23="0" unk24="0" unk25="0" unk26="887" unk27="0" unk28="888" unk29="0" unk210="0" unk211="0" unk212="0" unk213="0" unk214="0" unk215="0" unk216="0" unk217="0" />
	<EmotesTextEntry id="324" textid="987" unk21="1" unk22="889" unk23="890" unk24="891" unk25="0" unk26="892" unk27="0" unk28="893" unk29="0" unk210="0" unk211="0" unk212="0" unk213="0" unk214="0" unk215="0" unk216="0" unk217="0" />
	<EmotesTextEntry id="325" textid="994" unk21="1" unk22="894" unk23="895" unk24="896" unk25="0" unk26="897" unk27="0" unk28="898" unk29="0" unk210="0" unk211="0" unk212="0" unk213="0" unk214="0" unk215="0" unk216="0" unk217="0" />
	<EmotesTextEntry id="326" textid="999" unk21="1" unk22="0" unk23="0" unk24="0" unk25="0" unk26="899" unk27="0" unk28="900" unk29="0" unk210="0" unk211="0" unk212="0" unk213="0" unk214="0" unk215="0" unk216="0" unk217="0" />
	<EmotesTextEntry id="327" textid="1006" unk21="25" unk22="0" unk23="0" unk24="0" unk25="0" unk26="901" unk27="0" unk28="902" unk29="0" unk210="0" unk211="0" unk212="0" unk213="0" unk214="0" unk215="0" unk216="0" unk217="0" />
	<EmotesTextEntry id="328" textid="1015" unk21="24" unk22="903" unk23="904" unk24="905" unk25="0" unk26="906" unk27="0" unk28="907" unk29="0" unk210="0" unk211="0" unk212="0" unk213="0" unk214="0" unk215="0" unk216="0" unk217="0" />
	<EmotesTextEntry id="329" textid="1021" unk21="1" unk22="908" unk23="909" unk24="910" unk25="0" unk26="911" unk27="0" unk28="912" unk29="0" unk210="0" unk211="0" unk212="0" unk213="0" unk214="0" unk215="0" unk216="0" unk217="0" />
	<EmotesTextEntry id="343" textid="1026" unk21="21" unk22="913" unk23="914" unk24="915" unk25="0" unk26="916" unk27="0" unk28="917" unk29="0" unk210="0" unk211="0" unk212="0" unk213="0" unk214="0" unk215="0" unk216="0" unk217="0" />
	<EmotesTextEntry id="363" textid="1035" unk21="0" unk22="918" unk23="919" unk24="920" unk25="0" unk26="921" unk27="0" unk28="922" unk29="0" unk210="0" unk211="0" unk212="0" unk213="0" unk214="0" unk215="0" unk216="0" unk217="0" />
	<EmotesTextEntry id="364" textid="1040" unk21="0" unk22="923" unk23="924" unk24="925" unk25="0" unk26="926" unk27="0" unk28="927" unk29="0" unk210="0" unk211="0" unk212="0" unk213="0" unk214="0" unk215="0" unk216="0" unk217="0" />
</EmotesTextEntryList>