<?xml version="1.0" encoding="UTF-8" standalone="yes"?>
<FactionTemplateEntryList>
	<FactionTemplateEntry id="1" faction="1" factionFlags="72" ourMask="3" friendlyMask="2" hostileMask="12" enemyFaction1="0" enemyFaction2="0" enemyFaction3="0" enemyFaction4="0" friendFaction1="0" friendFaction2="0" friendFaction3="0" friendFaction4="0" />
	<FactionTemplateEntry id="2" faction="2" factionFlags="72" ourMask="5" friendlyMask="4" hostileMask="10" enemyFaction1="0" enemyFaction2="0" enemyFaction3="0" enemyFaction4="0" friendFaction1="0" friendFaction2="0" friendFaction3="0" friendFaction4="0" />
	<FactionTemplateEntry id="3" faction="3" factionFlags="72" ourMask="3" friendlyMask="2" hostileMask="12" enemyFaction1="0" enemyFaction2="0" enemyFaction3="0" enemyFaction4="0" friendFaction1="0" friendFaction2="0" friendFaction3="0" friendFaction4="0" />
	<FactionTemplateEntry id="4" faction="4" factionFlags="72" ourMask="3" friendlyMask="2" hostileMask="12" enemyFaction1="0" enemyFaction2="0" enemyFaction3="0" enemyFaction4="0" friendFaction1="0" friendFaction2="0" friendFaction3="0" friendFaction4="0" />
	<FactionTemplateEntry id="5" faction="5" factionFlags="72" ourMask="5" friendlyMask="4" hostileMask="10" enemyFaction1="0" enemyFaction2="0" enemyFaction3="0" enemyFaction4="0" friendFaction1="0" friendFaction2="0" friendFaction3="0" friendFaction4="0" />
	<FactionTemplateEntry id="6" faction="6" factionFlags="72" ourMask="5" friendlyMask="4" hostileMask="10" enemyFaction1="0" enemyFaction2="0" enemyFaction3="0" enemyFaction4="0" friendFaction1="0" friendFaction2="0" friendFaction3="0" friendFaction4="0" />
	<FactionTemplateEntry id="7" faction="7" factionFlags="0" ourMask="0" friendlyMask="0" hostileMask="0" enemyFaction1="0" enemyFaction2="0" enemyFaction3="0" enemyFaction4="0" friendFaction1="0" friendFaction2="0" friendFaction3="0" friendFaction4="0" />
	<FactionTemplateEntry id="10" faction="40" factionFlags="2056" ourMask="3" friendlyMask="2" hostileMask="0" enemyFaction1="0" enemyFaction2="0" enemyFaction3="0" enemyFaction4="0" friendFaction1="0" friendFaction2="0" friendFaction3="0" friendFaction4="0" />
	<FactionTemplateEntry id="11" faction="72" factionFlags="2081" ourMask="3" friendlyMask="2" hostileMask="12" enemyFaction1="0" enemyFaction2="0" enemyFaction3="0" enemyFaction4="0" friendFaction1="0" friendFaction2="0" friendFaction3="0" friendFaction4="0" />
	<FactionTemplateEntry id="12" faction="72" factionFlags="0" ourMask="2" friendlyMask="2" hostileMask="4" enemyFaction1="0" enemyFaction2="0" enemyFaction3="0" enemyFaction4="0" friendFaction1="72" friendFaction2="0" friendFaction3="0" friendFaction4="0" />
	<FactionTemplateEntry id="14" faction="14" factionFlags="0" ourMask="8" friendlyMask="0" hostileMask="1" enemyFaction1="0" enemyFaction2="0" enemyFaction3="0" enemyFaction4="0" friendFaction1="0" friendFaction2="0" friendFaction3="0" friendFaction4="0" />
	<FactionTemplateEntry id="15" faction="7" factionFlags="1" ourMask="0" friendlyMask="0" hostileMask="0" enemyFaction1="0" enemyFaction2="0" enemyFaction3="0" enemyFaction4="0" friendFaction1="7" friendFaction2="0" friendFaction3="0" friendFaction4="0" />
	<FactionTemplateEntry id="16" faction="14" factionFlags="1" ourMask="8" friendlyMask="0" hostileMask="1" enemyFaction1="0" enemyFaction2="0" enemyFaction3="0" enemyFaction4="0" friendFaction1="14" friendFaction2="0" friendFaction3="0" friendFaction4="0" />
	<FactionTemplateEntry id="17" faction="15" factionFlags="1" ourMask="8" friendlyMask="0" hostileMask="1" enemyFaction1="0" enemyFaction2="0" enemyFaction3="0" enemyFaction4="0" friendFaction1="15" friendFaction2="0" friendFaction3="0" friendFaction4="0" />
	<FactionTemplateEntry id="18" faction="19" factionFlags="1" ourMask="8" friendlyMask="0" hostileMask="1" enemyFaction1="0" enemyFaction2="0" enemyFaction3="0" enemyFaction4="0" friendFaction1="19" friendFaction2="0" friendFaction3="0" friendFaction4="0" />
	<FactionTemplateEntry id="19" faction="17" factionFlags="1" ourMask="8" friendlyMask="0" hostileMask="1" enemyFaction1="0" enemyFaction2="0" enemyFaction3="0" enemyFaction4="0" friendFaction1="17" friendFaction2="0" friendFaction3="0" friendFaction4="0" />
	<FactionTemplateEntry id="20" faction="16" factionFlags="1" ourMask="8" friendlyMask="0" hostileMask="1" enemyFaction1="0" enemyFaction2="0" enemyFaction3="0" enemyFaction4="0" friendFaction1="16" friendFaction2="0" friendFaction3="0" friendFaction4="0" />
	<FactionTemplateEntry id="21" faction="20" factionFlags="1" ourMask="8" friendlyMask="0" hostileMask="1" enemyFaction1="0" enemyFaction2="0" enemyFaction3="0" enemyFaction4="0" friendFaction1="20" friendFaction2="0" friendFaction3="0" friendFaction4="0" />
	<FactionTemplateEntry id="22" faction="22" factionFlags="0" ourMask="8" friendlyMask="0" hostileMask="1" enemyFaction1="0" enemyFaction2="0" enemyFaction3="0" enemyFaction4="0" friendFaction1="22" friendFaction2="0" friendFaction3="0" friendFaction4="0" />
	<FactionTemplateEntry id="23" faction="54" factionFlags="2049" ourMask="2" friendlyMask="2" hostileMask="4" enemyFaction1="0" enemyFaction2="0" enemyFaction3="0" enemyFaction4="0" friendFaction1="0" friendFaction2="0" friendFaction3="0" friendFaction4="0" />
	<FactionTemplateEntry id="24" faction="24" factionFlags="1" ourMask="8" friendlyMask="0" hostileMask="1" enemyFaction1="0" enemyFaction2="0" enemyFaction3="0" enemyFaction4="0" friendFaction1="24" friendFaction2="0" friendFaction3="0" friendFaction4="0" />
	<FactionTemplateEntry id="25" faction="25" factionFlags="0" ourMask="8" friendlyMask="0" hostileMask="0" enemyFaction1="0" enemyFaction2="0" enemyFaction3="0" enemyFaction4="0" friendFaction1="25" friendFaction2="0" friendFaction3="0" friendFaction4="0" />
	<FactionTemplateEntry id="26" faction="25" factionFlags="1" ourMask="8" friendlyMask="0" hostileMask="1" enemyFaction1="0" enemyFaction2="0" enemyFaction3="0" enemyFaction4="0" friendFaction1="25" friendFaction2="0" friendFaction3="0" friendFaction4="0" />
	<FactionTemplateEntry id="27" faction="15" factionFlags="1" ourMask="8" friendlyMask="0" hostileMask="1" enemyFaction1="1" enemyFaction2="0" enemyFaction3="0" enemyFaction4="0" friendFaction1="15" friendFaction2="0" friendFaction3="0" friendFaction4="0" />
	<FactionTemplateEntry id="28" faction="26" factionFlags="1" ourMask="8" friendlyMask="0" hostileMask="1" enemyFaction1="0" enemyFaction2="0" enemyFaction3="0" enemyFaction4="0" friendFaction1="26" friendFaction2="0" friendFaction3="0" friendFaction4="0" />
	<FactionTemplateEntry id="29" faction="76" factionFlags="0" ourMask="4" friendlyMask="4" hostileMask="2" enemyFaction1="0" enemyFaction2="0" enemyFaction3="0" enemyFaction4="0" friendFaction1="0" friendFaction2="0" friendFaction3="0" friendFaction4="0" />
	<FactionTemplateEntry id="30" faction="27" factionFlags="1" ourMask="8" friendlyMask="0" hostileMask="1" enemyFaction1="0" enemyFaction2="0" enemyFaction3="0" enemyFaction4="0" friendFaction1="27" friendFaction2="0" friendFaction3="0" friendFaction4="0" />
	<FactionTemplateEntry id="31" faction="28" factionFlags="1024" ourMask="0" friendlyMask="0" hostileMask="0" enemyFaction1="0" enemyFaction2="0" enemyFaction3="0" enemyFaction4="0" friendFaction1="148" friendFaction2="28" friendFaction3="0" friendFaction4="0" />
	<FactionTemplateEntry id="32" faction="29" factionFlags="16" ourMask="0" friendlyMask="0" hostileMask="0" enemyFaction1="28" enemyFaction2="0" enemyFaction3="0" enemyFaction4="0" friendFaction1="0" friendFaction2="0" friendFaction3="0" friendFaction4="0" />
	<FactionTemplateEntry id="33" faction="40" factionFlags="2056" ourMask="5" friendlyMask="4" hostileMask="0" enemyFaction1="0" enemyFaction2="0" enemyFaction3="0" enemyFaction4="0" friendFaction1="0" friendFaction2="0" friendFaction3="0" friendFaction4="0" />
	<FactionTemplateEntry id="34" faction="15" factionFlags="1" ourMask="8" friendlyMask="0" hostileMask="0" enemyFaction1="0" enemyFaction2="0" enemyFaction3="0" enemyFaction4="0" friendFaction1="15" friendFaction2="0" friendFaction3="0" friendFaction4="0" />
	<FactionTemplateEntry id="35" faction="31" factionFlags="0" ourMask="0" friendlyMask="1" hostileMask="0" enemyFaction1="0" enemyFaction2="0" enemyFaction3="0" enemyFaction4="0" friendFaction1="31" friendFaction2="0" friendFaction3="0" friendFaction4="0" />
	<FactionTemplateEntry id="36" faction="32" factionFlags="1025" ourMask="0" friendlyMask="0" hostileMask="0" enemyFaction1="0" enemyFaction2="0" enemyFaction3="0" enemyFaction4="0" friendFaction1="32" friendFaction2="0" friendFaction3="0" friendFaction4="0" />
	<FactionTemplateEntry id="37" faction="33" factionFlags="1" ourMask="8" friendlyMask="0" hostileMask="1" enemyFaction1="0" enemyFaction2="0" enemyFaction3="0" enemyFaction4="0" friendFaction1="33" friendFaction2="0" friendFaction3="0" friendFaction4="0" />
	<FactionTemplateEntry id="38" faction="29" factionFlags="17" ourMask="8" friendlyMask="0" hostileMask="1" enemyFaction1="28" enemyFaction2="0" enemyFaction3="0" enemyFaction4="0" friendFaction1="29" friendFaction2="0" friendFaction3="0" friendFaction4="0" />
	<FactionTemplateEntry id="39" faction="18" factionFlags="1" ourMask="8" friendlyMask="0" hostileMask="1" enemyFaction1="0" enemyFaction2="0" enemyFaction3="0" enemyFaction4="0" friendFaction1="18" friendFaction2="0" friendFaction3="0" friendFaction4="0" />
	<FactionTemplateEntry id="40" faction="34" factionFlags="1" ourMask="8" friendlyMask="0" hostileMask="1" enemyFaction1="0" enemyFaction2="0" enemyFaction3="0" enemyFaction4="0" friendFaction1="34" friendFaction2="0" friendFaction3="0" friendFaction4="0" />
	<FactionTemplateEntry id="41" faction="35" factionFlags="49" ourMask="8" friendlyMask="0" hostileMask="1" enemyFaction1="36" enemyFaction2="0" enemyFaction3="0" enemyFaction4="0" friendFaction1="35" friendFaction2="0" friendFaction3="0" friendFaction4="0" />
	<FactionTemplateEntry id="42" faction="36" factionFlags="9" ourMask="1" friendlyMask="1" hostileMask="0" enemyFaction1="0" enemyFaction2="0" enemyFaction3="0" enemyFaction4="0" friendFaction1="36" friendFaction2="0" friendFaction3="0" friendFaction4="0" />
	<FactionTemplateEntry id="43" faction="35" factionFlags="33" ourMask="8" friendlyMask="0" hostileMask="0" enemyFaction1="36" enemyFaction2="0" enemyFaction3="0" enemyFaction4="0" friendFaction1="35" friendFaction2="0" friendFaction3="0" friendFaction4="0" />
	<FactionTemplateEntry id="44" faction="37" factionFlags="1" ourMask="8" friendlyMask="0" hostileMask="1" enemyFaction1="0" enemyFaction2="0" enemyFaction3="0" enemyFaction4="0" friendFaction1="37" friendFaction2="0" friendFaction3="0" friendFaction4="0" />
	<FactionTemplateEntry id="45" faction="38" factionFlags="1" ourMask="8" friendlyMask="0" hostileMask="1" enemyFaction1="0" enemyFaction2="0" enemyFaction3="0" enemyFaction4="0" friendFaction1="38" friendFaction2="0" friendFaction3="0" friendFaction4="0" />
	<FactionTemplateEntry id="46" faction="39" factionFlags="1" ourMask="8" friendlyMask="0" hostileMask="1" enemyFaction1="0" enemyFaction2="0" enemyFaction3="0" enemyFaction4="0" friendFaction1="39" friendFaction2="0" friendFaction3="0" friendFaction4="0" />
	<FactionTemplateEntry id="47" faction="41" factionFlags="1" ourMask="8" friendlyMask="0" hostileMask="1" enemyFaction1="0" enemyFaction2="0" enemyFaction3="0" enemyFaction4="0" friendFaction1="41" friendFaction2="0" friendFaction3="0" friendFaction4="0" />
	<FactionTemplateEntry id="48" faction="42" factionFlags="1" ourMask="8" friendlyMask="0" hostileMask="1" enemyFaction1="0" enemyFaction2="0" enemyFaction3="0" enemyFaction4="0" friendFaction1="42" friendFaction2="0" friendFaction3="0" friendFaction4="0" />
	<FactionTemplateEntry id="49" faction="43" factionFlags="0" ourMask="8" friendlyMask="0" hostileMask="1" enemyFaction1="0" enemyFaction2="0" enemyFaction3="0" enemyFaction4="0" friendFaction1="43" friendFaction2="0" friendFaction3="0" friendFaction4="0" />
	<FactionTemplateEntry id="50" faction="44" factionFlags="1" ourMask="8" friendlyMask="0" hostileMask="1" enemyFaction1="0" enemyFaction2="0" enemyFaction3="0" enemyFaction4="0" friendFaction1="44" friendFaction2="0" friendFaction3="0" friendFaction4="0" />
	<FactionTemplateEntry id="51" faction="45" factionFlags="1" ourMask="8" friendlyMask="0" hostileMask="1" enemyFaction1="46" enemyFaction2="40" enemyFaction3="0" enemyFaction4="0" friendFaction1="45" friendFaction2="0" friendFaction3="0" friendFaction4="0" />
	<FactionTemplateEntry id="52" faction="769" factionFlags="8" ourMask="8" friendlyMask="0" hostileMask="0" enemyFaction1="770" enemyFaction2="0" enemyFaction3="0" enemyFaction4="0" friendFaction1="0" friendFaction2="0" friendFaction3="0" friendFaction4="0" />
	<FactionTemplateEntry id="53" faction="49" factionFlags="0" ourMask="2" friendlyMask="2" hostileMask="12" enemyFaction1="0" enemyFaction2="0" enemyFaction3="0" enemyFaction4="0" friendFaction1="49" friendFaction2="0" friendFaction3="0" friendFaction4="0" />
	<FactionTemplateEntry id="54" faction="48" factionFlags="1" ourMask="8" friendlyMask="0" hostileMask="1" enemyFaction1="0" enemyFaction2="0" enemyFaction3="0" enemyFaction4="0" friendFaction1="48" friendFaction2="0" friendFaction3="0" friendFaction4="0" />
	<FactionTemplateEntry id="55" faction="47" factionFlags="0" ourMask="2" friendlyMask="2" hostileMask="4" enemyFaction1="0" enemyFaction2="0" enemyFaction3="0" enemyFaction4="0" friendFaction1="47" friendFaction2="0" friendFaction3="0" friendFaction4="0" />
	<FactionTemplateEntry id="56" faction="49" factionFlags="33" ourMask="2" friendlyMask="2" hostileMask="12" enemyFaction1="0" enemyFaction2="0" enemyFaction3="0" enemyFaction4="0" friendFaction1="49" friendFaction2="0" friendFaction3="0" friendFaction4="0" />
	<FactionTemplateEntry id="57" faction="47" factionFlags="2081" ourMask="3" friendlyMask="2" hostileMask="12" enemyFaction1="0" enemyFaction2="0" enemyFaction3="0" enemyFaction4="0" friendFaction1="0" friendFaction2="0" friendFaction3="0" friendFaction4="0" />
	<FactionTemplateEntry id="58" faction="7" factionFlags="1" ourMask="8" friendlyMask="0" hostileMask="0" enemyFaction1="0" enemyFaction2="0" enemyFaction3="0" enemyFaction4="0" friendFaction1="0" friendFaction2="0" friendFaction3="0" friendFaction4="0" />
	<FactionTemplateEntry id="59" faction="32" factionFlags="1" ourMask="8" friendlyMask="0" hostileMask="1" enemyFaction1="0" enemyFaction2="0" enemyFaction3="0" enemyFaction4="0" friendFaction1="32" friendFaction2="0" friendFaction3="0" friendFaction4="0" />
	<FactionTemplateEntry id="60" faction="50" factionFlags="1" ourMask="8" friendlyMask="0" hostileMask="1" enemyFaction1="0" enemyFaction2="0" enemyFaction3="0" enemyFaction4="0" friendFaction1="50" friendFaction2="0" friendFaction3="0" friendFaction4="0" />
	<FactionTemplateEntry id="61" faction="51" factionFlags="1" ourMask="8" friendlyMask="0" hostileMask="1" enemyFaction1="0" enemyFaction2="0" enemyFaction3="0" enemyFaction4="0" friendFaction1="51" friendFaction2="0" friendFaction3="0" friendFaction4="0" />
	<FactionTemplateEntry id="62" faction="52" factionFlags="1" ourMask="8" friendlyMask="0" hostileMask="1" enemyFaction1="0" enemyFaction2="0" enemyFaction3="0" enemyFaction4="0" friendFaction1="52" friendFaction2="0" friendFaction3="0" friendFaction4="0" />
	<FactionTemplateEntry id="63" faction="53" factionFlags="1" ourMask="8" friendlyMask="0" hostileMask="1" enemyFaction1="0" enemyFaction2="0" enemyFaction3="0" enemyFaction4="0" friendFaction1="53" friendFaction2="0" friendFaction3="0" friendFaction4="0" />
	<FactionTemplateEntry id="64" faction="54" factionFlags="1" ourMask="2" friendlyMask="2" hostileMask="4" enemyFaction1="0" enemyFaction2="0" enemyFaction3="0" enemyFaction4="0" friendFaction1="0" friendFaction2="0" friendFaction3="0" friendFaction4="0" />
	<FactionTemplateEntry id="65" faction="76" factionFlags="1" ourMask="0" friendlyMask="0" hostileMask="0" enemyFaction1="45" enemyFaction2="0" enemyFaction3="0" enemyFaction4="0" friendFaction1="76" friendFaction2="0" friendFaction3="0" friendFaction4="0" />
	<FactionTemplateEntry id="66" faction="55" factionFlags="17" ourMask="8" friendlyMask="0" hostileMask="1" enemyFaction1="28" enemyFaction2="0" enemyFaction3="0" enemyFaction4="0" friendFaction1="55" friendFaction2="0" friendFaction3="0" friendFaction4="0" />
	<FactionTemplateEntry id="67" faction="56" factionFlags="1" ourMask="8" friendlyMask="0" hostileMask="1" enemyFaction1="0" enemyFaction2="0" enemyFaction3="0" enemyFaction4="0" friendFaction1="56" friendFaction2="0" friendFaction3="0" friendFaction4="0" />
	<FactionTemplateEntry id="68" faction="68" factionFlags="0" ourMask="4" friendlyMask="4" hostileMask="2" enemyFaction1="0" enemyFaction2="0" enemyFaction3="0" enemyFaction4="0" friendFaction1="0" friendFaction2="0" friendFaction3="0" friendFaction4="0" />
	<FactionTemplateEntry id="69" faction="470" factionFlags="0" ourMask="0" friendlyMask="0" hostileMask="0" enemyFaction1="0" enemyFaction2="0" enemyFaction3="0" enemyFaction4="0" friendFaction1="470" friendFaction2="0" friendFaction3="0" friendFaction4="0" />
	<FactionTemplateEntry id="70" faction="57" factionFlags="1" ourMask="8" friendlyMask="0" hostileMask="1" enemyFaction1="0" enemyFaction2="0" enemyFaction3="0" enemyFaction4="0" friendFaction1="57" friendFaction2="0" friendFaction3="0" friendFaction4="0" />
	<FactionTemplateEntry id="71" faction="68" factionFlags="2081" ourMask="5" friendlyMask="4" hostileMask="10" enemyFaction1="0" enemyFaction2="0" enemyFaction3="0" enemyFaction4="0" friendFaction1="0" friendFaction2="0" friendFaction3="0" friendFaction4="0" />
	<FactionTemplateEntry id="72" faction="58" factionFlags="1" ourMask="8" friendlyMask="0" hostileMask="1" enemyFaction1="0" enemyFaction2="0" enemyFaction3="0" enemyFaction4="0" friendFaction1="58" friendFaction2="0" friendFaction3="0" friendFaction4="0" />
	<FactionTemplateEntry id="73" faction="669" factionFlags="1" ourMask="8" friendlyMask="0" hostileMask="1" enemyFaction1="0" enemyFaction2="0" enemyFaction3="0" enemyFaction4="0" friendFaction1="669" friendFaction2="0" friendFaction3="0" friendFaction4="0" />
	<FactionTemplateEntry id="74" faction="60" factionFlags="1" ourMask="8" friendlyMask="0" hostileMask="1" enemyFaction1="289" enemyFaction2="0" enemyFaction3="0" enemyFaction4="0" friendFaction1="60" friendFaction2="0" friendFaction3="0" friendFaction4="0" />
	<FactionTemplateEntry id="76" faction="61" factionFlags="33" ourMask="0" friendlyMask="2" hostileMask="4" enemyFaction1="0" enemyFaction2="0" enemyFaction3="0" enemyFaction4="0" friendFaction1="61" friendFaction2="0" friendFaction3="0" friendFaction4="0" />
	<FactionTemplateEntry id="77" faction="62" factionFlags="0" ourMask="8" friendlyMask="0" hostileMask="0" enemyFaction1="0" enemyFaction2="0" enemyFaction3="0" enemyFaction4="0" friendFaction1="0" friendFaction2="0" friendFaction3="0" friendFaction4="0" />
	<FactionTemplateEntry id="78" faction="63" factionFlags="0" ourMask="8" friendlyMask="0" hostileMask="1" enemyFaction1="0" enemyFaction2="0" enemyFaction3="0" enemyFaction4="0" friendFaction1="0" friendFaction2="0" friendFaction3="0" friendFaction4="0" />
	<FactionTemplateEntry id="79" faction="69" factionFlags="2081" ourMask="3" friendlyMask="2" hostileMask="12" enemyFaction1="0" enemyFaction2="0" enemyFaction3="0" enemyFaction4="0" friendFaction1="0" friendFaction2="0" friendFaction3="0" friendFaction4="0" />
	<FactionTemplateEntry id="80" faction="69" factionFlags="0" ourMask="2" friendlyMask="2" hostileMask="4" enemyFaction1="0" enemyFaction2="0" enemyFaction3="0" enemyFaction4="0" friendFaction1="69" friendFaction2="0" friendFaction3="0" friendFaction4="0" />
	<FactionTemplateEntry id="81" faction="64" factionFlags="1025" ourMask="8" friendlyMask="0" hostileMask="1" enemyFaction1="0" enemyFaction2="0" enemyFaction3="0" enemyFaction4="0" friendFaction1="64" friendFaction2="0" friendFaction3="0" friendFaction4="0" />
	<FactionTemplateEntry id="82" faction="65" factionFlags="1" ourMask="8" friendlyMask="0" hostileMask="1" enemyFaction1="0" enemyFaction2="0" enemyFaction3="0" enemyFaction4="0" friendFaction1="65" friendFaction2="0" friendFaction3="0" friendFaction4="0" />
	<FactionTemplateEntry id="83" faction="66" factionFlags="33" ourMask="4" friendlyMask="4" hostileMask="2" enemyFaction1="0" enemyFaction2="0" enemyFaction3="0" enemyFaction4="0" friendFaction1="0" friendFaction2="0" friendFaction3="0" friendFaction4="0" />
	<FactionTemplateEntry id="84" faction="189" factionFlags="33" ourMask="2" friendlyMask="2" hostileMask="4" enemyFaction1="0" enemyFaction2="0" enemyFaction3="0" enemyFaction4="0" friendFaction1="0" friendFaction2="0" friendFaction3="0" friendFaction4="0" />
	<FactionTemplateEntry id="85" faction="76" factionFlags="2081" ourMask="5" friendlyMask="4" hostileMask="10" enemyFaction1="0" enemyFaction2="0" enemyFaction3="0" enemyFaction4="0" friendFaction1="0" friendFaction2="0" friendFaction3="0" friendFaction4="0" />
	<FactionTemplateEntry id="86" faction="770" factionFlags="64" ourMask="0" friendlyMask="1" hostileMask="0" enemyFaction1="769" enemyFaction2="0" enemyFaction3="0" enemyFaction4="0" friendFaction1="771" friendFaction2="0" friendFaction3="0" friendFaction4="0" />
	<FactionTemplateEntry id="87" faction="70" factionFlags="1" ourMask="8" friendlyMask="0" hostileMask="1" enemyFaction1="0" enemyFaction2="0" enemyFaction3="0" enemyFaction4="0" friendFaction1="70" friendFaction2="0" friendFaction3="0" friendFaction4="0" />
	<FactionTemplateEntry id="88" faction="71" factionFlags="33" ourMask="2" friendlyMask="2" hostileMask="4" enemyFaction1="0" enemyFaction2="0" enemyFaction3="0" enemyFaction4="0" friendFaction1="71" friendFaction2="0" friendFaction3="0" friendFaction4="0" />
	<FactionTemplateEntry id="89" faction="56" factionFlags="33" ourMask="8" friendlyMask="0" hostileMask="1" enemyFaction1="20" enemyFaction2="0" enemyFaction3="0" enemyFaction4="0" friendFaction1="56" friendFaction2="0" friendFaction3="0" friendFaction4="0" />
	<FactionTemplateEntry id="90" faction="73" factionFlags="1" ourMask="8" friendlyMask="0" hostileMask="1" enemyFaction1="0" enemyFaction2="0" enemyFaction3="0" enemyFaction4="0" friendFaction1="73" friendFaction2="0" friendFaction3="0" friendFaction4="0" />
	<FactionTemplateEntry id="91" faction="74" factionFlags="0" ourMask="8" friendlyMask="0" hostileMask="1" enemyFaction1="0" enemyFaction2="0" enemyFaction3="0" enemyFaction4="0" friendFaction1="74" friendFaction2="0" friendFaction3="0" friendFaction4="0" />
	<FactionTemplateEntry id="92" faction="75" factionFlags="0" ourMask="8" friendlyMask="0" hostileMask="1" enemyFaction1="0" enemyFaction2="0" enemyFaction3="0" enemyFaction4="0" friendFaction1="0" friendFaction2="0" friendFaction3="0" friendFaction4="0" />
	<FactionTemplateEntry id="93" faction="14" factionFlags="8" ourMask="8" friendlyMask="0" hostileMask="1" enemyFaction1="0" enemyFaction2="0" enemyFaction3="0" enemyFaction4="0" friendFaction1="0" friendFaction2="0" friendFaction3="0" friendFaction4="0" />
	<FactionTemplateEntry id="94" faction="77" factionFlags="0" ourMask="0" friendlyMask="8" hostileMask="0" enemyFaction1="0" enemyFaction2="0" enemyFaction3="0" enemyFaction4="0" friendFaction1="0" friendFaction2="0" friendFaction3="0" friendFaction4="0" />
	<FactionTemplateEntry id="95" faction="78" factionFlags="1" ourMask="8" friendlyMask="0" hostileMask="1" enemyFaction1="0" enemyFaction2="0" enemyFaction3="0" enemyFaction4="0" friendFaction1="78" friendFaction2="0" friendFaction3="0" friendFaction4="0" />
	<FactionTemplateEntry id="96" faction="79" factionFlags="0" ourMask="2" friendlyMask="2" hostileMask="0" enemyFaction1="0" enemyFaction2="0" enemyFaction3="0" enemyFaction4="0" friendFaction1="0" friendFaction2="0" friendFaction3="0" friendFaction4="0" />
	<FactionTemplateEntry id="97" faction="70" factionFlags="64" ourMask="8" friendlyMask="0" hostileMask="0" enemyFaction1="79" enemyFaction2="0" enemyFaction3="0" enemyFaction4="0" friendFaction1="70" friendFaction2="0" friendFaction3="0" friendFaction4="0" />
	<FactionTemplateEntry id="98" faction="68" factionFlags="8" ourMask="4" friendlyMask="4" hostileMask="10" enemyFaction1="0" enemyFaction2="0" enemyFaction3="0" enemyFaction4="0" friendFaction1="0" friendFaction2="0" friendFaction3="0" friendFaction4="0" />
	<FactionTemplateEntry id="99" faction="36" factionFlags="8" ourMask="8" friendlyMask="0" hostileMask="0" enemyFaction1="0" enemyFaction2="0" enemyFaction3="0" enemyFaction4="0" friendFaction1="0" friendFaction2="0" friendFaction3="0" friendFaction4="0" />
	<FactionTemplateEntry id="100" faction="77" factionFlags="32" ourMask="0" friendlyMask="0" hostileMask="9" enemyFaction1="0" enemyFaction2="0" enemyFaction3="0" enemyFaction4="0" friendFaction1="0" friendFaction2="0" friendFaction3="0" friendFaction4="0" />
	<FactionTemplateEntry id="101" faction="77" factionFlags="0" ourMask="0" friendlyMask="8" hostileMask="4" enemyFaction1="0" enemyFaction2="0" enemyFaction3="0" enemyFaction4="0" friendFaction1="0" friendFaction2="0" friendFaction3="0" friendFaction4="0" />
	<FactionTemplateEntry id="102" faction="77" factionFlags="0" ourMask="0" friendlyMask="8" hostileMask="2" enemyFaction1="0" enemyFaction2="0" enemyFaction3="0" enemyFaction4="0" friendFaction1="0" friendFaction2="0" friendFaction3="0" friendFaction4="0" />
	<FactionTemplateEntry id="103" faction="80" factionFlags="65" ourMask="8" friendlyMask="0" hostileMask="1" enemyFaction1="689" enemyFaction2="0" enemyFaction3="0" enemyFaction4="0" friendFaction1="80" friendFaction2="0" friendFaction3="0" friendFaction4="0" />
	<FactionTemplateEntry id="104" faction="81" factionFlags="0" ourMask="4" friendlyMask="4" hostileMask="2" enemyFaction1="0" enemyFaction2="0" enemyFaction3="0" enemyFaction4="0" friendFaction1="0" friendFaction2="0" friendFaction3="0" friendFaction4="0" />
	<FactionTemplateEntry id="105" faction="81" factionFlags="2081" ourMask="5" friendlyMask="4" hostileMask="10" enemyFaction1="0" enemyFaction2="0" enemyFaction3="0" enemyFaction4="0" friendFaction1="0" friendFaction2="0" friendFaction3="0" friendFaction4="0" />
	<FactionTemplateEntry id="106" faction="66" factionFlags="33" ourMask="4" friendlyMask="4" hostileMask="10" enemyFaction1="0" enemyFaction2="0" enemyFaction3="0" enemyFaction4="0" friendFaction1="0" friendFaction2="0" friendFaction3="0" friendFaction4="0" />
	<FactionTemplateEntry id="107" faction="33" factionFlags="0" ourMask="8" friendlyMask="0" hostileMask="1" enemyFaction1="0" enemyFaction2="0" enemyFaction3="0" enemyFaction4="0" friendFaction1="0" friendFaction2="0" friendFaction3="0" friendFaction4="0" />
	<FactionTemplateEntry id="108" faction="70" factionFlags="64" ourMask="0" friendlyMask="0" hostileMask="0" enemyFaction1="79" enemyFaction2="0" enemyFaction3="0" enemyFaction4="0" friendFaction1="70" friendFaction2="0" friendFaction3="0" friendFaction4="0" />
	<FactionTemplateEntry id="109" faction="110" factionFlags="1" ourMask="8" friendlyMask="0" hostileMask="1" enemyFaction1="0" enemyFaction2="0" enemyFaction3="0" enemyFaction4="0" friendFaction1="110" friendFaction2="111" friendFaction3="0" friendFaction4="0" />
	<FactionTemplateEntry id="110" faction="110" factionFlags="33" ourMask="8" friendlyMask="0" hostileMask="1" enemyFaction1="85" enemyFaction2="0" enemyFaction3="0" enemyFaction4="0" friendFaction1="110" friendFaction2="0" friendFaction3="0" friendFaction4="0" />
	<FactionTemplateEntry id="111" faction="85" factionFlags="1" ourMask="8" friendlyMask="0" hostileMask="1" enemyFaction1="0" enemyFaction2="0" enemyFaction3="0" enemyFaction4="0" friendFaction1="85" friendFaction2="111" friendFaction3="0" friendFaction4="0" />
	<FactionTemplateEntry id="112" faction="85" factionFlags="33" ourMask="8" friendlyMask="0" hostileMask="1" enemyFaction1="110" enemyFaction2="0" enemyFaction3="0" enemyFaction4="0" friendFaction1="85" friendFaction2="111" friendFaction3="0" friendFaction4="0" />
	<FactionTemplateEntry id="113" faction="40" factionFlags="2056" ourMask="1" friendlyMask="1" hostileMask="0" enemyFaction1="0" enemyFaction2="0" enemyFaction3="0" enemyFaction4="0" friendFaction1="0" friendFaction2="0" friendFaction3="0" friendFaction4="0" />
	<FactionTemplateEntry id="114" faction="77" factionFlags="0" ourMask="0" friendlyMask="0" hostileMask="1" enemyFaction1="0" enemyFaction2="0" enemyFaction3="0" enemyFaction4="0" friendFaction1="0" friendFaction2="0" friendFaction3="0" friendFaction4="0" />
	<FactionTemplateEntry id="115" faction="8" factionFlags="72" ourMask="3" friendlyMask="2" hostileMask="12" enemyFaction1="0" enemyFaction2="0" enemyFaction3="0" enemyFaction4="0" friendFaction1="0" friendFaction2="0" friendFaction3="0" friendFaction4="0" />
	<FactionTemplateEntry id="116" faction="9" factionFlags="72" ourMask="5" friendlyMask="4" hostileMask="10" enemyFaction1="0" enemyFaction2="0" enemyFaction3="0" enemyFaction4="0" friendFaction1="0" friendFaction2="0" friendFaction3="0" friendFaction4="0" />
	<FactionTemplateEntry id="118" faction="68" factionFlags="33" ourMask="4" friendlyMask="4" hostileMask="2" enemyFaction1="0" enemyFaction2="0" enemyFaction3="0" enemyFaction4="0" friendFaction1="0" friendFaction2="0" friendFaction3="0" friendFaction4="0" />
	<FactionTemplateEntry id="119" faction="87" factionFlags="1" ourMask="8" friendlyMask="0" hostileMask="1" enemyFaction1="0" enemyFaction2="0" enemyFaction3="0" enemyFaction4="0" friendFaction1="87" friendFaction2="0" friendFaction3="0" friendFaction4="0" />
	<FactionTemplateEntry id="120" faction="21" factionFlags="0" ourMask="0" friendlyMask="0" hostileMask="0" enemyFaction1="0" enemyFaction2="0" enemyFaction3="0" enemyFaction4="0" friendFaction1="21" friendFaction2="0" friendFaction3="0" friendFaction4="0" />
	<FactionTemplateEntry id="121" faction="21" factionFlags="6177" ourMask="1" friendlyMask="0" hostileMask="8" enemyFaction1="0" enemyFaction2="0" enemyFaction3="0" enemyFaction4="0" friendFaction1="21" friendFaction2="0" friendFaction3="0" friendFaction4="0" />
	<FactionTemplateEntry id="122" faction="47" factionFlags="33" ourMask="2" friendlyMask="2" hostileMask="4" enemyFaction1="0" enemyFaction2="0" enemyFaction3="0" enemyFaction4="0" friendFaction1="0" friendFaction2="0" friendFaction3="0" friendFaction4="0" />
	<FactionTemplateEntry id="123" faction="72" factionFlags="33" ourMask="2" friendlyMask="2" hostileMask="4" enemyFaction1="0" enemyFaction2="0" enemyFaction3="0" enemyFaction4="0" friendFaction1="0" friendFaction2="0" friendFaction3="0" friendFaction4="0" />
	<FactionTemplateEntry id="124" faction="69" factionFlags="33" ourMask="2" friendlyMask="2" hostileMask="4" enemyFaction1="0" enemyFaction2="0" enemyFaction3="0" enemyFaction4="0" friendFaction1="0" friendFaction2="0" friendFaction3="0" friendFaction4="0" />
	<FactionTemplateEntry id="125" faction="76" factionFlags="33" ourMask="4" friendlyMask="4" hostileMask="2" enemyFaction1="0" enemyFaction2="0" enemyFaction3="0" enemyFaction4="0" friendFaction1="0" friendFaction2="0" friendFaction3="0" friendFaction4="0" />
	<FactionTemplateEntry id="126" faction="530" factionFlags="0" ourMask="4" friendlyMask="4" hostileMask="2" enemyFaction1="0" enemyFaction2="0" enemyFaction3="0" enemyFaction4="0" friendFaction1="0" friendFaction2="0" friendFaction3="0" friendFaction4="0" />
	<FactionTemplateEntry id="127" faction="35" factionFlags="32" ourMask="0" friendlyMask="0" hostileMask="1" enemyFaction1="0" enemyFaction2="0" enemyFaction3="0" enemyFaction4="0" friendFaction1="0" friendFaction2="0" friendFaction3="0" friendFaction4="0" />
	<FactionTemplateEntry id="128" faction="88" factionFlags="1" ourMask="8" friendlyMask="0" hostileMask="1" enemyFaction1="0" enemyFaction2="0" enemyFaction3="0" enemyFaction4="0" friendFaction1="88" friendFaction2="0" friendFaction3="0" friendFaction4="0" />
	<FactionTemplateEntry id="129" faction="89" factionFlags="1" ourMask="8" friendlyMask="0" hostileMask="1" enemyFaction1="0" enemyFaction2="0" enemyFaction3="0" enemyFaction4="0" friendFaction1="89" friendFaction2="0" friendFaction3="0" friendFaction4="0" />
	<FactionTemplateEntry id="130" faction="90" factionFlags="1" ourMask="8" friendlyMask="0" hostileMask="1" enemyFaction1="0" enemyFaction2="0" enemyFaction3="0" enemyFaction4="0" friendFaction1="90" friendFaction2="0" friendFaction3="0" friendFaction4="0" />
	<FactionTemplateEntry id="131" faction="91" factionFlags="1" ourMask="8" friendlyMask="0" hostileMask="1" enemyFaction1="0" enemyFaction2="0" enemyFaction3="0" enemyFaction4="0" friendFaction1="91" friendFaction2="0" friendFaction3="0" friendFaction4="0" />
	<FactionTemplateEntry id="132" faction="92" factionFlags="1" ourMask="8" friendlyMask="0" hostileMask="1" enemyFaction1="0" enemyFaction2="0" enemyFaction3="0" enemyFaction4="0" friendFaction1="92" friendFaction2="0" friendFaction3="0" friendFaction4="0" />
	<FactionTemplateEntry id="133" faction="93" factionFlags="1" ourMask="8" friendlyMask="0" hostileMask="1" enemyFaction1="0" enemyFaction2="0" enemyFaction3="0" enemyFaction4="0" friendFaction1="93" friendFaction2="0" friendFaction3="0" friendFaction4="0" />
	<FactionTemplateEntry id="134" faction="94" factionFlags="1" ourMask="8" friendlyMask="0" hostileMask="1" enemyFaction1="0" enemyFaction2="0" enemyFaction3="0" enemyFaction4="0" friendFaction1="94" friendFaction2="0" friendFaction3="0" friendFaction4="0" />
	<FactionTemplateEntry id="148" faction="14" factionFlags="0" ourMask="8" friendlyMask="0" hostileMask="1" enemyFaction1="0" enemyFaction2="0" enemyFaction3="0" enemyFaction4="0" friendFaction1="0" friendFaction2="0" friendFaction3="0" friendFaction4="0" />
	<FactionTemplateEntry id="149" faction="108" factionFlags="1025" ourMask="2" friendlyMask="2" hostileMask="0" enemyFaction1="0" enemyFaction2="0" enemyFaction3="0" enemyFaction4="0" friendFaction1="0" friendFaction2="0" friendFaction3="0" friendFaction4="0" />
	<FactionTemplateEntry id="150" faction="108" factionFlags="2081" ourMask="3" friendlyMask="2" hostileMask="12" enemyFaction1="0" enemyFaction2="0" enemyFaction3="0" enemyFaction4="0" friendFaction1="0" friendFaction2="0" friendFaction3="0" friendFaction4="0" />
	<FactionTemplateEntry id="151" faction="108" factionFlags="0" ourMask="2" friendlyMask="0" hostileMask="4" enemyFaction1="0" enemyFaction2="0" enemyFaction3="0" enemyFaction4="0" friendFaction1="0" friendFaction2="0" friendFaction3="0" friendFaction4="0" />
	<FactionTemplateEntry id="152" faction="109" factionFlags="1" ourMask="8" friendlyMask="0" hostileMask="1" enemyFaction1="0" enemyFaction2="0" enemyFaction3="0" enemyFaction4="0" friendFaction1="109" friendFaction2="111" friendFaction3="0" friendFaction4="0" />
	<FactionTemplateEntry id="153" faction="109" factionFlags="0" ourMask="8" friendlyMask="0" hostileMask="0" enemyFaction1="0" enemyFaction2="0" enemyFaction3="0" enemyFaction4="0" friendFaction1="109" friendFaction2="111" friendFaction3="0" friendFaction4="0" />
	<FactionTemplateEntry id="154" faction="111" factionFlags="1" ourMask="8" friendlyMask="0" hostileMask="1" enemyFaction1="0" enemyFaction2="0" enemyFaction3="0" enemyFaction4="0" friendFaction1="109" friendFaction2="85" friendFaction3="111" friendFaction4="110" />
	<FactionTemplateEntry id="168" faction="128" factionFlags="0" ourMask="0" friendlyMask="0" hostileMask="1" enemyFaction1="0" enemyFaction2="0" enemyFaction3="0" enemyFaction4="0" friendFaction1="0" friendFaction2="0" friendFaction3="0" friendFaction4="0" />
	<FactionTemplateEntry id="188" faction="148" factionFlags="1025" ourMask="0" friendlyMask="8" hostileMask="0" enemyFaction1="0" enemyFaction2="0" enemyFaction3="0" enemyFaction4="0" friendFaction1="148" friendFaction2="28" friendFaction3="0" friendFaction4="0" />
	<FactionTemplateEntry id="189" faction="7" factionFlags="1024" ourMask="0" friendlyMask="0" hostileMask="0" enemyFaction1="0" enemyFaction2="0" enemyFaction3="0" enemyFaction4="0" friendFaction1="0" friendFaction2="0" friendFaction3="0" friendFaction4="0" />
	<FactionTemplateEntry id="190" faction="148" factionFlags="0" ourMask="0" friendlyMask="0" hostileMask="0" enemyFaction1="0" enemyFaction2="0" enemyFaction3="0" enemyFaction4="0" friendFaction1="0" friendFaction2="0" friendFaction3="0" friendFaction4="0" />
	<FactionTemplateEntry id="208" faction="168" factionFlags="5" ourMask="2" friendlyMask="2" hostileMask="0" enemyFaction1="0" enemyFaction2="0" enemyFaction3="0" enemyFaction4="0" friendFaction1="168" friendFaction2="0" friendFaction3="0" friendFaction4="0" />
	<FactionTemplateEntry id="209" faction="168" factionFlags="2" ourMask="2" friendlyMask="2" hostileMask="0" enemyFaction1="0" enemyFaction2="0" enemyFaction3="0" enemyFaction4="0" friendFaction1="168" friendFaction2="0" friendFaction3="0" friendFaction4="0" />
	<FactionTemplateEntry id="210" faction="189" factionFlags="33" ourMask="2" friendlyMask="2" hostileMask="12" enemyFaction1="0" enemyFaction2="0" enemyFaction3="0" enemyFaction4="0" friendFaction1="189" friendFaction2="0" friendFaction3="0" friendFaction4="0" />
	<FactionTemplateEntry id="230" faction="573" factionFlags="1" ourMask="8" friendlyMask="0" hostileMask="1" enemyFaction1="0" enemyFaction2="0" enemyFaction3="0" enemyFaction4="0" friendFaction1="573" friendFaction2="0" friendFaction3="0" friendFaction4="0" />
	<FactionTemplateEntry id="231" faction="40" factionFlags="2120" ourMask="3" friendlyMask="2" hostileMask="8" enemyFaction1="0" enemyFaction2="0" enemyFaction3="0" enemyFaction4="0" friendFaction1="0" friendFaction2="0" friendFaction3="0" friendFaction4="0" />
	<FactionTemplateEntry id="232" faction="40" factionFlags="2120" ourMask="5" friendlyMask="4" hostileMask="8" enemyFaction1="0" enemyFaction2="0" enemyFaction3="0" enemyFaction4="0" friendFaction1="0" friendFaction2="0" friendFaction3="0" friendFaction4="0" />
	<FactionTemplateEntry id="233" faction="20" factionFlags="33" ourMask="8" friendlyMask="0" hostileMask="1" enemyFaction1="68" enemyFaction2="0" enemyFaction3="0" enemyFaction4="0" friendFaction1="20" friendFaction2="0" friendFaction3="0" friendFaction4="0" />
	<FactionTemplateEntry id="250" faction="40" factionFlags="2120" ourMask="1" friendlyMask="1" hostileMask="8" enemyFaction1="0" enemyFaction2="0" enemyFaction3="0" enemyFaction4="0" friendFaction1="0" friendFaction2="0" friendFaction3="0" friendFaction4="0" />
	<FactionTemplateEntry id="270" faction="229" factionFlags="1" ourMask="8" friendlyMask="0" hostileMask="1" enemyFaction1="0" enemyFaction2="0" enemyFaction3="0" enemyFaction4="0" friendFaction1="229" friendFaction2="0" friendFaction3="0" friendFaction4="0" />
	<FactionTemplateEntry id="290" faction="40" factionFlags="8" ourMask="1" friendlyMask="1" hostileMask="0" enemyFaction1="0" enemyFaction2="0" enemyFaction3="0" enemyFaction4="0" friendFaction1="0" friendFaction2="0" friendFaction3="0" friendFaction4="0" />
	<FactionTemplateEntry id="310" faction="249" factionFlags="1" ourMask="8" friendlyMask="0" hostileMask="1" enemyFaction1="0" enemyFaction2="0" enemyFaction3="0" enemyFaction4="0" friendFaction1="249" friendFaction2="0" friendFaction3="0" friendFaction4="0" />
	<FactionTemplateEntry id="311" faction="249" factionFlags="1" ourMask="8" friendlyMask="0" hostileMask="0" enemyFaction1="0" enemyFaction2="0" enemyFaction3="0" enemyFaction4="0" friendFaction1="249" friendFaction2="0" friendFaction3="0" friendFaction4="0" />
	<FactionTemplateEntry id="312" faction="22" factionFlags="1" ourMask="8" friendlyMask="0" hostileMask="1" enemyFaction1="0" enemyFaction2="0" enemyFaction3="0" enemyFaction4="0" friendFaction1="22" friendFaction2="0" friendFaction3="0" friendFaction4="0" />
	<FactionTemplateEntry id="330" faction="229" factionFlags="1" ourMask="8" friendlyMask="0" hostileMask="0" enemyFaction1="0" enemyFaction2="0" enemyFaction3="0" enemyFaction4="0" friendFaction1="229" friendFaction2="0" friendFaction3="0" friendFaction4="0" />
	<FactionTemplateEntry id="350" faction="88" factionFlags="0" ourMask="8" friendlyMask="0" hostileMask="0" enemyFaction1="0" enemyFaction2="0" enemyFaction3="0" enemyFaction4="0" friendFaction1="88" friendFaction2="0" friendFaction3="0" friendFaction4="0" />
	<FactionTemplateEntry id="370" faction="915" factionFlags="33" ourMask="8" friendlyMask="8" hostileMask="1" enemyFaction1="912" enemyFaction2="0" enemyFaction3="0" enemyFaction4="0" friendFaction1="915" friendFaction2="0" friendFaction3="0" friendFaction4="0" />
	<FactionTemplateEntry id="371" faction="269" factionFlags="0" ourMask="2" friendlyMask="2" hostileMask="4" enemyFaction1="0" enemyFaction2="0" enemyFaction3="0" enemyFaction4="0" friendFaction1="269" friendFaction2="0" friendFaction3="0" friendFaction4="0" />
	<FactionTemplateEntry id="390" faction="21" factionFlags="33" ourMask="0" friendlyMask="0" hostileMask="0" enemyFaction1="60" enemyFaction2="0" enemyFaction3="0" enemyFaction4="0" friendFaction1="21" friendFaction2="0" friendFaction3="0" friendFaction4="0" />
	<FactionTemplateEntry id="410" faction="43" factionFlags="1" ourMask="8" friendlyMask="0" hostileMask="1" enemyFaction1="0" enemyFaction2="0" enemyFaction3="0" enemyFaction4="0" friendFaction1="43" friendFaction2="0" friendFaction3="0" friendFaction4="0" />
	<FactionTemplateEntry id="411" faction="310" factionFlags="1" ourMask="8" friendlyMask="0" hostileMask="1" enemyFaction1="0" enemyFaction2="0" enemyFaction3="0" enemyFaction4="0" friendFaction1="310" friendFaction2="0" friendFaction3="0" friendFaction4="0" />
	<FactionTemplateEntry id="412" faction="510" factionFlags="33" ourMask="4" friendlyMask="4" hostileMask="2" enemyFaction1="509" enemyFaction2="0" enemyFaction3="0" enemyFaction4="0" friendFaction1="510" friendFaction2="0" friendFaction3="0" friendFaction4="0" />
	<FactionTemplateEntry id="413" faction="309" factionFlags="1" ourMask="8" friendlyMask="0" hostileMask="1" enemyFaction1="0" enemyFaction2="0" enemyFaction3="0" enemyFaction4="0" friendFaction1="309" friendFaction2="0" friendFaction3="0" friendFaction4="0" />
	<FactionTemplateEntry id="414" faction="576" factionFlags="1" ourMask="8" friendlyMask="0" hostileMask="1" enemyFaction1="65" enemyFaction2="0" enemyFaction3="0" enemyFaction4="0" friendFaction1="576" friendFaction2="0" friendFaction3="0" friendFaction4="0" />
	<FactionTemplateEntry id="415" faction="311" factionFlags="1" ourMask="8" friendlyMask="0" hostileMask="1" enemyFaction1="0" enemyFaction2="0" enemyFaction3="0" enemyFaction4="0" friendFaction1="311" friendFaction2="0" friendFaction3="0" friendFaction4="0" />
	<FactionTemplateEntry id="416" faction="311" factionFlags="0" ourMask="8" friendlyMask="0" hostileMask="0" enemyFaction1="0" enemyFaction2="0" enemyFaction3="0" enemyFaction4="0" friendFaction1="0" friendFaction2="0" friendFaction3="0" friendFaction4="0" />
	<FactionTemplateEntry id="430" faction="329" factionFlags="0" ourMask="0" friendlyMask="0" hostileMask="0" enemyFaction1="0" enemyFaction2="0" enemyFaction3="0" enemyFaction4="0" friendFaction1="0" friendFaction2="0" friendFaction3="0" friendFaction4="0" />
	<FactionTemplateEntry id="450" faction="229" factionFlags="33" ourMask="8" friendlyMask="0" hostileMask="1" enemyFaction1="40" enemyFaction2="0" enemyFaction3="0" enemyFaction4="0" friendFaction1="229" friendFaction2="0" friendFaction3="0" friendFaction4="0" />
	<FactionTemplateEntry id="470" faction="311" factionFlags="0" ourMask="8" friendlyMask="0" hostileMask="1" enemyFaction1="0" enemyFaction2="0" enemyFaction3="0" enemyFaction4="0" friendFaction1="0" friendFaction2="0" friendFaction3="0" friendFaction4="0" />
	<FactionTemplateEntry id="471" faction="349" factionFlags="1" ourMask="0" friendlyMask="0" hostileMask="0" enemyFaction1="0" enemyFaction2="0" enemyFaction3="0" enemyFaction4="0" friendFaction1="349" friendFaction2="0" friendFaction3="0" friendFaction4="0" />
	<FactionTemplateEntry id="472" faction="70" factionFlags="65" ourMask="8" friendlyMask="0" hostileMask="1" enemyFaction1="349" enemyFaction2="0" enemyFaction3="0" enemyFaction4="0" friendFaction1="70" friendFaction2="0" friendFaction3="0" friendFaction4="0" />
	<FactionTemplateEntry id="473" faction="349" factionFlags="65" ourMask="0" friendlyMask="0" hostileMask="0" enemyFaction1="70" enemyFaction2="0" enemyFaction3="0" enemyFaction4="0" friendFaction1="349" friendFaction2="0" friendFaction3="0" friendFaction4="0" />
	<FactionTemplateEntry id="474" faction="369" factionFlags="0" ourMask="0" friendlyMask="0" hostileMask="0" enemyFaction1="0" enemyFaction2="0" enemyFaction3="0" enemyFaction4="0" friendFaction1="369" friendFaction2="0" friendFaction3="0" friendFaction4="0" />
	<FactionTemplateEntry id="475" faction="369" factionFlags="6177" ourMask="1" friendlyMask="0" hostileMask="8" enemyFaction1="0" enemyFaction2="0" enemyFaction3="0" enemyFaction4="0" friendFaction1="369" friendFaction2="0" friendFaction3="0" friendFaction4="0" />
	<FactionTemplateEntry id="494" faction="389" factionFlags="32" ourMask="8" friendlyMask="0" hostileMask="1" enemyFaction1="53" enemyFaction2="0" enemyFaction3="0" enemyFaction4="0" friendFaction1="389" friendFaction2="0" friendFaction3="0" friendFaction4="0" />
	<FactionTemplateEntry id="495" faction="40" factionFlags="2121" ourMask="1" friendlyMask="1" hostileMask="8" enemyFaction1="0" enemyFaction2="0" enemyFaction3="0" enemyFaction4="0" friendFaction1="40" friendFaction2="0" friendFaction3="0" friendFaction4="0" />
	<FactionTemplateEntry id="514" faction="409" factionFlags="1" ourMask="8" friendlyMask="0" hostileMask="1" enemyFaction1="0" enemyFaction2="0" enemyFaction3="0" enemyFaction4="0" friendFaction1="409" friendFaction2="0" friendFaction3="0" friendFaction4="0" />
	<FactionTemplateEntry id="534" faction="189" factionFlags="0" ourMask="2" friendlyMask="2" hostileMask="0" enemyFaction1="0" enemyFaction2="0" enemyFaction3="0" enemyFaction4="0" friendFaction1="0" friendFaction2="0" friendFaction3="0" friendFaction4="0" />
	<FactionTemplateEntry id="554" faction="429" factionFlags="1" ourMask="8" friendlyMask="0" hostileMask="7" enemyFaction1="0" enemyFaction2="0" enemyFaction3="0" enemyFaction4="0" friendFaction1="429" friendFaction2="0" friendFaction3="0" friendFaction4="0" />
	<FactionTemplateEntry id="574" faction="449" factionFlags="33" ourMask="8" friendlyMask="0" hostileMask="1" enemyFaction1="450" enemyFaction2="0" enemyFaction3="0" enemyFaction4="0" friendFaction1="449" friendFaction2="0" friendFaction3="0" friendFaction4="0" />
	<FactionTemplateEntry id="575" faction="450" factionFlags="0" ourMask="8" friendlyMask="0" hostileMask="1" enemyFaction1="0" enemyFaction2="0" enemyFaction3="0" enemyFaction4="0" friendFaction1="450" friendFaction2="0" friendFaction3="0" friendFaction4="0" />
	<FactionTemplateEntry id="594" faction="32" factionFlags="0" ourMask="8" friendlyMask="0" hostileMask="0" enemyFaction1="0" enemyFaction2="0" enemyFaction3="0" enemyFaction4="0" friendFaction1="0" friendFaction2="0" friendFaction3="0" friendFaction4="0" />
	<FactionTemplateEntry id="614" faction="36" factionFlags="9" ourMask="0" friendlyMask="1" hostileMask="0" enemyFaction1="0" enemyFaction2="0" enemyFaction3="0" enemyFaction4="0" friendFaction1="36" friendFaction2="0" friendFaction3="0" friendFaction4="0" />
	<FactionTemplateEntry id="634" faction="14" factionFlags="0" ourMask="8" friendlyMask="0" hostileMask="0" enemyFaction1="0" enemyFaction2="0" enemyFaction3="0" enemyFaction4="0" friendFaction1="0" friendFaction2="0" friendFaction3="0" friendFaction4="0" />
	<FactionTemplateEntry id="635" faction="609" factionFlags="1" ourMask="0" friendlyMask="0" hostileMask="0" enemyFaction1="0" enemyFaction2="0" enemyFaction3="0" enemyFaction4="0" friendFaction1="609" friendFaction2="0" friendFaction3="0" friendFaction4="0" />
	<FactionTemplateEntry id="636" faction="576" factionFlags="0" ourMask="8" friendlyMask="0" hostileMask="1" enemyFaction1="65" enemyFaction2="0" enemyFaction3="0" enemyFaction4="0" friendFaction1="576" friendFaction2="0" friendFaction3="0" friendFaction4="0" />
	<FactionTemplateEntry id="637" faction="470" factionFlags="6177" ourMask="1" friendlyMask="0" hostileMask="8" enemyFaction1="0" enemyFaction2="0" enemyFaction3="0" enemyFaction4="0" friendFaction1="470" friendFaction2="0" friendFaction3="0" friendFaction4="0" />
	<FactionTemplateEntry id="654" faction="82" factionFlags="1" ourMask="8" friendlyMask="0" hostileMask="1" enemyFaction1="0" enemyFaction2="0" enemyFaction3="0" enemyFaction4="0" friendFaction1="82" friendFaction2="0" friendFaction3="0" friendFaction4="0" />
	<FactionTemplateEntry id="655" faction="90" factionFlags="9" ourMask="8" friendlyMask="0" hostileMask="5" enemyFaction1="0" enemyFaction2="0" enemyFaction3="0" enemyFaction4="0" friendFaction1="90" friendFaction2="0" friendFaction3="0" friendFaction4="0" />
	<FactionTemplateEntry id="674" faction="48" factionFlags="1" ourMask="0" friendlyMask="0" hostileMask="0" enemyFaction1="0" enemyFaction2="0" enemyFaction3="0" enemyFaction4="0" friendFaction1="48" friendFaction2="0" friendFaction3="0" friendFaction4="0" />
	<FactionTemplateEntry id="694" faction="471" factionFlags="0" ourMask="2" friendlyMask="2" hostileMask="4" enemyFaction1="0" enemyFaction2="0" enemyFaction3="0" enemyFaction4="0" friendFaction1="471" friendFaction2="0" friendFaction3="0" friendFaction4="0" />
	<FactionTemplateEntry id="695" faction="749" factionFlags="1" ourMask="0" friendlyMask="0" hostileMask="0" enemyFaction1="0" enemyFaction2="0" enemyFaction3="0" enemyFaction4="0" friendFaction1="749" friendFaction2="0" friendFaction3="0" friendFaction4="0" />
	<FactionTemplateEntry id="714" faction="66" factionFlags="33" ourMask="4" friendlyMask="4" hostileMask="0" enemyFaction1="0" enemyFaction2="0" enemyFaction3="0" enemyFaction4="0" friendFaction1="0" friendFaction2="0" friendFaction3="0" friendFaction4="0" />
	<FactionTemplateEntry id="734" faction="48" factionFlags="1" ourMask="1" friendlyMask="1" hostileMask="0" enemyFaction1="0" enemyFaction2="0" enemyFaction3="0" enemyFaction4="0" friendFaction1="48" friendFaction2="0" friendFaction3="0" friendFaction4="0" />
	<FactionTemplateEntry id="735" faction="489" factionFlags="0" ourMask="1" friendlyMask="1" hostileMask="0" enemyFaction1="0" enemyFaction2="0" enemyFaction3="0" enemyFaction4="0" friendFaction1="489" friendFaction2="0" friendFaction3="0" friendFaction4="0" />
	<FactionTemplateEntry id="736" faction="489" factionFlags="1" ourMask="8" friendlyMask="0" hostileMask="1" enemyFaction1="0" enemyFaction2="0" enemyFaction3="0" enemyFaction4="0" friendFaction1="489" friendFaction2="0" friendFaction3="0" friendFaction4="0" />
	<FactionTemplateEntry id="754" faction="48" factionFlags="65" ourMask="8" friendlyMask="0" hostileMask="1" enemyFaction1="34" enemyFaction2="0" enemyFaction3="0" enemyFaction4="0" friendFaction1="48" friendFaction2="0" friendFaction3="0" friendFaction4="0" />
	<FactionTemplateEntry id="774" faction="40" factionFlags="8" ourMask="3" friendlyMask="2" hostileMask="0" enemyFaction1="0" enemyFaction2="0" enemyFaction3="0" enemyFaction4="0" friendFaction1="0" friendFaction2="0" friendFaction3="0" friendFaction4="0" />
	<FactionTemplateEntry id="775" faction="40" factionFlags="8" ourMask="5" friendlyMask="4" hostileMask="0" enemyFaction1="0" enemyFaction2="0" enemyFaction3="0" enemyFaction4="0" friendFaction1="0" friendFaction2="0" friendFaction3="0" friendFaction4="0" />
	<FactionTemplateEntry id="776" faction="910" factionFlags="0" ourMask="0" friendlyMask="0" hostileMask="0" enemyFaction1="249" enemyFaction2="80" enemyFaction3="0" enemyFaction4="0" friendFaction1="910" friendFaction2="531" friendFaction3="0" friendFaction4="0" />
	<FactionTemplateEntry id="777" faction="912" factionFlags="33" ourMask="1" friendlyMask="1" hostileMask="0" enemyFaction1="915" enemyFaction2="0" enemyFaction3="0" enemyFaction4="0" friendFaction1="912" friendFaction2="0" friendFaction3="0" friendFaction4="0" />
	<FactionTemplateEntry id="778" faction="511" factionFlags="1" ourMask="8" friendlyMask="0" hostileMask="1" enemyFaction1="0" enemyFaction2="0" enemyFaction3="0" enemyFaction4="0" friendFaction1="511" friendFaction2="0" friendFaction3="0" friendFaction4="0" />
	<FactionTemplateEntry id="794" faction="529" factionFlags="0" ourMask="0" friendlyMask="0" hostileMask="0" enemyFaction1="0" enemyFaction2="0" enemyFaction3="0" enemyFaction4="0" friendFaction1="529" friendFaction2="0" friendFaction3="0" friendFaction4="0" />
	<FactionTemplateEntry id="795" faction="572" factionFlags="1" ourMask="8" friendlyMask="0" hostileMask="1" enemyFaction1="0" enemyFaction2="0" enemyFaction3="0" enemyFaction4="0" friendFaction1="572" friendFaction2="0" friendFaction3="0" friendFaction4="0" />
	<FactionTemplateEntry id="814" faction="529" factionFlags="1" ourMask="0" friendlyMask="0" hostileMask="0" enemyFaction1="0" enemyFaction2="0" enemyFaction3="0" enemyFaction4="0" friendFaction1="529" friendFaction2="0" friendFaction3="0" friendFaction4="0" />
	<FactionTemplateEntry id="834" faction="74" factionFlags="1" ourMask="8" friendlyMask="0" hostileMask="1" enemyFaction1="0" enemyFaction2="0" enemyFaction3="0" enemyFaction4="0" friendFaction1="74" friendFaction2="0" friendFaction3="0" friendFaction4="0" />
	<FactionTemplateEntry id="854" faction="577" factionFlags="6177" ourMask="1" friendlyMask="0" hostileMask="8" enemyFaction1="0" enemyFaction2="0" enemyFaction3="0" enemyFaction4="0" friendFaction1="577" friendFaction2="0" friendFaction3="0" friendFaction4="0" />
	<FactionTemplateEntry id="855" faction="577" factionFlags="0" ourMask="0" friendlyMask="0" hostileMask="0" enemyFaction1="0" enemyFaction2="0" enemyFaction3="0" enemyFaction4="0" friendFaction1="577" friendFaction2="0" friendFaction3="0" friendFaction4="0" />
	<FactionTemplateEntry id="874" faction="589" factionFlags="33" ourMask="2" friendlyMask="2" hostileMask="4" enemyFaction1="0" enemyFaction2="0" enemyFaction3="0" enemyFaction4="0" friendFaction1="0" friendFaction2="0" friendFaction3="0" friendFaction4="0" />
	<FactionTemplateEntry id="875" faction="54" factionFlags="0" ourMask="2" friendlyMask="2" hostileMask="4" enemyFaction1="0" enemyFaction2="0" enemyFaction3="0" enemyFaction4="0" friendFaction1="0" friendFaction2="0" friendFaction3="0" friendFaction4="0" />
	<FactionTemplateEntry id="876" faction="530" factionFlags="33" ourMask="4" friendlyMask="4" hostileMask="2" enemyFaction1="0" enemyFaction2="0" enemyFaction3="0" enemyFaction4="0" friendFaction1="0" friendFaction2="0" friendFaction3="0" friendFaction4="0" />
	<FactionTemplateEntry id="877" faction="530" factionFlags="2081" ourMask="5" friendlyMask="4" hostileMask="10" enemyFaction1="0" enemyFaction2="0" enemyFaction3="0" enemyFaction4="0" friendFaction1="0" friendFaction2="0" friendFaction3="0" friendFaction4="0" />
	<FactionTemplateEntry id="894" faction="108" factionFlags="0" ourMask="2" friendlyMask="2" hostileMask="4" enemyFaction1="0" enemyFaction2="0" enemyFaction3="0" enemyFaction4="0" friendFaction1="108" friendFaction2="0" friendFaction3="0" friendFaction4="0" />
	<FactionTemplateEntry id="914" faction="679" factionFlags="0" ourMask="0" friendlyMask="0" hostileMask="0" enemyFaction1="0" enemyFaction2="0" enemyFaction3="0" enemyFaction4="0" friendFaction1="0" friendFaction2="0" friendFaction3="0" friendFaction4="0" />
	<FactionTemplateEntry id="934" faction="575" factionFlags="0" ourMask="8" friendlyMask="0" hostileMask="1" enemyFaction1="0" enemyFaction2="0" enemyFaction3="0" enemyFaction4="0" friendFaction1="575" friendFaction2="0" friendFaction3="0" friendFaction4="0" />
	<FactionTemplateEntry id="954" faction="73" factionFlags="0" ourMask="8" friendlyMask="0" hostileMask="1" enemyFaction1="0" enemyFaction2="0" enemyFaction3="0" enemyFaction4="0" friendFaction1="73" friendFaction2="0" friendFaction3="0" friendFaction4="0" />
	<FactionTemplateEntry id="974" faction="20" factionFlags="0" ourMask="8" friendlyMask="0" hostileMask="1" enemyFaction1="0" enemyFaction2="0" enemyFaction3="0" enemyFaction4="0" friendFaction1="20" friendFaction2="0" friendFaction3="0" friendFaction4="0" />
	<FactionTemplateEntry id="994" faction="609" factionFlags="0" ourMask="0" friendlyMask="0" hostileMask="0" enemyFaction1="0" enemyFaction2="0" enemyFaction3="0" enemyFaction4="0" friendFaction1="609" friendFaction2="0" friendFaction3="0" friendFaction4="0" />
	<FactionTemplateEntry id="995" faction="81" factionFlags="33" ourMask="4" friendlyMask="4" hostileMask="2" enemyFaction1="0" enemyFaction2="0" enemyFaction3="0" enemyFaction4="0" friendFaction1="0" friendFaction2="0" friendFaction3="0" friendFaction4="0" />
	<FactionTemplateEntry id="996" faction="609" factionFlags="33" ourMask="1" friendlyMask="0" hostileMask="8" enemyFaction1="249" enemyFaction2="0" enemyFaction3="0" enemyFaction4="0" friendFaction1="609" friendFaction2="0" friendFaction3="0" friendFaction4="0" />
	<FactionTemplateEntry id="1014" faction="629" factionFlags="1" ourMask="0" friendlyMask="0" hostileMask="0" enemyFaction1="0" enemyFaction2="0" enemyFaction3="0" enemyFaction4="0" friendFaction1="629" friendFaction2="0" friendFaction3="0" friendFaction4="0" />
	<FactionTemplateEntry id="1015" faction="629" factionFlags="0" ourMask="0" friendlyMask="0" hostileMask="0" enemyFaction1="0" enemyFaction2="0" enemyFaction3="0" enemyFaction4="0" friendFaction1="629" friendFaction2="0" friendFaction3="0" friendFaction4="0" />
	<FactionTemplateEntry id="1034" faction="66" factionFlags="0" ourMask="4" friendlyMask="0" hostileMask="2" enemyFaction1="0" enemyFaction2="0" enemyFaction3="0" enemyFaction4="0" friendFaction1="0" friendFaction2="0" friendFaction3="0" friendFaction4="0" />
	<FactionTemplateEntry id="1054" faction="471" factionFlags="2081" ourMask="3" friendlyMask="2" hostileMask="12" enemyFaction1="0" enemyFaction2="0" enemyFaction3="0" enemyFaction4="0" friendFaction1="471" friendFaction2="0" friendFaction3="0" friendFaction4="0" />
	<FactionTemplateEntry id="1055" faction="471" factionFlags="33" ourMask="2" friendlyMask="2" hostileMask="4" enemyFaction1="0" enemyFaction2="0" enemyFaction3="0" enemyFaction4="0" friendFaction1="471" friendFaction2="0" friendFaction3="0" friendFaction4="0" />
	<FactionTemplateEntry id="1074" faction="76" factionFlags="1" ourMask="4" friendlyMask="4" hostileMask="2" enemyFaction1="0" enemyFaction2="0" enemyFaction3="0" enemyFaction4="0" friendFaction1="0" friendFaction2="0" friendFaction3="0" friendFaction4="0" />
	<FactionTemplateEntry id="1075" faction="108" factionFlags="1" ourMask="2" friendlyMask="2" hostileMask="4" enemyFaction1="0" enemyFaction2="0" enemyFaction3="0" enemyFaction4="0" friendFaction1="108" friendFaction2="0" friendFaction3="0" friendFaction4="0" />
	<FactionTemplateEntry id="1076" faction="69" factionFlags="1" ourMask="2" friendlyMask="2" hostileMask="4" enemyFaction1="0" enemyFaction2="0" enemyFaction3="0" enemyFaction4="0" friendFaction1="69" friendFaction2="0" friendFaction3="0" friendFaction4="0" />
	<FactionTemplateEntry id="1077" faction="108" factionFlags="33" ourMask="2" friendlyMask="2" hostileMask="4" enemyFaction1="0" enemyFaction2="0" enemyFaction3="0" enemyFaction4="0" friendFaction1="108" friendFaction2="0" friendFaction3="0" friendFaction4="0" />
	<FactionTemplateEntry id="1078" faction="72" factionFlags="1" ourMask="2" friendlyMask="2" hostileMask="4" enemyFaction1="0" enemyFaction2="0" enemyFaction3="0" enemyFaction4="0" friendFaction1="72" friendFaction2="0" friendFaction3="0" friendFaction4="0" />
	<FactionTemplateEntry id="1080" faction="31" factionFlags="8" ourMask="0" friendlyMask="1" hostileMask="0" enemyFaction1="74" enemyFaction2="0" enemyFaction3="0" enemyFaction4="0" friendFaction1="31" friendFaction2="649" friendFaction3="0" friendFaction4="0" />
	<FactionTemplateEntry id="1081" faction="74" factionFlags="1" ourMask="8" friendlyMask="0" hostileMask="1" enemyFaction1="649" enemyFaction2="0" enemyFaction3="0" enemyFaction4="0" friendFaction1="74" friendFaction2="0" friendFaction3="0" friendFaction4="0" />
	<FactionTemplateEntry id="1094" faction="23" factionFlags="1024" ourMask="0" friendlyMask="0" hostileMask="0" enemyFaction1="0" enemyFaction2="0" enemyFaction3="0" enemyFaction4="0" friendFaction1="0" friendFaction2="0" friendFaction3="0" friendFaction4="0" />
	<FactionTemplateEntry id="1095" faction="679" factionFlags="0" ourMask="0" friendlyMask="0" hostileMask="0" enemyFaction1="0" enemyFaction2="0" enemyFaction3="0" enemyFaction4="0" friendFaction1="0" friendFaction2="0" friendFaction3="0" friendFaction4="0" />
	<FactionTemplateEntry id="1096" faction="108" factionFlags="2080" ourMask="3" friendlyMask="2" hostileMask="12" enemyFaction1="679" enemyFaction2="0" enemyFaction3="0" enemyFaction4="0" friendFaction1="0" friendFaction2="0" friendFaction3="0" friendFaction4="0" />
	<FactionTemplateEntry id="1097" faction="69" factionFlags="32" ourMask="2" friendlyMask="2" hostileMask="4" enemyFaction1="0" enemyFaction2="0" enemyFaction3="0" enemyFaction4="0" friendFaction1="0" friendFaction2="0" friendFaction3="0" friendFaction4="0" />
	<FactionTemplateEntry id="1114" faction="689" factionFlags="64" ourMask="8" friendlyMask="0" hostileMask="1" enemyFaction1="80" enemyFaction2="0" enemyFaction3="0" enemyFaction4="0" friendFaction1="689" friendFaction2="0" friendFaction3="0" friendFaction4="0" />
	<FactionTemplateEntry id="1134" faction="68" factionFlags="2080" ourMask="5" friendlyMask="4" hostileMask="10" enemyFaction1="679" enemyFaction2="0" enemyFaction3="0" enemyFaction4="0" friendFaction1="0" friendFaction2="0" friendFaction3="0" friendFaction4="0" />
	<FactionTemplateEntry id="1154" faction="68" factionFlags="2080" ourMask="5" friendlyMask="4" hostileMask="10" enemyFaction1="679" enemyFaction2="0" enemyFaction3="0" enemyFaction4="0" friendFaction1="0" friendFaction2="0" friendFaction3="0" friendFaction4="0" />
	<FactionTemplateEntry id="1174" faction="76" factionFlags="73" ourMask="4" friendlyMask="4" hostileMask="2" enemyFaction1="0" enemyFaction2="0" enemyFaction3="0" enemyFaction4="0" friendFaction1="0" friendFaction2="0" friendFaction3="0" friendFaction4="0" />
	<FactionTemplateEntry id="1194" faction="709" factionFlags="0" ourMask="0" friendlyMask="0" hostileMask="0" enemyFaction1="0" enemyFaction2="0" enemyFaction3="0" enemyFaction4="0" friendFaction1="0" friendFaction2="0" friendFaction3="0" friendFaction4="0" />
	<FactionTemplateEntry id="1214" faction="729" factionFlags="33" ourMask="5" friendlyMask="4" hostileMask="10" enemyFaction1="730" enemyFaction2="0" enemyFaction3="0" enemyFaction4="0" friendFaction1="729" friendFaction2="0" friendFaction3="0" friendFaction4="0" />
	<FactionTemplateEntry id="1215" faction="729" factionFlags="1" ourMask="4" friendlyMask="4" hostileMask="2" enemyFaction1="730" enemyFaction2="0" enemyFaction3="0" enemyFaction4="0" friendFaction1="729" friendFaction2="0" friendFaction3="0" friendFaction4="0" />
	<FactionTemplateEntry id="1216" faction="730" factionFlags="33" ourMask="3" friendlyMask="2" hostileMask="12" enemyFaction1="729" enemyFaction2="0" enemyFaction3="0" enemyFaction4="0" friendFaction1="730" friendFaction2="0" friendFaction3="0" friendFaction4="0" />
	<FactionTemplateEntry id="1217" faction="730" factionFlags="1" ourMask="2" friendlyMask="2" hostileMask="4" enemyFaction1="729" enemyFaction2="0" enemyFaction3="0" enemyFaction4="0" friendFaction1="730" friendFaction2="0" friendFaction3="0" friendFaction4="0" />
	<FactionTemplateEntry id="1234" faction="750" factionFlags="33" ourMask="8" friendlyMask="0" hostileMask="1" enemyFaction1="749" enemyFaction2="0" enemyFaction3="0" enemyFaction4="0" friendFaction1="750" friendFaction2="0" friendFaction3="0" friendFaction4="0" />
	<FactionTemplateEntry id="1235" faction="750" factionFlags="1" ourMask="8" friendlyMask="0" hostileMask="1" enemyFaction1="749" enemyFaction2="0" enemyFaction3="0" enemyFaction4="0" friendFaction1="750" friendFaction2="0" friendFaction3="0" friendFaction4="0" />
	<FactionTemplateEntry id="1236" faction="750" factionFlags="0" ourMask="8" friendlyMask="0" hostileMask="1" enemyFaction1="749" enemyFaction2="0" enemyFaction3="0" enemyFaction4="0" friendFaction1="750" friendFaction2="0" friendFaction3="0" friendFaction4="0" />
	<FactionTemplateEntry id="1254" faction="609" factionFlags="4129" ourMask="1" friendlyMask="0" hostileMask="8" enemyFaction1="0" enemyFaction2="0" enemyFaction3="0" enemyFaction4="0" friendFaction1="609" friendFaction2="0" friendFaction3="0" friendFaction4="0" />
	<FactionTemplateEntry id="1274" faction="7" factionFlags="33" ourMask="0" friendlyMask="0" hostileMask="4" enemyFaction1="0" enemyFaction2="0" enemyFaction3="0" enemyFaction4="0" friendFaction1="0" friendFaction2="0" friendFaction3="0" friendFaction4="0" />
	<FactionTemplateEntry id="1275" faction="7" factionFlags="33" ourMask="0" friendlyMask="0" hostileMask="2" enemyFaction1="0" enemyFaction2="0" enemyFaction3="0" enemyFaction4="0" friendFaction1="0" friendFaction2="0" friendFaction3="0" friendFaction4="0" />
	<FactionTemplateEntry id="1294" faction="771" factionFlags="0" ourMask="8" friendlyMask="0" hostileMask="1" enemyFaction1="770" enemyFaction2="0" enemyFaction3="0" enemyFaction4="0" friendFaction1="0" friendFaction2="0" friendFaction3="0" friendFaction4="0" />
	<FactionTemplateEntry id="1314" faction="66" factionFlags="65" ourMask="4" friendlyMask="4" hostileMask="2" enemyFaction1="0" enemyFaction2="0" enemyFaction3="0" enemyFaction4="0" friendFaction1="0" friendFaction2="0" friendFaction3="0" friendFaction4="0" />
	<FactionTemplateEntry id="1315" faction="189" factionFlags="65" ourMask="2" friendlyMask="2" hostileMask="4" enemyFaction1="0" enemyFaction2="0" enemyFaction3="0" enemyFaction4="0" friendFaction1="0" friendFaction2="0" friendFaction3="0" friendFaction4="0" />
	<FactionTemplateEntry id="1334" faction="730" factionFlags="0" ourMask="2" friendlyMask="2" hostileMask="4" enemyFaction1="729" enemyFaction2="0" enemyFaction3="0" enemyFaction4="0" friendFaction1="730" friendFaction2="0" friendFaction3="0" friendFaction4="0" />
	<FactionTemplateEntry id="1335" faction="729" factionFlags="0" ourMask="4" friendlyMask="4" hostileMask="2" enemyFaction1="730" enemyFaction2="0" enemyFaction3="0" enemyFaction4="0" friendFaction1="729" friendFaction2="0" friendFaction3="0" friendFaction4="0" />
	<FactionTemplateEntry id="1354" faction="809" factionFlags="0" ourMask="0" friendlyMask="0" hostileMask="0" enemyFaction1="0" enemyFaction2="0" enemyFaction3="0" enemyFaction4="0" friendFaction1="809" friendFaction2="0" friendFaction3="0" friendFaction4="0" />
	<FactionTemplateEntry id="1355" faction="809" factionFlags="1" ourMask="0" friendlyMask="0" hostileMask="0" enemyFaction1="0" enemyFaction2="0" enemyFaction3="0" enemyFaction4="0" friendFaction1="809" friendFaction2="0" friendFaction3="0" friendFaction4="0" />
	<FactionTemplateEntry id="1374" faction="829" factionFlags="1" ourMask="8" friendlyMask="0" hostileMask="1" enemyFaction1="0" enemyFaction2="0" enemyFaction3="0" enemyFaction4="0" friendFaction1="38" friendFaction2="0" friendFaction3="0" friendFaction4="0" />
	<FactionTemplateEntry id="1375" faction="77" factionFlags="32" ourMask="0" friendlyMask="0" hostileMask="9" enemyFaction1="0" enemyFaction2="0" enemyFaction3="0" enemyFaction4="0" friendFaction1="0" friendFaction2="0" friendFaction3="0" friendFaction4="0" />
	<FactionTemplateEntry id="1394" faction="80" factionFlags="33" ourMask="8" friendlyMask="0" hostileMask="1" enemyFaction1="689" enemyFaction2="47" enemyFaction3="0" enemyFaction4="0" friendFaction1="80" friendFaction2="0" friendFaction3="0" friendFaction4="0" />
	<FactionTemplateEntry id="1395" faction="916" factionFlags="1" ourMask="8" friendlyMask="0" hostileMask="1" enemyFaction1="0" enemyFaction2="0" enemyFaction3="0" enemyFaction4="0" friendFaction1="916" friendFaction2="0" friendFaction3="0" friendFaction4="0" />
	<FactionTemplateEntry id="1414" faction="790" factionFlags="0" ourMask="0" friendlyMask="0" hostileMask="4" enemyFaction1="0" enemyFaction2="0" enemyFaction3="0" enemyFaction4="0" friendFaction1="0" friendFaction2="0" friendFaction3="0" friendFaction4="0" />
	<FactionTemplateEntry id="1415" faction="849" factionFlags="0" ourMask="0" friendlyMask="0" hostileMask="2" enemyFaction1="0" enemyFaction2="0" enemyFaction3="0" enemyFaction4="0" friendFaction1="0" friendFaction2="0" friendFaction3="0" friendFaction4="0" />
	<FactionTemplateEntry id="1434" faction="869" factionFlags="1" ourMask="8" friendlyMask="0" hostileMask="1" enemyFaction1="0" enemyFaction2="0" enemyFaction3="0" enemyFaction4="0" friendFaction1="869" friendFaction2="0" friendFaction3="0" friendFaction4="0" />
	<FactionTemplateEntry id="1454" faction="36" factionFlags="9" ourMask="0" friendlyMask="1" hostileMask="0" enemyFaction1="35" enemyFaction2="0" enemyFaction3="0" enemyFaction4="0" friendFaction1="36" friendFaction2="0" friendFaction3="0" friendFaction4="0" />
	<FactionTemplateEntry id="1474" faction="59" factionFlags="1" ourMask="0" friendlyMask="0" hostileMask="0" enemyFaction1="0" enemyFaction2="0" enemyFaction3="0" enemyFaction4="0" friendFaction1="59" friendFaction2="0" friendFaction3="0" friendFaction4="0" />
	<FactionTemplateEntry id="1475" faction="59" factionFlags="0" ourMask="0" friendlyMask="0" hostileMask="0" enemyFaction1="0" enemyFaction2="0" enemyFaction3="0" enemyFaction4="0" friendFaction1="59" friendFaction2="0" friendFaction3="0" friendFaction4="0" />
	<FactionTemplateEntry id="1494" faction="893" factionFlags="0" ourMask="4" friendlyMask="4" hostileMask="2" enemyFaction1="0" enemyFaction2="0" enemyFaction3="0" enemyFaction4="0" friendFaction1="893" friendFaction2="0" friendFaction3="0" friendFaction4="0" />
	<FactionTemplateEntry id="1495" faction="893" factionFlags="2081" ourMask="5" friendlyMask="4" hostileMask="10" enemyFaction1="0" enemyFaction2="0" enemyFaction3="0" enemyFaction4="0" friendFaction1="893" friendFaction2="0" friendFaction3="0" friendFaction4="0" />
	<FactionTemplateEntry id="1496" faction="893" factionFlags="33" ourMask="4" friendlyMask="4" hostileMask="2" enemyFaction1="0" enemyFaction2="0" enemyFaction3="0" enemyFaction4="0" friendFaction1="893" friendFaction2="0" friendFaction3="0" friendFaction4="0" />
	<FactionTemplateEntry id="1514" faction="890" factionFlags="33" ourMask="2" friendlyMask="2" hostileMask="4" enemyFaction1="0" enemyFaction2="0" enemyFaction3="0" enemyFaction4="0" friendFaction1="0" friendFaction2="0" friendFaction3="0" friendFaction4="0" />
	<FactionTemplateEntry id="1515" faction="889" factionFlags="33" ourMask="4" friendlyMask="4" hostileMask="2" enemyFaction1="0" enemyFaction2="0" enemyFaction3="0" enemyFaction4="0" friendFaction1="0" friendFaction2="0" friendFaction3="0" friendFaction4="0" />
	<FactionTemplateEntry id="1534" faction="730" factionFlags="33" ourMask="2" friendlyMask="2" hostileMask="4" enemyFaction1="729" enemyFaction2="0" enemyFaction3="0" enemyFaction4="0" friendFaction1="730" friendFaction2="0" friendFaction3="0" friendFaction4="0" />
	<FactionTemplateEntry id="1554" faction="729" factionFlags="2120" ourMask="5" friendlyMask="4" hostileMask="8" enemyFaction1="0" enemyFaction2="0" enemyFaction3="0" enemyFaction4="0" friendFaction1="0" friendFaction2="0" friendFaction3="0" friendFaction4="0" />
	<FactionTemplateEntry id="1555" faction="909" factionFlags="0" ourMask="0" friendlyMask="0" hostileMask="0" enemyFaction1="0" enemyFaction2="0" enemyFaction3="0" enemyFaction4="0" friendFaction1="909" friendFaction2="0" friendFaction3="0" friendFaction4="0" />
	<FactionTemplateEntry id="1574" faction="270" factionFlags="0" ourMask="0" friendlyMask="0" hostileMask="0" enemyFaction1="0" enemyFaction2="0" enemyFaction3="0" enemyFaction4="0" friendFaction1="270" friendFaction2="0" friendFaction3="0" friendFaction4="0" />
	<FactionTemplateEntry id="1575" faction="72" factionFlags="33" ourMask="3" friendlyMask="2" hostileMask="12" enemyFaction1="0" enemyFaction2="0" enemyFaction3="0" enemyFaction4="0" friendFaction1="0" friendFaction2="0" friendFaction3="0" friendFaction4="0" />
	<FactionTemplateEntry id="1576" faction="269" factionFlags="33" ourMask="2" friendlyMask="2" hostileMask="4" enemyFaction1="0" enemyFaction2="0" enemyFaction3="0" enemyFaction4="0" friendFaction1="269" friendFaction2="0" friendFaction3="0" friendFaction4="0" />
	<FactionTemplateEntry id="1577" faction="509" factionFlags="33" ourMask="2" friendlyMask="2" hostileMask="4" enemyFaction1="510" enemyFaction2="0" enemyFaction3="0" enemyFaction4="0" friendFaction1="509" friendFaction2="0" friendFaction3="0" friendFaction4="0" />
	<FactionTemplateEntry id="1594" faction="69" factionFlags="33" ourMask="3" friendlyMask="2" hostileMask="12" enemyFaction1="0" enemyFaction2="0" enemyFaction3="0" enemyFaction4="0" friendFaction1="0" friendFaction2="0" friendFaction3="0" friendFaction4="0" />
	<FactionTemplateEntry id="1595" faction="76" factionFlags="33" ourMask="5" friendlyMask="4" hostileMask="10" enemyFaction1="0" enemyFaction2="0" enemyFaction3="0" enemyFaction4="0" friendFaction1="0" friendFaction2="0" friendFaction3="0" friendFaction4="0" />
	<FactionTemplateEntry id="1596" faction="730" factionFlags="33" ourMask="3" friendlyMask="2" hostileMask="12" enemyFaction1="729" enemyFaction2="0" enemyFaction3="0" enemyFaction4="0" friendFaction1="730" friendFaction2="0" friendFaction3="0" friendFaction4="0" />
	<FactionTemplateEntry id="1597" faction="729" factionFlags="33" ourMask="5" friendlyMask="4" hostileMask="10" enemyFaction1="730" enemyFaction2="0" enemyFaction3="0" enemyFaction4="0" friendFaction1="729" friendFaction2="0" friendFaction3="0" friendFaction4="0" />
	<FactionTemplateEntry id="1598" faction="510" factionFlags="0" ourMask="4" friendlyMask="4" hostileMask="2" enemyFaction1="509" enemyFaction2="0" enemyFaction3="0" enemyFaction4="0" friendFaction1="510" friendFaction2="0" friendFaction3="0" friendFaction4="0" />
	<FactionTemplateEntry id="1599" faction="509" factionFlags="0" ourMask="2" friendlyMask="2" hostileMask="4" enemyFaction1="510" enemyFaction2="0" enemyFaction3="0" enemyFaction4="0" friendFaction1="509" friendFaction2="0" friendFaction3="0" friendFaction4="0" />
	<FactionTemplateEntry id="1600" faction="69" factionFlags="33" ourMask="2" friendlyMask="2" hostileMask="8" enemyFaction1="0" enemyFaction2="0" enemyFaction3="0" enemyFaction4="0" friendFaction1="0" friendFaction2="0" friendFaction3="0" friendFaction4="0" />
	<FactionTemplateEntry id="1601" faction="910" factionFlags="33" ourMask="0" friendlyMask="0" hostileMask="0" enemyFaction1="249" enemyFaction2="80" enemyFaction3="0" enemyFaction4="0" friendFaction1="910" friendFaction2="531" friendFaction3="0" friendFaction4="0" />
	<FactionTemplateEntry id="1605" faction="531" factionFlags="0" ourMask="0" friendlyMask="0" hostileMask="1" enemyFaction1="0" enemyFaction2="0" enemyFaction3="0" enemyFaction4="0" friendFaction1="531" friendFaction2="0" friendFaction3="0" friendFaction4="0" />
	<FactionTemplateEntry id="1606" faction="7" factionFlags="0" ourMask="0" friendlyMask="4" hostileMask="2" enemyFaction1="7" enemyFaction2="0" enemyFaction3="0" enemyFaction4="0" friendFaction1="0" friendFaction2="0" friendFaction3="0" friendFaction4="0" />
	<FactionTemplateEntry id="1607" faction="7" factionFlags="0" ourMask="0" friendlyMask="4" hostileMask="2" enemyFaction1="7" enemyFaction2="0" enemyFaction3="0" enemyFaction4="0" friendFaction1="0" friendFaction2="0" friendFaction3="0" friendFaction4="0" />
	<FactionTemplateEntry id="1608" faction="609" factionFlags="73" ourMask="1" friendlyMask="0" hostileMask="8" enemyFaction1="249" enemyFaction2="0" enemyFaction3="0" enemyFaction4="0" friendFaction1="609" friendFaction2="0" friendFaction3="0" friendFaction4="0" />
	<FactionTemplateEntry id="1611" faction="47" factionFlags="65" ourMask="3" friendlyMask="2" hostileMask="4" enemyFaction1="916" enemyFaction2="0" enemyFaction3="0" enemyFaction4="0" friendFaction1="0" friendFaction2="0" friendFaction3="0" friendFaction4="0" />
	<FactionTemplateEntry id="1612" faction="76" factionFlags="65" ourMask="5" friendlyMask="4" hostileMask="2" enemyFaction1="916" enemyFaction2="0" enemyFaction3="0" enemyFaction4="0" friendFaction1="0" friendFaction2="0" friendFaction3="0" friendFaction4="0" />
	<FactionTemplateEntry id="1613" faction="912" factionFlags="0" ourMask="1" friendlyMask="1" hostileMask="0" enemyFaction1="915" enemyFaction2="0" enemyFaction3="0" enemyFaction4="0" friendFaction1="912" friendFaction2="0" friendFaction3="0" friendFaction4="0" />
	<FactionTemplateEntry id="1614" faction="14" factionFlags="1" ourMask="8" friendlyMask="0" hostileMask="1" enemyFaction1="0" enemyFaction2="0" enemyFaction3="0" enemyFaction4="0" friendFaction1="14" friendFaction2="0" friendFaction3="0" friendFaction4="0" />
	<FactionTemplateEntry id="1615" faction="169" factionFlags="6177" ourMask="1" friendlyMask="0" hostileMask="8" enemyFaction1="0" enemyFaction2="0" enemyFaction3="0" enemyFaction4="0" friendFaction1="21" friendFaction2="577" friendFaction3="369" friendFaction4="0" />
	<FactionTemplateEntry id="1616" faction="919" factionFlags="0" ourMask="0" friendlyMask="15" hostileMask="0" enemyFaction1="918" enemyFaction2="0" enemyFaction3="0" enemyFaction4="0" friendFaction1="919" friendFaction2="0" friendFaction3="0" friendFaction4="0" />
	<FactionTemplateEntry id="1617" faction="918" factionFlags="64" ourMask="0" friendlyMask="0" hostileMask="1" enemyFaction1="919" enemyFaction2="0" enemyFaction3="0" enemyFaction4="0" friendFaction1="918" friendFaction2="0" friendFaction3="0" friendFaction4="0" />
	<FactionTemplateEntry id="1618" faction="47" factionFlags="33" ourMask="2" friendlyMask="2" hostileMask="12" enemyFaction1="0" enemyFaction2="0" enemyFaction3="0" enemyFaction4="0" friendFaction1="0" friendFaction2="0" friendFaction3="0" friendFaction4="0" />
	<FactionTemplateEntry id="1619" faction="76" factionFlags="33" ourMask="4" friendlyMask="4" hostileMask="10" enemyFaction1="0" enemyFaction2="0" enemyFaction3="0" enemyFaction4="0" friendFaction1="0" friendFaction2="0" friendFaction3="0" friendFaction4="0" />
	<FactionTemplateEntry id="1620" faction="128" factionFlags="0" ourMask="0" friendlyMask="0" hostileMask="15" enemyFaction1="0" enemyFaction2="0" enemyFaction3="0" enemyFaction4="0" friendFaction1="0" friendFaction2="0" friendFaction3="0" friendFaction4="0" />
	<FactionTemplateEntry id="1621" faction="921" factionFlags="0" ourMask="2" friendlyMask="0" hostileMask="4" enemyFaction1="920" enemyFaction2="0" enemyFaction3="0" enemyFaction4="0" friendFaction1="0" friendFaction2="0" friendFaction3="0" friendFaction4="0" />
	<FactionTemplateEntry id="1622" faction="920" factionFlags="0" ourMask="2" friendlyMask="0" hostileMask="4" enemyFaction1="921" enemyFaction2="0" enemyFaction3="0" enemyFaction4="0" friendFaction1="0" friendFaction2="0" friendFaction3="0" friendFaction4="0" />
	<FactionTemplateEntry id="1624" faction="529" factionFlags="2115" ourMask="1" friendlyMask="0" hostileMask="8" enemyFaction1="0" enemyFaction2="0" enemyFaction3="0" enemyFaction4="0" friendFaction1="529" friendFaction2="0" friendFaction3="0" friendFaction4="0" />
	<FactionTemplateEntry id="1625" faction="529" factionFlags="4129" ourMask="1" friendlyMask="0" hostileMask="8" enemyFaction1="0" enemyFaction2="0" enemyFaction3="0" enemyFaction4="0" friendFaction1="529" friendFaction2="0" friendFaction3="0" friendFaction4="0" />
	<FactionTemplateEntry id="1626" faction="20" factionFlags="33" ourMask="8" friendlyMask="0" hostileMask="1" enemyFaction1="679" enemyFaction2="0" enemyFaction3="0" enemyFaction4="0" friendFaction1="20" friendFaction2="0" friendFaction3="0" friendFaction4="0" />
	<FactionTemplateEntry id="1630" faction="928" factionFlags="37" ourMask="0" friendlyMask="0" hostileMask="15" enemyFaction1="14" enemyFaction2="148" enemyFaction3="0" enemyFaction4="0" friendFaction1="928" friendFaction2="20" friendFaction3="0" friendFaction4="0" />
	<FactionTemplateEntry id="1634" faction="928" factionFlags="33" ourMask="8" friendlyMask="0" hostileMask="0" enemyFaction1="68" enemyFaction2="72" enemyFaction3="0" enemyFaction4="0" friendFaction1="928" friendFaction2="20" friendFaction3="0" friendFaction4="0" />
	<FactionTemplateEntry id="1635" faction="169" factionFlags="6161" ourMask="0" friendlyMask="0" hostileMask="0" enemyFaction1="891" enemyFaction2="0" enemyFaction3="0" enemyFaction4="0" friendFaction1="169" friendFaction2="892" friendFaction3="0" friendFaction4="0" />
	<FactionTemplateEntry id="1641" faction="889" factionFlags="1" ourMask="4" friendlyMask="4" hostileMask="2" enemyFaction1="0" enemyFaction2="0" enemyFaction3="0" enemyFaction4="0" friendFaction1="0" friendFaction2="0" friendFaction3="0" friendFaction4="0" />
	<FactionTemplateEntry id="1642" faction="890" factionFlags="1" ourMask="2" friendlyMask="2" hostileMask="4" enemyFaction1="0" enemyFaction2="0" enemyFaction3="0" enemyFaction4="0" friendFaction1="0" friendFaction2="0" friendFaction3="0" friendFaction4="0" />
	<FactionTemplateEntry id="1673" faction="950" factionFlags="0" ourMask="0" friendlyMask="0" hostileMask="0" enemyFaction1="951" enemyFaction2="0" enemyFaction3="0" enemyFaction4="0" friendFaction1="950" friendFaction2="0" friendFaction3="0" friendFaction4="0" />
	<FactionTemplateEntry id="1676" faction="954" factionFlags="0" ourMask="0" friendlyMask="15" hostileMask="0" enemyFaction1="0" enemyFaction2="0" enemyFaction3="0" enemyFaction4="0" friendFaction1="954" friendFaction2="0" friendFaction3="0" friendFaction4="0" />
	<FactionTemplateEntry id="1677" faction="951" factionFlags="0" ourMask="0" friendlyMask="15" hostileMask="0" enemyFaction1="0" enemyFaction2="0" enemyFaction3="0" enemyFaction4="0" friendFaction1="954" friendFaction2="0" friendFaction3="0" friendFaction4="0" />
</FactionTemplateEntryList>