<?xml version="1.0" encoding="UTF-8" standalone="yes"?>
<FactionEntryList>
	<FactionEntry id="1" reputationListID="-1" BaseRepRaceMask1="0" BaseRepRaceMask2="0" BaseRepRaceMask3="0" BaseRepRaceMask4="0" BaseRepClassMask1="0" BaseRepClassMask2="0" BaseRepClassMask3="0" BaseRepClassMask4="0" BaseRepValue1="0" BaseRepValue2="0" BaseRepValue3="0" BaseRepValue4="0" ReputationFlags1="0" ReputationFlags2="0" ReputationFlags3="0" ReputationFlags4="0" team="0" spilloverRateIn="0.0" spilloverRateOut="0.0" spilloverMaxRankIn="0" spilloverMaxRankOut="0" name="人类(玩家)" />
	<FactionEntry id="2" reputationListID="-1" BaseRepRaceMask1="0" BaseRepRaceMask2="0" BaseRepRaceMask3="0" BaseRepRaceMask4="0" BaseRepClassMask1="0" BaseRepClassMask2="0" BaseRepClassMask3="0" BaseRepClassMask4="0" BaseRepValue1="0" BaseRepValue2="0" BaseRepValue3="0" BaseRepValue4="0" ReputationFlags1="0" ReputationFlags2="0" ReputationFlags3="0" ReputationFlags4="0" team="0" spilloverRateIn="0.0" spilloverRateOut="0.0" spilloverMaxRankIn="0" spilloverMaxRankOut="0" name="兽人(玩家)" />
	<FactionEntry id="3" reputationListID="-1" BaseRepRaceMask1="0" BaseRepRaceMask2="0" BaseRepRaceMask3="0" BaseRepRaceMask4="0" BaseRepClassMask1="0" BaseRepClassMask2="0" BaseRepClassMask3="0" BaseRepClassMask4="0" BaseRepValue1="0" BaseRepValue2="0" BaseRepValue3="0" BaseRepValue4="0" ReputationFlags1="0" ReputationFlags2="0" ReputationFlags3="0" ReputationFlags4="0" team="0" spilloverRateIn="0.0" spilloverRateOut="0.0" spilloverMaxRankIn="0" spilloverMaxRankOut="0" name="矮人(玩家)" />
	<FactionEntry id="4" reputationListID="-1" BaseRepRaceMask1="0" BaseRepRaceMask2="0" BaseRepRaceMask3="0" BaseRepRaceMask4="0" BaseRepClassMask1="0" BaseRepClassMask2="0" BaseRepClassMask3="0" BaseRepClassMask4="0" BaseRepValue1="0" BaseRepValue2="0" BaseRepValue3="0" BaseRepValue4="0" ReputationFlags1="0" ReputationFlags2="0" ReputationFlags3="0" ReputationFlags4="0" team="0" spilloverRateIn="0.0" spilloverRateOut="0.0" spilloverMaxRankIn="0" spilloverMaxRankOut="0" name="暗夜精灵(玩家)" />
	<FactionEntry id="5" reputationListID="-1" BaseRepRaceMask1="0" BaseRepRaceMask2="0" BaseRepRaceMask3="0" BaseRepRaceMask4="0" BaseRepClassMask1="0" BaseRepClassMask2="0" BaseRepClassMask3="0" BaseRepClassMask4="0" BaseRepValue1="0" BaseRepValue2="0" BaseRepValue3="0" BaseRepValue4="0" ReputationFlags1="0" ReputationFlags2="0" ReputationFlags3="0" ReputationFlags4="0" team="0" spilloverRateIn="0.0" spilloverRateOut="0.0" spilloverMaxRankIn="0" spilloverMaxRankOut="0" name="亡灵(玩家)" />
	<FactionEntry id="6" reputationListID="-1" BaseRepRaceMask1="0" BaseRepRaceMask2="0" BaseRepRaceMask3="0" BaseRepRaceMask4="0" BaseRepClassMask1="0" BaseRepClassMask2="0" BaseRepClassMask3="0" BaseRepClassMask4="0" BaseRepValue1="0" BaseRepValue2="0" BaseRepValue3="0" BaseRepValue4="0" ReputationFlags1="0" ReputationFlags2="0" ReputationFlags3="0" ReputationFlags4="0" team="0" spilloverRateIn="0.0" spilloverRateOut="0.0" spilloverMaxRankIn="0" spilloverMaxRankOut="0" name="牛头人(玩家)" />
	<FactionEntry id="7" reputationListID="-1" BaseRepRaceMask1="0" BaseRepRaceMask2="0" BaseRepRaceMask3="0" BaseRepRaceMask4="0" BaseRepClassMask1="0" BaseRepClassMask2="0" BaseRepClassMask3="0" BaseRepClassMask4="0" BaseRepValue1="0" BaseRepValue2="0" BaseRepValue3="0" BaseRepValue4="0" ReputationFlags1="0" ReputationFlags2="0" ReputationFlags3="0" ReputationFlags4="0" team="0" spilloverRateIn="0.0" spilloverRateOut="0.0" spilloverMaxRankIn="0" spilloverMaxRankOut="0" name="生物" />
	<FactionEntry id="8" reputationListID="-1" BaseRepRaceMask1="0" BaseRepRaceMask2="0" BaseRepRaceMask3="0" BaseRepRaceMask4="0" BaseRepClassMask1="0" BaseRepClassMask2="0" BaseRepClassMask3="0" BaseRepClassMask4="0" BaseRepValue1="0" BaseRepValue2="0" BaseRepValue3="0" BaseRepValue4="0" ReputationFlags1="0" ReputationFlags2="0" ReputationFlags3="0" ReputationFlags4="0" team="0" spilloverRateIn="0.0" spilloverRateOut="0.0" spilloverMaxRankIn="0" spilloverMaxRankOut="0" name="侏儒(玩家)" />
	<FactionEntry id="9" reputationListID="-1" BaseRepRaceMask1="0" BaseRepRaceMask2="0" BaseRepRaceMask3="0" BaseRepRaceMask4="0" BaseRepClassMask1="0" BaseRepClassMask2="0" BaseRepClassMask3="0" BaseRepClassMask4="0" BaseRepValue1="0" BaseRepValue2="0" BaseRepValue3="0" BaseRepValue4="0" ReputationFlags1="0" ReputationFlags2="0" ReputationFlags3="0" ReputationFlags4="0" team="0" spilloverRateIn="0.0" spilloverRateOut="0.0" spilloverMaxRankIn="0" spilloverMaxRankOut="0" name="巨魔(玩家)" />
	<FactionEntry id="14" reputationListID="-1" BaseRepRaceMask1="0" BaseRepRaceMask2="0" BaseRepRaceMask3="0" BaseRepRaceMask4="0" BaseRepClassMask1="0" BaseRepClassMask2="0" BaseRepClassMask3="0" BaseRepClassMask4="0" BaseRepValue1="0" BaseRepValue2="0" BaseRepValue3="0" BaseRepValue4="0" ReputationFlags1="0" ReputationFlags2="0" ReputationFlags3="0" ReputationFlags4="0" team="0" spilloverRateIn="0.0" spilloverRateOut="0.0" spilloverMaxRankIn="0" spilloverMaxRankOut="0" name="怪物" />
	<FactionEntry id="15" reputationListID="-1" BaseRepRaceMask1="0" BaseRepRaceMask2="0" BaseRepRaceMask3="0" BaseRepRaceMask4="0" BaseRepClassMask1="0" BaseRepClassMask2="0" BaseRepClassMask3="0" BaseRepClassMask4="0" BaseRepValue1="0" BaseRepValue2="0" BaseRepValue3="0" BaseRepValue4="0" ReputationFlags1="0" ReputationFlags2="0" ReputationFlags3="0" ReputationFlags4="0" team="0" spilloverRateIn="0.0" spilloverRateOut="0.0" spilloverMaxRankIn="0" spilloverMaxRankOut="0" name="迪菲亚盗贼" />
	<FactionEntry id="16" reputationListID="-1" BaseRepRaceMask1="0" BaseRepRaceMask2="0" BaseRepRaceMask3="0" BaseRepRaceMask4="0" BaseRepClassMask1="0" BaseRepClassMask2="0" BaseRepClassMask3="0" BaseRepClassMask4="0" BaseRepValue1="0" BaseRepValue2="0" BaseRepValue3="0" BaseRepValue4="0" ReputationFlags1="0" ReputationFlags2="0" ReputationFlags3="0" ReputationFlags4="0" team="0" spilloverRateIn="0.0" spilloverRateOut="0.0" spilloverMaxRankIn="0" spilloverMaxRankOut="0" name="河爪豺狼人" />
	<FactionEntry id="17" reputationListID="-1" BaseRepRaceMask1="0" BaseRepRaceMask2="0" BaseRepRaceMask3="0" BaseRepRaceMask4="0" BaseRepClassMask1="0" BaseRepClassMask2="0" BaseRepClassMask3="0" BaseRepClassMask4="0" BaseRepValue1="0" BaseRepValue2="0" BaseRepValue3="0" BaseRepValue4="0" ReputationFlags1="0" ReputationFlags2="0" ReputationFlags3="0" ReputationFlags4="0" team="0" spilloverRateIn="0.0" spilloverRateOut="0.0" spilloverMaxRankIn="0" spilloverMaxRankOut="0" name="赤脊山豺狼人" />
	<FactionEntry id="18" reputationListID="-1" BaseRepRaceMask1="0" BaseRepRaceMask2="0" BaseRepRaceMask3="0" BaseRepRaceMask4="0" BaseRepClassMask1="0" BaseRepClassMask2="0" BaseRepClassMask3="0" BaseRepClassMask4="0" BaseRepValue1="0" BaseRepValue2="0" BaseRepValue3="0" BaseRepValue4="0" ReputationFlags1="0" ReputationFlags2="0" ReputationFlags3="0" ReputationFlags4="0" team="0" spilloverRateIn="0.0" spilloverRateOut="0.0" spilloverMaxRankIn="0" spilloverMaxRankOut="0" name="暗皮豺狼人" />
	<FactionEntry id="19" reputationListID="-1" BaseRepRaceMask1="0" BaseRepRaceMask2="0" BaseRepRaceMask3="0" BaseRepRaceMask4="0" BaseRepClassMask1="0" BaseRepClassMask2="0" BaseRepClassMask3="0" BaseRepClassMask4="0" BaseRepValue1="0" BaseRepValue2="0" BaseRepValue3="0" BaseRepValue4="0" ReputationFlags1="0" ReputationFlags2="0" ReputationFlags3="0" ReputationFlags4="0" team="0" spilloverRateIn="0.0" spilloverRateOut="0.0" spilloverMaxRankIn="0" spilloverMaxRankOut="0" name="鱼人" />
	<FactionEntry id="20" reputationListID="-1" BaseRepRaceMask1="0" BaseRepRaceMask2="0" BaseRepRaceMask3="0" BaseRepRaceMask4="0" BaseRepClassMask1="0" BaseRepClassMask2="0" BaseRepClassMask3="0" BaseRepClassMask4="0" BaseRepValue1="0" BaseRepValue2="0" BaseRepValue3="0" BaseRepValue4="0" ReputationFlags1="0" ReputationFlags2="0" ReputationFlags3="0" ReputationFlags4="0" team="0" spilloverRateIn="0.0" spilloverRateOut="0.0" spilloverMaxRankIn="0" spilloverMaxRankOut="0" name="亡灵(天灾军团)" />
	<FactionEntry id="21" reputationListID="1" BaseRepRaceMask1="255" BaseRepRaceMask2="0" BaseRepRaceMask3="0" BaseRepRaceMask4="0" BaseRepClassMask1="0" BaseRepClassMask2="0" BaseRepClassMask3="0" BaseRepClassMask4="0" BaseRepValue1="500" BaseRepValue2="0" BaseRepValue3="0" BaseRepValue4="0" ReputationFlags1="0" ReputationFlags2="0" ReputationFlags3="0" ReputationFlags4="0" team="169" spilloverRateIn="0.0" spilloverRateOut="0.0" spilloverMaxRankIn="0" spilloverMaxRankOut="0" name="藏宝海湾" />
	<FactionEntry id="22" reputationListID="-1" BaseRepRaceMask1="0" BaseRepRaceMask2="0" BaseRepRaceMask3="0" BaseRepRaceMask4="0" BaseRepClassMask1="0" BaseRepClassMask2="0" BaseRepClassMask3="0" BaseRepClassMask4="0" BaseRepValue1="0" BaseRepValue2="0" BaseRepValue3="0" BaseRepValue4="0" ReputationFlags1="0" ReputationFlags2="0" ReputationFlags3="0" ReputationFlags4="0" team="0" spilloverRateIn="0.0" spilloverRateOut="0.0" spilloverMaxRankIn="0" spilloverMaxRankOut="0" name="蜘蛛" />
	<FactionEntry id="23" reputationListID="-1" BaseRepRaceMask1="0" BaseRepRaceMask2="0" BaseRepRaceMask3="0" BaseRepRaceMask4="0" BaseRepClassMask1="0" BaseRepClassMask2="0" BaseRepClassMask3="0" BaseRepClassMask4="0" BaseRepValue1="0" BaseRepValue2="0" BaseRepValue3="0" BaseRepValue4="0" ReputationFlags1="0" ReputationFlags2="0" ReputationFlags3="0" ReputationFlags4="0" team="0" spilloverRateIn="0.0" spilloverRateOut="0.0" spilloverMaxRankIn="0" spilloverMaxRankOut="0" name="野猪" />
	<FactionEntry id="24" reputationListID="-1" BaseRepRaceMask1="0" BaseRepRaceMask2="0" BaseRepRaceMask3="0" BaseRepRaceMask4="0" BaseRepClassMask1="0" BaseRepClassMask2="0" BaseRepClassMask3="0" BaseRepClassMask4="0" BaseRepValue1="0" BaseRepValue2="0" BaseRepValue3="0" BaseRepValue4="0" ReputationFlags1="0" ReputationFlags2="0" ReputationFlags3="0" ReputationFlags4="0" team="0" spilloverRateIn="0.0" spilloverRateOut="0.0" spilloverMaxRankIn="0" spilloverMaxRankOut="0" name="狼人" />
	<FactionEntry id="25" reputationListID="-1" BaseRepRaceMask1="0" BaseRepRaceMask2="0" BaseRepRaceMask3="0" BaseRepRaceMask4="0" BaseRepClassMask1="0" BaseRepClassMask2="0" BaseRepClassMask3="0" BaseRepClassMask4="0" BaseRepValue1="0" BaseRepValue2="0" BaseRepValue3="0" BaseRepValue4="0" ReputationFlags1="0" ReputationFlags2="0" ReputationFlags3="0" ReputationFlags4="0" team="0" spilloverRateIn="0.0" spilloverRateOut="0.0" spilloverMaxRankIn="0" spilloverMaxRankOut="0" name="狗头人" />
	<FactionEntry id="26" reputationListID="-1" BaseRepRaceMask1="0" BaseRepRaceMask2="0" BaseRepRaceMask3="0" BaseRepRaceMask4="0" BaseRepClassMask1="0" BaseRepClassMask2="0" BaseRepClassMask3="0" BaseRepClassMask4="0" BaseRepValue1="0" BaseRepValue2="0" BaseRepValue3="0" BaseRepValue4="0" ReputationFlags1="0" ReputationFlags2="0" ReputationFlags3="0" ReputationFlags4="0" team="0" spilloverRateIn="0.0" spilloverRateOut="0.0" spilloverMaxRankIn="0" spilloverMaxRankOut="0" name="血顶巨魔" />
	<FactionEntry id="27" reputationListID="-1" BaseRepRaceMask1="0" BaseRepRaceMask2="0" BaseRepRaceMask3="0" BaseRepRaceMask4="0" BaseRepClassMask1="0" BaseRepClassMask2="0" BaseRepClassMask3="0" BaseRepClassMask4="0" BaseRepValue1="0" BaseRepValue2="0" BaseRepValue3="0" BaseRepValue4="0" ReputationFlags1="0" ReputationFlags2="0" ReputationFlags3="0" ReputationFlags4="0" team="0" spilloverRateIn="0.0" spilloverRateOut="0.0" spilloverMaxRankIn="0" spilloverMaxRankOut="0" name="劈颅巨魔" />
	<FactionEntry id="28" reputationListID="-1" BaseRepRaceMask1="0" BaseRepRaceMask2="0" BaseRepRaceMask3="0" BaseRepRaceMask4="0" BaseRepClassMask1="0" BaseRepClassMask2="0" BaseRepClassMask3="0" BaseRepClassMask4="0" BaseRepValue1="0" BaseRepValue2="0" BaseRepValue3="0" BaseRepValue4="0" ReputationFlags1="0" ReputationFlags2="0" ReputationFlags3="0" ReputationFlags4="0" team="0" spilloverRateIn="0.0" spilloverRateOut="0.0" spilloverMaxRankIn="0" spilloverMaxRankOut="0" name="猎物" />
	<FactionEntry id="29" reputationListID="-1" BaseRepRaceMask1="0" BaseRepRaceMask2="0" BaseRepRaceMask3="0" BaseRepRaceMask4="0" BaseRepClassMask1="0" BaseRepClassMask2="0" BaseRepClassMask3="0" BaseRepClassMask4="0" BaseRepValue1="0" BaseRepValue2="0" BaseRepValue3="0" BaseRepValue4="0" ReputationFlags1="0" ReputationFlags2="0" ReputationFlags3="0" ReputationFlags4="0" team="0" spilloverRateIn="0.0" spilloverRateOut="0.0" spilloverMaxRankIn="0" spilloverMaxRankOut="0" name="狼人" />
	<FactionEntry id="30" reputationListID="-1" BaseRepRaceMask1="0" BaseRepRaceMask2="0" BaseRepRaceMask3="0" BaseRepRaceMask4="0" BaseRepClassMask1="0" BaseRepClassMask2="0" BaseRepClassMask3="0" BaseRepClassMask4="0" BaseRepValue1="0" BaseRepValue2="0" BaseRepValue3="0" BaseRepValue4="0" ReputationFlags1="0" ReputationFlags2="0" ReputationFlags3="0" ReputationFlags4="0" team="0" spilloverRateIn="0.0" spilloverRateOut="0.0" spilloverMaxRankIn="0" spilloverMaxRankOut="0" name="叛变的迪菲亚盗贼(艾泽拉斯)" />
	<FactionEntry id="31" reputationListID="-1" BaseRepRaceMask1="0" BaseRepRaceMask2="0" BaseRepRaceMask3="0" BaseRepRaceMask4="0" BaseRepClassMask1="0" BaseRepClassMask2="0" BaseRepClassMask3="0" BaseRepClassMask4="0" BaseRepValue1="0" BaseRepValue2="0" BaseRepValue3="0" BaseRepValue4="0" ReputationFlags1="0" ReputationFlags2="0" ReputationFlags3="0" ReputationFlags4="0" team="0" spilloverRateIn="0.0" spilloverRateOut="0.0" spilloverMaxRankIn="0" spilloverMaxRankOut="0" name="友方" />
	<FactionEntry id="32" reputationListID="-1" BaseRepRaceMask1="0" BaseRepRaceMask2="0" BaseRepRaceMask3="0" BaseRepRaceMask4="0" BaseRepClassMask1="0" BaseRepClassMask2="0" BaseRepClassMask3="0" BaseRepClassMask4="0" BaseRepValue1="0" BaseRepValue2="0" BaseRepValue3="0" BaseRepValue4="0" ReputationFlags1="0" ReputationFlags2="0" ReputationFlags3="0" ReputationFlags4="0" team="0" spilloverRateIn="0.0" spilloverRateOut="0.0" spilloverMaxRankIn="0" spilloverMaxRankOut="0" name="石腭怪" />
	<FactionEntry id="33" reputationListID="-1" BaseRepRaceMask1="0" BaseRepRaceMask2="0" BaseRepRaceMask3="0" BaseRepRaceMask4="0" BaseRepClassMask1="0" BaseRepClassMask2="0" BaseRepClassMask3="0" BaseRepClassMask4="0" BaseRepValue1="0" BaseRepValue2="0" BaseRepValue3="0" BaseRepValue4="0" ReputationFlags1="0" ReputationFlags2="0" ReputationFlags3="0" ReputationFlags4="0" team="0" spilloverRateIn="0.0" spilloverRateOut="0.0" spilloverMaxRankIn="0" spilloverMaxRankOut="0" name="冰巨魔" />
	<FactionEntry id="34" reputationListID="-1" BaseRepRaceMask1="0" BaseRepRaceMask2="0" BaseRepRaceMask3="0" BaseRepRaceMask4="0" BaseRepClassMask1="0" BaseRepClassMask2="0" BaseRepClassMask3="0" BaseRepClassMask4="0" BaseRepValue1="0" BaseRepValue2="0" BaseRepValue3="0" BaseRepValue4="0" ReputationFlags1="0" ReputationFlags2="0" ReputationFlags3="0" ReputationFlags4="0" team="0" spilloverRateIn="0.0" spilloverRateOut="0.0" spilloverMaxRankIn="0" spilloverMaxRankOut="0" name="黑石氏族兽人" />
	<FactionEntry id="35" reputationListID="-1" BaseRepRaceMask1="0" BaseRepRaceMask2="0" BaseRepRaceMask3="0" BaseRepRaceMask4="0" BaseRepClassMask1="0" BaseRepClassMask2="0" BaseRepClassMask3="0" BaseRepClassMask4="0" BaseRepValue1="0" BaseRepValue2="0" BaseRepValue3="0" BaseRepValue4="0" ReputationFlags1="0" ReputationFlags2="0" ReputationFlags3="0" ReputationFlags4="0" team="0" spilloverRateIn="0.0" spilloverRateOut="0.0" spilloverMaxRankIn="0" spilloverMaxRankOut="0" name="Villian" />
	<FactionEntry id="36" reputationListID="-1" BaseRepRaceMask1="0" BaseRepRaceMask2="0" BaseRepRaceMask3="0" BaseRepRaceMask4="0" BaseRepClassMask1="0" BaseRepClassMask2="0" BaseRepClassMask3="0" BaseRepClassMask4="0" BaseRepValue1="0" BaseRepValue2="0" BaseRepValue3="0" BaseRepValue4="0" ReputationFlags1="0" ReputationFlags2="0" ReputationFlags3="0" ReputationFlags4="0" team="0" spilloverRateIn="0.0" spilloverRateOut="0.0" spilloverMaxRankIn="0" spilloverMaxRankOut="0" name="牺牲品" />
	<FactionEntry id="37" reputationListID="-1" BaseRepRaceMask1="0" BaseRepRaceMask2="0" BaseRepRaceMask3="0" BaseRepRaceMask4="0" BaseRepClassMask1="0" BaseRepClassMask2="0" BaseRepClassMask3="0" BaseRepClassMask4="0" BaseRepValue1="0" BaseRepValue2="0" BaseRepValue3="0" BaseRepValue4="0" ReputationFlags1="0" ReputationFlags2="0" ReputationFlags3="0" ReputationFlags4="0" team="0" spilloverRateIn="0.0" spilloverRateOut="0.0" spilloverMaxRankIn="0" spilloverMaxRankOut="0" name="熊" />
	<FactionEntry id="38" reputationListID="-1" BaseRepRaceMask1="0" BaseRepRaceMask2="0" BaseRepRaceMask3="0" BaseRepRaceMask4="0" BaseRepClassMask1="0" BaseRepClassMask2="0" BaseRepClassMask3="0" BaseRepClassMask4="0" BaseRepValue1="0" BaseRepValue2="0" BaseRepValue3="0" BaseRepValue4="0" ReputationFlags1="0" ReputationFlags2="0" ReputationFlags3="0" ReputationFlags4="0" team="0" spilloverRateIn="0.0" spilloverRateOut="0.0" spilloverMaxRankIn="0" spilloverMaxRankOut="0" name="食人魔" />
	<FactionEntry id="39" reputationListID="-1" BaseRepRaceMask1="0" BaseRepRaceMask2="0" BaseRepRaceMask3="0" BaseRepRaceMask4="0" BaseRepClassMask1="0" BaseRepClassMask2="0" BaseRepClassMask3="0" BaseRepClassMask4="0" BaseRepValue1="0" BaseRepValue2="0" BaseRepValue3="0" BaseRepValue4="0" ReputationFlags1="0" ReputationFlags2="0" ReputationFlags3="0" ReputationFlags4="0" team="0" spilloverRateIn="0.0" spilloverRateOut="0.0" spilloverMaxRankIn="0" spilloverMaxRankOut="0" name="库森的雇佣兵" />
	<FactionEntry id="40" reputationListID="-1" BaseRepRaceMask1="0" BaseRepRaceMask2="0" BaseRepRaceMask3="0" BaseRepRaceMask4="0" BaseRepClassMask1="0" BaseRepClassMask2="0" BaseRepClassMask3="0" BaseRepClassMask4="0" BaseRepValue1="0" BaseRepValue2="0" BaseRepValue3="0" BaseRepValue4="0" ReputationFlags1="0" ReputationFlags2="0" ReputationFlags3="0" ReputationFlags4="0" team="0" spilloverRateIn="0.0" spilloverRateOut="0.0" spilloverMaxRankIn="0" spilloverMaxRankOut="0" name="卫队" />
	<FactionEntry id="41" reputationListID="-1" BaseRepRaceMask1="0" BaseRepRaceMask2="0" BaseRepRaceMask3="0" BaseRepRaceMask4="0" BaseRepClassMask1="0" BaseRepClassMask2="0" BaseRepClassMask3="0" BaseRepClassMask4="0" BaseRepValue1="0" BaseRepValue2="0" BaseRepValue3="0" BaseRepValue4="0" ReputationFlags1="0" ReputationFlags2="0" ReputationFlags3="0" ReputationFlags4="0" team="0" spilloverRateIn="0.0" spilloverRateOut="0.0" spilloverMaxRankIn="0" spilloverMaxRankOut="0" name="荆棘谷地精" />
	<FactionEntry id="42" reputationListID="-1" BaseRepRaceMask1="0" BaseRepRaceMask2="0" BaseRepRaceMask3="0" BaseRepRaceMask4="0" BaseRepClassMask1="0" BaseRepClassMask2="0" BaseRepClassMask3="0" BaseRepClassMask4="0" BaseRepValue1="0" BaseRepValue2="0" BaseRepValue3="0" BaseRepValue4="0" ReputationFlags1="0" ReputationFlags2="0" ReputationFlags3="0" ReputationFlags4="0" team="0" spilloverRateIn="0.0" spilloverRateOut="0.0" spilloverMaxRankIn="0" spilloverMaxRankOut="0" name="迅猛龙" />
	<FactionEntry id="43" reputationListID="-1" BaseRepRaceMask1="0" BaseRepRaceMask2="0" BaseRepRaceMask3="0" BaseRepRaceMask4="0" BaseRepClassMask1="0" BaseRepClassMask2="0" BaseRepClassMask3="0" BaseRepClassMask4="0" BaseRepValue1="0" BaseRepValue2="0" BaseRepValue3="0" BaseRepValue4="0" ReputationFlags1="0" ReputationFlags2="0" ReputationFlags3="0" ReputationFlags4="0" team="0" spilloverRateIn="0.0" spilloverRateOut="0.0" spilloverMaxRankIn="0" spilloverMaxRankOut="0" name="石化蜥蜴" />
	<FactionEntry id="44" reputationListID="-1" BaseRepRaceMask1="0" BaseRepRaceMask2="0" BaseRepRaceMask3="0" BaseRepRaceMask4="0" BaseRepClassMask1="0" BaseRepClassMask2="0" BaseRepClassMask3="0" BaseRepClassMask4="0" BaseRepValue1="0" BaseRepValue2="0" BaseRepValue3="0" BaseRepValue4="0" ReputationFlags1="0" ReputationFlags2="0" ReputationFlags3="0" ReputationFlags4="0" team="0" spilloverRateIn="0.0" spilloverRateOut="0.0" spilloverMaxRankIn="0" spilloverMaxRankOut="0" name="绿龙" />
	<FactionEntry id="45" reputationListID="-1" BaseRepRaceMask1="0" BaseRepRaceMask2="0" BaseRepRaceMask3="0" BaseRepRaceMask4="0" BaseRepClassMask1="0" BaseRepClassMask2="0" BaseRepClassMask3="0" BaseRepClassMask4="0" BaseRepValue1="0" BaseRepValue2="0" BaseRepValue3="0" BaseRepValue4="0" ReputationFlags1="0" ReputationFlags2="0" ReputationFlags3="0" ReputationFlags4="0" team="0" spilloverRateIn="0.0" spilloverRateOut="0.0" spilloverMaxRankIn="0" spilloverMaxRankOut="0" name="失落者" />
	<FactionEntry id="46" reputationListID="29" BaseRepRaceMask1="255" BaseRepRaceMask2="0" BaseRepRaceMask3="0" BaseRepRaceMask4="0" BaseRepClassMask1="0" BaseRepClassMask2="0" BaseRepClassMask3="0" BaseRepClassMask4="0" BaseRepValue1="0" BaseRepValue2="0" BaseRepValue3="0" BaseRepValue4="0" ReputationFlags1="4" ReputationFlags2="0" ReputationFlags3="0" ReputationFlags4="0" team="0" spilloverRateIn="0.0" spilloverRateOut="0.0" spilloverMaxRankIn="0" spilloverMaxRankOut="0" name="斯通纳德兽人" />
	<FactionEntry id="47" reputationListID="20" BaseRepRaceMask1="73" BaseRepRaceMask2="178" BaseRepRaceMask3="4" BaseRepRaceMask4="0" BaseRepClassMask1="0" BaseRepClassMask2="0" BaseRepClassMask3="0" BaseRepClassMask4="0" BaseRepValue1="3100" BaseRepValue2="-42000" BaseRepValue3="4000" BaseRepValue4="0" ReputationFlags1="17" ReputationFlags2="6" ReputationFlags3="17" ReputationFlags4="0" team="469" spilloverRateIn="0.0" spilloverRateOut="0.0" spilloverMaxRankIn="0" spilloverMaxRankOut="0" name="铁炉堡" />
	<FactionEntry id="48" reputationListID="-1" BaseRepRaceMask1="0" BaseRepRaceMask2="0" BaseRepRaceMask3="0" BaseRepRaceMask4="0" BaseRepClassMask1="0" BaseRepClassMask2="0" BaseRepClassMask3="0" BaseRepClassMask4="0" BaseRepValue1="0" BaseRepValue2="0" BaseRepValue3="0" BaseRepValue4="0" ReputationFlags1="0" ReputationFlags2="0" ReputationFlags3="0" ReputationFlags4="0" team="0" spilloverRateIn="0.0" spilloverRateOut="0.0" spilloverMaxRankIn="0" spilloverMaxRankOut="0" name="黑铁矮人" />
	<FactionEntry id="49" reputationListID="-1" BaseRepRaceMask1="0" BaseRepRaceMask2="0" BaseRepRaceMask3="0" BaseRepRaceMask4="0" BaseRepClassMask1="0" BaseRepClassMask2="0" BaseRepClassMask3="0" BaseRepClassMask4="0" BaseRepValue1="0" BaseRepValue2="0" BaseRepValue3="0" BaseRepValue4="0" ReputationFlags1="0" ReputationFlags2="0" ReputationFlags3="0" ReputationFlags4="0" team="0" spilloverRateIn="0.0" spilloverRateOut="0.0" spilloverMaxRankIn="0" spilloverMaxRankOut="0" name="暮色森林守夜人" />
	<FactionEntry id="50" reputationListID="-1" BaseRepRaceMask1="0" BaseRepRaceMask2="0" BaseRepRaceMask3="0" BaseRepRaceMask4="0" BaseRepClassMask1="0" BaseRepClassMask2="0" BaseRepClassMask3="0" BaseRepClassMask4="0" BaseRepValue1="0" BaseRepValue2="0" BaseRepValue3="0" BaseRepValue4="0" ReputationFlags1="0" ReputationFlags2="0" ReputationFlags3="0" ReputationFlags4="0" team="0" spilloverRateIn="0.0" spilloverRateOut="0.0" spilloverMaxRankIn="0" spilloverMaxRankOut="0" name="红龙" />
	<FactionEntry id="51" reputationListID="-1" BaseRepRaceMask1="0" BaseRepRaceMask2="0" BaseRepRaceMask3="0" BaseRepRaceMask4="0" BaseRepClassMask1="0" BaseRepClassMask2="0" BaseRepClassMask3="0" BaseRepClassMask4="0" BaseRepValue1="0" BaseRepValue2="0" BaseRepValue3="0" BaseRepValue4="0" ReputationFlags1="0" ReputationFlags2="0" ReputationFlags3="0" ReputationFlags4="0" team="0" spilloverRateIn="0.0" spilloverRateOut="0.0" spilloverMaxRankIn="0" spilloverMaxRankOut="0" name="藓皮豺狼人" />
	<FactionEntry id="52" reputationListID="-1" BaseRepRaceMask1="0" BaseRepRaceMask2="0" BaseRepRaceMask3="0" BaseRepRaceMask4="0" BaseRepClassMask1="0" BaseRepClassMask2="0" BaseRepClassMask3="0" BaseRepClassMask4="0" BaseRepValue1="0" BaseRepValue2="0" BaseRepValue3="0" BaseRepValue4="0" ReputationFlags1="0" ReputationFlags2="0" ReputationFlags3="0" ReputationFlags4="0" team="0" spilloverRateIn="0.0" spilloverRateOut="0.0" spilloverMaxRankIn="0" spilloverMaxRankOut="0" name="龙喉氏族兽人" />
	<FactionEntry id="53" reputationListID="-1" BaseRepRaceMask1="0" BaseRepRaceMask2="0" BaseRepRaceMask3="0" BaseRepRaceMask4="0" BaseRepClassMask1="0" BaseRepClassMask2="0" BaseRepClassMask3="0" BaseRepClassMask4="0" BaseRepValue1="0" BaseRepValue2="0" BaseRepValue3="0" BaseRepValue4="0" ReputationFlags1="0" ReputationFlags2="0" ReputationFlags3="0" ReputationFlags4="0" team="0" spilloverRateIn="0.0" spilloverRateOut="0.0" spilloverMaxRankIn="0" spilloverMaxRankOut="0" name="疯狂侏儒" />
	<FactionEntry id="54" reputationListID="18" BaseRepRaceMask1="13" BaseRepRaceMask2="178" BaseRepRaceMask3="64" BaseRepRaceMask4="0" BaseRepClassMask1="0" BaseRepClassMask2="0" BaseRepClassMask3="0" BaseRepClassMask4="0" BaseRepValue1="3100" BaseRepValue2="-42000" BaseRepValue3="4000" BaseRepValue4="0" ReputationFlags1="17" ReputationFlags2="6" ReputationFlags3="17" ReputationFlags4="0" team="469" spilloverRateIn="0.0" spilloverRateOut="0.0" spilloverMaxRankIn="0" spilloverMaxRankOut="0" name="诺莫瑞根流亡者" />
	<FactionEntry id="55" reputationListID="-1" BaseRepRaceMask1="0" BaseRepRaceMask2="0" BaseRepRaceMask3="0" BaseRepRaceMask4="0" BaseRepClassMask1="0" BaseRepClassMask2="0" BaseRepClassMask3="0" BaseRepClassMask4="0" BaseRepValue1="0" BaseRepValue2="0" BaseRepValue3="0" BaseRepValue4="0" ReputationFlags1="0" ReputationFlags2="0" ReputationFlags3="0" ReputationFlags4="0" team="0" spilloverRateIn="0.0" spilloverRateOut="0.0" spilloverMaxRankIn="0" spilloverMaxRankOut="0" name="豹" />
	<FactionEntry id="56" reputationListID="-1" BaseRepRaceMask1="0" BaseRepRaceMask2="0" BaseRepRaceMask3="0" BaseRepRaceMask4="0" BaseRepClassMask1="0" BaseRepClassMask2="0" BaseRepClassMask3="0" BaseRepClassMask4="0" BaseRepValue1="0" BaseRepValue2="0" BaseRepValue3="0" BaseRepValue4="0" ReputationFlags1="0" ReputationFlags2="0" ReputationFlags3="0" ReputationFlags4="0" team="0" spilloverRateIn="0.0" spilloverRateOut="0.0" spilloverMaxRankIn="0" spilloverMaxRankOut="0" name="血色十字军" />
	<FactionEntry id="57" reputationListID="-1" BaseRepRaceMask1="0" BaseRepRaceMask2="0" BaseRepRaceMask3="0" BaseRepRaceMask4="0" BaseRepClassMask1="0" BaseRepClassMask2="0" BaseRepClassMask3="0" BaseRepClassMask4="0" BaseRepValue1="0" BaseRepValue2="0" BaseRepValue3="0" BaseRepValue4="0" ReputationFlags1="0" ReputationFlags2="0" ReputationFlags3="0" ReputationFlags4="0" team="0" spilloverRateIn="0.0" spilloverRateOut="0.0" spilloverMaxRankIn="0" spilloverMaxRankOut="0" name="烂皮豺狼人" />
	<FactionEntry id="58" reputationListID="-1" BaseRepRaceMask1="0" BaseRepRaceMask2="0" BaseRepRaceMask3="0" BaseRepRaceMask4="0" BaseRepClassMask1="0" BaseRepClassMask2="0" BaseRepClassMask3="0" BaseRepClassMask4="0" BaseRepValue1="0" BaseRepValue2="0" BaseRepValue3="0" BaseRepValue4="0" ReputationFlags1="0" ReputationFlags2="0" ReputationFlags3="0" ReputationFlags4="0" team="0" spilloverRateIn="0.0" spilloverRateOut="0.0" spilloverMaxRankIn="0" spilloverMaxRankOut="0" name="猩猩" />
	<FactionEntry id="59" reputationListID="4" BaseRepRaceMask1="255" BaseRepRaceMask2="0" BaseRepRaceMask3="0" BaseRepRaceMask4="0" BaseRepClassMask1="0" BaseRepClassMask2="0" BaseRepClassMask3="0" BaseRepClassMask4="0" BaseRepValue1="0" BaseRepValue2="0" BaseRepValue3="0" BaseRepValue4="0" ReputationFlags1="16" ReputationFlags2="0" ReputationFlags3="0" ReputationFlags4="0" team="0" spilloverRateIn="0.0" spilloverRateOut="0.0" spilloverMaxRankIn="0" spilloverMaxRankOut="0" name="瑟银兄弟会" />
	<FactionEntry id="60" reputationListID="-1" BaseRepRaceMask1="0" BaseRepRaceMask2="0" BaseRepRaceMask3="0" BaseRepRaceMask4="0" BaseRepClassMask1="0" BaseRepClassMask2="0" BaseRepClassMask3="0" BaseRepClassMask4="0" BaseRepValue1="0" BaseRepValue2="0" BaseRepValue3="0" BaseRepValue4="0" ReputationFlags1="0" ReputationFlags2="0" ReputationFlags3="0" ReputationFlags4="0" team="0" spilloverRateIn="0.0" spilloverRateOut="0.0" spilloverMaxRankIn="0" spilloverMaxRankOut="0" name="纳迦" />
	<FactionEntry id="61" reputationListID="-1" BaseRepRaceMask1="0" BaseRepRaceMask2="0" BaseRepRaceMask3="0" BaseRepRaceMask4="0" BaseRepClassMask1="0" BaseRepClassMask2="0" BaseRepClassMask3="0" BaseRepClassMask4="0" BaseRepValue1="0" BaseRepValue2="0" BaseRepValue3="0" BaseRepValue4="0" ReputationFlags1="0" ReputationFlags2="0" ReputationFlags3="0" ReputationFlags4="0" team="0" spilloverRateIn="0.0" spilloverRateOut="0.0" spilloverMaxRankIn="0" spilloverMaxRankOut="0" name="达拉然" />
	<FactionEntry id="62" reputationListID="-1" BaseRepRaceMask1="0" BaseRepRaceMask2="0" BaseRepRaceMask3="0" BaseRepRaceMask4="0" BaseRepClassMask1="0" BaseRepClassMask2="0" BaseRepClassMask3="0" BaseRepClassMask4="0" BaseRepValue1="0" BaseRepValue2="0" BaseRepValue3="0" BaseRepValue4="0" ReputationFlags1="0" ReputationFlags2="0" ReputationFlags3="0" ReputationFlags4="0" team="0" spilloverRateIn="0.0" spilloverRateOut="0.0" spilloverMaxRankIn="0" spilloverMaxRankOut="0" name="弃灵" />
	<FactionEntry id="63" reputationListID="-1" BaseRepRaceMask1="0" BaseRepRaceMask2="0" BaseRepRaceMask3="0" BaseRepRaceMask4="0" BaseRepClassMask1="0" BaseRepClassMask2="0" BaseRepClassMask3="0" BaseRepClassMask4="0" BaseRepValue1="0" BaseRepValue2="0" BaseRepValue3="0" BaseRepValue4="0" ReputationFlags1="0" ReputationFlags2="0" ReputationFlags3="0" ReputationFlags4="0" team="0" spilloverRateIn="0.0" spilloverRateOut="0.0" spilloverMaxRankIn="0" spilloverMaxRankOut="0" name="Darkhowl" />
	<FactionEntry id="64" reputationListID="-1" BaseRepRaceMask1="0" BaseRepRaceMask2="0" BaseRepRaceMask3="0" BaseRepRaceMask4="0" BaseRepClassMask1="0" BaseRepClassMask2="0" BaseRepClassMask3="0" BaseRepClassMask4="0" BaseRepValue1="0" BaseRepValue2="0" BaseRepValue3="0" BaseRepValue4="0" ReputationFlags1="0" ReputationFlags2="0" ReputationFlags3="0" ReputationFlags4="0" team="0" spilloverRateIn="0.0" spilloverRateOut="0.0" spilloverMaxRankIn="0" spilloverMaxRankOut="0" name="劣魔" />
	<FactionEntry id="65" reputationListID="-1" BaseRepRaceMask1="0" BaseRepRaceMask2="0" BaseRepRaceMask3="0" BaseRepRaceMask4="0" BaseRepClassMask1="0" BaseRepClassMask2="0" BaseRepClassMask3="0" BaseRepClassMask4="0" BaseRepValue1="0" BaseRepValue2="0" BaseRepValue3="0" BaseRepValue4="0" ReputationFlags1="0" ReputationFlags2="0" ReputationFlags3="0" ReputationFlags4="0" team="0" spilloverRateIn="0.0" spilloverRateOut="0.0" spilloverMaxRankIn="0" spilloverMaxRankOut="0" name="熊怪" />
	<FactionEntry id="66" reputationListID="-1" BaseRepRaceMask1="0" BaseRepRaceMask2="0" BaseRepRaceMask3="0" BaseRepRaceMask4="0" BaseRepClassMask1="0" BaseRepClassMask2="0" BaseRepClassMask3="0" BaseRepClassMask4="0" BaseRepValue1="0" BaseRepValue2="0" BaseRepValue3="0" BaseRepValue4="0" ReputationFlags1="0" ReputationFlags2="0" ReputationFlags3="0" ReputationFlags4="0" team="0" spilloverRateIn="0.0" spilloverRateOut="0.0" spilloverMaxRankIn="0" spilloverMaxRankOut="0" name="部落友军" description="家)" />
	<FactionEntry id="67" reputationListID="12" BaseRepRaceMask1="178" BaseRepRaceMask2="77" BaseRepRaceMask3="0" BaseRepRaceMask4="0" BaseRepClassMask1="0" BaseRepClassMask2="0" BaseRepClassMask3="0" BaseRepClassMask4="0" BaseRepValue1="3500" BaseRepValue2="-42000" BaseRepValue3="0" BaseRepValue4="0" ReputationFlags1="9" ReputationFlags2="14" ReputationFlags3="0" ReputationFlags4="0" team="0" spilloverRateIn="0.0" spilloverRateOut="0.0" spilloverMaxRankIn="0" spilloverMaxRankOut="0" name="部落" description="家)" />
	<FactionEntry id="68" reputationListID="17" BaseRepRaceMask1="162" BaseRepRaceMask2="77" BaseRepRaceMask3="16" BaseRepRaceMask4="0" BaseRepClassMask1="0" BaseRepClassMask2="0" BaseRepClassMask3="0" BaseRepClassMask4="0" BaseRepValue1="500" BaseRepValue2="-42000" BaseRepValue3="4000" BaseRepValue4="0" ReputationFlags1="17" ReputationFlags2="6" ReputationFlags3="17" ReputationFlags4="0" team="67" spilloverRateIn="0.0" spilloverRateOut="0.0" spilloverMaxRankIn="0" spilloverMaxRankOut="0" name="幽暗城" />
	<FactionEntry id="69" reputationListID="21" BaseRepRaceMask1="69" BaseRepRaceMask2="178" BaseRepRaceMask3="8" BaseRepRaceMask4="0" BaseRepClassMask1="0" BaseRepClassMask2="0" BaseRepClassMask3="0" BaseRepClassMask4="0" BaseRepValue1="3100" BaseRepValue2="-42000" BaseRepValue3="4000" BaseRepValue4="0" ReputationFlags1="17" ReputationFlags2="6" ReputationFlags3="17" ReputationFlags4="0" team="469" spilloverRateIn="0.0" spilloverRateOut="0.0" spilloverMaxRankIn="0" spilloverMaxRankOut="0" name="达纳苏斯" />
	<FactionEntry id="70" reputationListID="6" BaseRepRaceMask1="255" BaseRepRaceMask2="0" BaseRepRaceMask3="0" BaseRepRaceMask4="0" BaseRepClassMask1="0" BaseRepClassMask2="0" BaseRepClassMask3="0" BaseRepClassMask4="0" BaseRepValue1="-10000" BaseRepValue2="0" BaseRepValue3="0" BaseRepValue4="0" ReputationFlags1="2" ReputationFlags2="0" ReputationFlags3="0" ReputationFlags4="0" team="0" spilloverRateIn="0.0" spilloverRateOut="0.0" spilloverMaxRankIn="0" spilloverMaxRankOut="0" name="辛迪加" />
	<FactionEntry id="71" reputationListID="-1" BaseRepRaceMask1="0" BaseRepRaceMask2="0" BaseRepRaceMask3="0" BaseRepRaceMask4="0" BaseRepClassMask1="0" BaseRepClassMask2="0" BaseRepClassMask3="0" BaseRepClassMask4="0" BaseRepValue1="0" BaseRepValue2="0" BaseRepValue3="0" BaseRepValue4="0" ReputationFlags1="0" ReputationFlags2="0" ReputationFlags3="0" ReputationFlags4="0" team="0" spilloverRateIn="0.0" spilloverRateOut="0.0" spilloverMaxRankIn="0" spilloverMaxRankOut="0" name="希尔斯布莱德民兵" />
	<FactionEntry id="72" reputationListID="19" BaseRepRaceMask1="76" BaseRepRaceMask2="178" BaseRepRaceMask3="1" BaseRepRaceMask4="0" BaseRepClassMask1="0" BaseRepClassMask2="0" BaseRepClassMask3="0" BaseRepClassMask4="0" BaseRepValue1="3100" BaseRepValue2="-42000" BaseRepValue3="4000" BaseRepValue4="0" ReputationFlags1="17" ReputationFlags2="6" ReputationFlags3="17" ReputationFlags4="0" team="469" spilloverRateIn="0.0" spilloverRateOut="0.0" spilloverMaxRankIn="0" spilloverMaxRankOut="0" name="暴风城" />
	<FactionEntry id="73" reputationListID="-1" BaseRepRaceMask1="0" BaseRepRaceMask2="0" BaseRepRaceMask3="0" BaseRepRaceMask4="0" BaseRepClassMask1="0" BaseRepClassMask2="0" BaseRepClassMask3="0" BaseRepClassMask4="0" BaseRepValue1="0" BaseRepValue2="0" BaseRepValue3="0" BaseRepValue4="0" ReputationFlags1="0" ReputationFlags2="0" ReputationFlags3="0" ReputationFlags4="0" team="0" spilloverRateIn="0.0" spilloverRateOut="0.0" spilloverMaxRankIn="0" spilloverMaxRankOut="0" name="恶魔" />
	<FactionEntry id="74" reputationListID="-1" BaseRepRaceMask1="0" BaseRepRaceMask2="0" BaseRepRaceMask3="0" BaseRepRaceMask4="0" BaseRepClassMask1="0" BaseRepClassMask2="0" BaseRepClassMask3="0" BaseRepClassMask4="0" BaseRepValue1="0" BaseRepValue2="0" BaseRepValue3="0" BaseRepValue4="0" ReputationFlags1="0" ReputationFlags2="0" ReputationFlags3="0" ReputationFlags4="0" team="0" spilloverRateIn="0.0" spilloverRateOut="0.0" spilloverMaxRankIn="0" spilloverMaxRankOut="0" name="元素生物" />
	<FactionEntry id="75" reputationListID="-1" BaseRepRaceMask1="0" BaseRepRaceMask2="0" BaseRepRaceMask3="0" BaseRepRaceMask4="0" BaseRepClassMask1="0" BaseRepClassMask2="0" BaseRepClassMask3="0" BaseRepClassMask4="0" BaseRepValue1="0" BaseRepValue2="0" BaseRepValue3="0" BaseRepValue4="0" ReputationFlags1="0" ReputationFlags2="0" ReputationFlags3="0" ReputationFlags4="0" team="0" spilloverRateIn="0.0" spilloverRateOut="0.0" spilloverMaxRankIn="0" spilloverMaxRankOut="0" name="灵魂" description="家)" />
	<FactionEntry id="76" reputationListID="14" BaseRepRaceMask1="160" BaseRepRaceMask2="77" BaseRepRaceMask3="2" BaseRepRaceMask4="16" BaseRepClassMask1="0" BaseRepClassMask2="0" BaseRepClassMask3="0" BaseRepClassMask4="0" BaseRepValue1="3100" BaseRepValue2="-42000" BaseRepValue3="4000" BaseRepValue4="500" ReputationFlags1="17" ReputationFlags2="6" ReputationFlags3="17" ReputationFlags4="17" team="67" spilloverRateIn="0.0" spilloverRateOut="0.0" spilloverMaxRankIn="0" spilloverMaxRankOut="0" name="奥格瑞玛" />
	<FactionEntry id="77" reputationListID="-1" BaseRepRaceMask1="0" BaseRepRaceMask2="0" BaseRepRaceMask3="0" BaseRepRaceMask4="0" BaseRepClassMask1="0" BaseRepClassMask2="0" BaseRepClassMask3="0" BaseRepClassMask4="0" BaseRepValue1="0" BaseRepValue2="0" BaseRepValue3="0" BaseRepValue4="0" ReputationFlags1="0" ReputationFlags2="0" ReputationFlags3="0" ReputationFlags4="0" team="0" spilloverRateIn="0.0" spilloverRateOut="0.0" spilloverMaxRankIn="0" spilloverMaxRankOut="0" name="宝物" />
	<FactionEntry id="78" reputationListID="-1" BaseRepRaceMask1="0" BaseRepRaceMask2="0" BaseRepRaceMask3="0" BaseRepRaceMask4="0" BaseRepClassMask1="0" BaseRepClassMask2="0" BaseRepClassMask3="0" BaseRepClassMask4="0" BaseRepValue1="0" BaseRepValue2="0" BaseRepValue3="0" BaseRepValue4="0" ReputationFlags1="0" ReputationFlags2="0" ReputationFlags3="0" ReputationFlags4="0" team="0" spilloverRateIn="0.0" spilloverRateOut="0.0" spilloverMaxRankIn="0" spilloverMaxRankOut="0" name="泥嘴豺狼人" />
	<FactionEntry id="79" reputationListID="-1" BaseRepRaceMask1="0" BaseRepRaceMask2="0" BaseRepRaceMask3="0" BaseRepRaceMask4="0" BaseRepClassMask1="0" BaseRepClassMask2="0" BaseRepClassMask3="0" BaseRepClassMask4="0" BaseRepValue1="0" BaseRepValue2="0" BaseRepValue3="0" BaseRepValue4="0" ReputationFlags1="0" ReputationFlags2="0" ReputationFlags3="0" ReputationFlags4="0" team="0" spilloverRateIn="0.0" spilloverRateOut="0.0" spilloverMaxRankIn="0" spilloverMaxRankOut="0" name="希尔斯布莱德，南海镇" />
	<FactionEntry id="80" reputationListID="-1" BaseRepRaceMask1="0" BaseRepRaceMask2="0" BaseRepRaceMask3="0" BaseRepRaceMask4="0" BaseRepClassMask1="0" BaseRepClassMask2="0" BaseRepClassMask3="0" BaseRepClassMask4="0" BaseRepValue1="0" BaseRepValue2="0" BaseRepValue3="0" BaseRepValue4="0" ReputationFlags1="0" ReputationFlags2="0" ReputationFlags3="0" ReputationFlags4="0" team="0" spilloverRateIn="0.0" spilloverRateOut="0.0" spilloverMaxRankIn="0" spilloverMaxRankOut="0" name="黑龙" description="家)" />
	<FactionEntry id="81" reputationListID="16" BaseRepRaceMask1="130" BaseRepRaceMask2="77" BaseRepRaceMask3="16" BaseRepRaceMask4="32" BaseRepClassMask1="0" BaseRepClassMask2="0" BaseRepClassMask3="0" BaseRepClassMask4="0" BaseRepValue1="3100" BaseRepValue2="-42000" BaseRepValue3="500" BaseRepValue4="4000" ReputationFlags1="17" ReputationFlags2="6" ReputationFlags3="17" ReputationFlags4="17" team="67" spilloverRateIn="0.0" spilloverRateOut="0.0" spilloverMaxRankIn="0" spilloverMaxRankOut="0" name="雷霆崖" />
	<FactionEntry id="82" reputationListID="-1" BaseRepRaceMask1="0" BaseRepRaceMask2="0" BaseRepRaceMask3="0" BaseRepRaceMask4="0" BaseRepClassMask1="0" BaseRepClassMask2="0" BaseRepClassMask3="0" BaseRepClassMask4="0" BaseRepValue1="0" BaseRepValue2="0" BaseRepValue3="0" BaseRepValue4="0" ReputationFlags1="0" ReputationFlags2="0" ReputationFlags3="0" ReputationFlags4="0" team="0" spilloverRateIn="0.0" spilloverRateOut="0.0" spilloverMaxRankIn="0" spilloverMaxRankOut="0" name="枯木巨魔" />
	<FactionEntry id="83" reputationListID="23" BaseRepRaceMask1="255" BaseRepRaceMask2="0" BaseRepRaceMask3="0" BaseRepRaceMask4="0" BaseRepClassMask1="0" BaseRepClassMask2="0" BaseRepClassMask3="0" BaseRepClassMask4="0" BaseRepValue1="2999" BaseRepValue2="0" BaseRepValue3="0" BaseRepValue4="0" ReputationFlags1="4" ReputationFlags2="0" ReputationFlags3="0" ReputationFlags4="0" team="0" spilloverRateIn="0.0" spilloverRateOut="0.0" spilloverMaxRankIn="0" spilloverMaxRankOut="0" name="怪物 - 无组织" />
	<FactionEntry id="84" reputationListID="-1" BaseRepRaceMask1="0" BaseRepRaceMask2="0" BaseRepRaceMask3="0" BaseRepRaceMask4="0" BaseRepClassMask1="0" BaseRepClassMask2="0" BaseRepClassMask3="0" BaseRepClassMask4="0" BaseRepValue1="0" BaseRepValue2="0" BaseRepValue3="0" BaseRepValue4="0" ReputationFlags1="0" ReputationFlags2="0" ReputationFlags3="0" ReputationFlags4="0" team="0" spilloverRateIn="0.0" spilloverRateOut="0.0" spilloverMaxRankIn="0" spilloverMaxRankOut="0" name="钢鬃野猪人" />
	<FactionEntry id="85" reputationListID="-1" BaseRepRaceMask1="0" BaseRepRaceMask2="0" BaseRepRaceMask3="0" BaseRepRaceMask4="0" BaseRepClassMask1="0" BaseRepClassMask2="0" BaseRepClassMask3="0" BaseRepClassMask4="0" BaseRepValue1="0" BaseRepValue2="0" BaseRepValue3="0" BaseRepValue4="0" ReputationFlags1="0" ReputationFlags2="0" ReputationFlags3="0" ReputationFlags4="0" team="0" spilloverRateIn="0.0" spilloverRateOut="0.0" spilloverMaxRankIn="0" spilloverMaxRankOut="0" name="刺背野猪人" />
	<FactionEntry id="86" reputationListID="22" BaseRepRaceMask1="255" BaseRepRaceMask2="0" BaseRepRaceMask3="0" BaseRepRaceMask4="0" BaseRepClassMask1="0" BaseRepClassMask2="0" BaseRepClassMask3="0" BaseRepClassMask4="0" BaseRepValue1="2999" BaseRepValue2="0" BaseRepValue3="0" BaseRepValue4="0" ReputationFlags1="4" ReputationFlags2="0" ReputationFlags3="0" ReputationFlags4="0" team="0" spilloverRateIn="0.0" spilloverRateOut="0.0" spilloverMaxRankIn="0" spilloverMaxRankOut="0" name="怪物 - 有组织" />
	<FactionEntry id="87" reputationListID="0" BaseRepRaceMask1="255" BaseRepRaceMask2="0" BaseRepRaceMask3="0" BaseRepRaceMask4="0" BaseRepClassMask1="0" BaseRepClassMask2="0" BaseRepClassMask3="0" BaseRepClassMask4="0" BaseRepValue1="-6500" BaseRepValue2="0" BaseRepValue3="0" BaseRepValue4="0" ReputationFlags1="2" ReputationFlags2="0" ReputationFlags3="0" ReputationFlags4="0" team="0" spilloverRateIn="0.0" spilloverRateOut="0.0" spilloverMaxRankIn="0" spilloverMaxRankOut="0" name="血帆海盗" />
	<FactionEntry id="88" reputationListID="-1" BaseRepRaceMask1="0" BaseRepRaceMask2="0" BaseRepRaceMask3="0" BaseRepRaceMask4="0" BaseRepClassMask1="0" BaseRepClassMask2="0" BaseRepClassMask3="0" BaseRepClassMask4="0" BaseRepValue1="0" BaseRepValue2="0" BaseRepValue3="0" BaseRepValue4="0" ReputationFlags1="0" ReputationFlags2="0" ReputationFlags3="0" ReputationFlags4="0" team="0" spilloverRateIn="0.0" spilloverRateOut="0.0" spilloverMaxRankIn="0" spilloverMaxRankOut="0" name="黑暗深渊" />
	<FactionEntry id="89" reputationListID="-1" BaseRepRaceMask1="0" BaseRepRaceMask2="0" BaseRepRaceMask3="0" BaseRepRaceMask4="0" BaseRepClassMask1="0" BaseRepClassMask2="0" BaseRepClassMask3="0" BaseRepClassMask4="0" BaseRepValue1="0" BaseRepValue2="0" BaseRepValue3="0" BaseRepValue4="0" ReputationFlags1="0" ReputationFlags2="0" ReputationFlags3="0" ReputationFlags4="0" team="0" spilloverRateIn="0.0" spilloverRateOut="0.0" spilloverMaxRankIn="0" spilloverMaxRankOut="0" name="龙虾人" />
	<FactionEntry id="90" reputationListID="-1" BaseRepRaceMask1="0" BaseRepRaceMask2="0" BaseRepRaceMask3="0" BaseRepRaceMask4="0" BaseRepClassMask1="0" BaseRepClassMask2="0" BaseRepClassMask3="0" BaseRepClassMask4="0" BaseRepValue1="0" BaseRepValue2="0" BaseRepValue3="0" BaseRepValue4="0" ReputationFlags1="0" ReputationFlags2="0" ReputationFlags3="0" ReputationFlags4="0" team="0" spilloverRateIn="0.0" spilloverRateOut="0.0" spilloverMaxRankIn="0" spilloverMaxRankOut="0" name="科卡尔半人马" />
	<FactionEntry id="91" reputationListID="-1" BaseRepRaceMask1="0" BaseRepRaceMask2="0" BaseRepRaceMask3="0" BaseRepRaceMask4="0" BaseRepClassMask1="0" BaseRepClassMask2="0" BaseRepClassMask3="0" BaseRepClassMask4="0" BaseRepValue1="0" BaseRepValue2="0" BaseRepValue3="0" BaseRepValue4="0" ReputationFlags1="0" ReputationFlags2="0" ReputationFlags3="0" ReputationFlags4="0" team="0" spilloverRateIn="0.0" spilloverRateOut="0.0" spilloverMaxRankIn="0" spilloverMaxRankOut="0" name="加拉克半人马" />
	<FactionEntry id="92" reputationListID="2" BaseRepRaceMask1="255" BaseRepRaceMask2="0" BaseRepRaceMask3="0" BaseRepRaceMask4="0" BaseRepClassMask1="0" BaseRepClassMask2="0" BaseRepClassMask3="0" BaseRepClassMask4="0" BaseRepValue1="2000" BaseRepValue2="0" BaseRepValue3="0" BaseRepValue4="0" ReputationFlags1="2" ReputationFlags2="0" ReputationFlags3="0" ReputationFlags4="0" team="0" spilloverRateIn="0.0" spilloverRateOut="0.0" spilloverMaxRankIn="0" spilloverMaxRankOut="0" name="吉尔吉斯半人马" />
	<FactionEntry id="93" reputationListID="3" BaseRepRaceMask1="255" BaseRepRaceMask2="0" BaseRepRaceMask3="0" BaseRepRaceMask4="0" BaseRepClassMask1="0" BaseRepClassMask2="0" BaseRepClassMask3="0" BaseRepClassMask4="0" BaseRepValue1="2000" BaseRepValue2="0" BaseRepValue3="0" BaseRepValue4="0" ReputationFlags1="2" ReputationFlags2="0" ReputationFlags3="0" ReputationFlags4="0" team="0" spilloverRateIn="0.0" spilloverRateOut="0.0" spilloverMaxRankIn="0" spilloverMaxRankOut="0" name="玛格拉姆半人马" />
	<FactionEntry id="94" reputationListID="-1" BaseRepRaceMask1="0" BaseRepRaceMask2="0" BaseRepRaceMask3="0" BaseRepRaceMask4="0" BaseRepClassMask1="0" BaseRepClassMask2="0" BaseRepClassMask3="0" BaseRepClassMask4="0" BaseRepValue1="0" BaseRepValue2="0" BaseRepValue3="0" BaseRepValue4="0" ReputationFlags1="0" ReputationFlags2="0" ReputationFlags3="0" ReputationFlags4="0" team="0" spilloverRateIn="0.0" spilloverRateOut="0.0" spilloverMaxRankIn="0" spilloverMaxRankOut="0" name="玛洛迪" />
	<FactionEntry id="108" reputationListID="-1" BaseRepRaceMask1="0" BaseRepRaceMask2="0" BaseRepRaceMask3="0" BaseRepRaceMask4="0" BaseRepClassMask1="0" BaseRepClassMask2="0" BaseRepClassMask3="0" BaseRepClassMask4="0" BaseRepValue1="0" BaseRepValue2="0" BaseRepValue3="0" BaseRepValue4="0" ReputationFlags1="0" ReputationFlags2="0" ReputationFlags3="0" ReputationFlags4="0" team="0" spilloverRateIn="0.0" spilloverRateOut="0.0" spilloverMaxRankIn="0" spilloverMaxRankOut="0" name="塞拉摩" />
	<FactionEntry id="109" reputationListID="-1" BaseRepRaceMask1="0" BaseRepRaceMask2="0" BaseRepRaceMask3="0" BaseRepRaceMask4="0" BaseRepClassMask1="0" BaseRepClassMask2="0" BaseRepClassMask3="0" BaseRepClassMask4="0" BaseRepValue1="0" BaseRepValue2="0" BaseRepValue3="0" BaseRepValue4="0" ReputationFlags1="0" ReputationFlags2="0" ReputationFlags3="0" ReputationFlags4="0" team="0" spilloverRateIn="0.0" spilloverRateOut="0.0" spilloverMaxRankIn="0" spilloverMaxRankOut="0" name="剃刀沼泽野猪人" />
	<FactionEntry id="110" reputationListID="-1" BaseRepRaceMask1="0" BaseRepRaceMask2="0" BaseRepRaceMask3="0" BaseRepRaceMask4="0" BaseRepClassMask1="0" BaseRepClassMask2="0" BaseRepClassMask3="0" BaseRepClassMask4="0" BaseRepValue1="0" BaseRepValue2="0" BaseRepValue3="0" BaseRepValue4="0" ReputationFlags1="0" ReputationFlags2="0" ReputationFlags3="0" ReputationFlags4="0" team="0" spilloverRateIn="0.0" spilloverRateOut="0.0" spilloverMaxRankIn="0" spilloverMaxRankOut="0" name="钢鬃野猪人" />
	<FactionEntry id="111" reputationListID="-1" BaseRepRaceMask1="0" BaseRepRaceMask2="0" BaseRepRaceMask3="0" BaseRepRaceMask4="0" BaseRepClassMask1="0" BaseRepClassMask2="0" BaseRepClassMask3="0" BaseRepClassMask4="0" BaseRepValue1="0" BaseRepValue2="0" BaseRepValue3="0" BaseRepValue4="0" ReputationFlags1="0" ReputationFlags2="0" ReputationFlags3="0" ReputationFlags4="0" team="0" spilloverRateIn="0.0" spilloverRateOut="0.0" spilloverMaxRankIn="0" spilloverMaxRankOut="0" name="Quilboar, Deathshead" />
	<FactionEntry id="128" reputationListID="-1" BaseRepRaceMask1="0" BaseRepRaceMask2="0" BaseRepRaceMask3="0" BaseRepRaceMask4="0" BaseRepClassMask1="0" BaseRepClassMask2="0" BaseRepClassMask3="0" BaseRepClassMask4="0" BaseRepValue1="0" BaseRepValue2="0" BaseRepValue3="0" BaseRepValue4="0" ReputationFlags1="0" ReputationFlags2="0" ReputationFlags3="0" ReputationFlags4="0" team="0" spilloverRateIn="0.0" spilloverRateOut="0.0" spilloverMaxRankIn="0" spilloverMaxRankOut="0" name="敌人" />
	<FactionEntry id="148" reputationListID="-1" BaseRepRaceMask1="0" BaseRepRaceMask2="0" BaseRepRaceMask3="0" BaseRepRaceMask4="0" BaseRepClassMask1="0" BaseRepClassMask2="0" BaseRepClassMask3="0" BaseRepClassMask4="0" BaseRepValue1="0" BaseRepValue2="0" BaseRepValue3="0" BaseRepValue4="0" ReputationFlags1="0" ReputationFlags2="0" ReputationFlags3="0" ReputationFlags4="0" team="0" spilloverRateIn="0.0" spilloverRateOut="0.0" spilloverMaxRankIn="0" spilloverMaxRankOut="0" name="小动物" />
	<FactionEntry id="168" reputationListID="-1" BaseRepRaceMask1="0" BaseRepRaceMask2="0" BaseRepRaceMask3="0" BaseRepRaceMask4="0" BaseRepClassMask1="0" BaseRepClassMask2="0" BaseRepClassMask3="0" BaseRepClassMask4="0" BaseRepValue1="0" BaseRepValue2="0" BaseRepValue3="0" BaseRepValue4="0" ReputationFlags1="0" ReputationFlags2="0" ReputationFlags3="0" ReputationFlags4="0" team="0" spilloverRateIn="0.0" spilloverRateOut="0.0" spilloverMaxRankIn="0" spilloverMaxRankOut="0" name="奈瑟加德商队" />
	<FactionEntry id="169" reputationListID="10" BaseRepRaceMask1="255" BaseRepRaceMask2="0" BaseRepRaceMask3="0" BaseRepRaceMask4="0" BaseRepClassMask1="0" BaseRepClassMask2="0" BaseRepClassMask3="0" BaseRepClassMask4="0" BaseRepValue1="500" BaseRepValue2="0" BaseRepValue3="0" BaseRepValue4="0" ReputationFlags1="8" ReputationFlags2="0" ReputationFlags3="0" ReputationFlags4="0" team="0" spilloverRateIn="0.0" spilloverRateOut="0.0" spilloverMaxRankIn="0" spilloverMaxRankOut="0" name="热砂港" />
	<FactionEntry id="189" reputationListID="-1" BaseRepRaceMask1="0" BaseRepRaceMask2="0" BaseRepRaceMask3="0" BaseRepRaceMask4="0" BaseRepClassMask1="0" BaseRepClassMask2="0" BaseRepClassMask3="0" BaseRepClassMask4="0" BaseRepValue1="0" BaseRepValue2="0" BaseRepValue3="0" BaseRepValue4="0" ReputationFlags1="0" ReputationFlags2="0" ReputationFlags3="0" ReputationFlags4="0" team="0" spilloverRateIn="0.0" spilloverRateOut="0.0" spilloverMaxRankIn="0" spilloverMaxRankOut="0" name="联盟" />
	<FactionEntry id="209" reputationListID="-1" BaseRepRaceMask1="0" BaseRepRaceMask2="0" BaseRepRaceMask3="0" BaseRepRaceMask4="0" BaseRepClassMask1="0" BaseRepClassMask2="0" BaseRepClassMask3="0" BaseRepClassMask4="0" BaseRepValue1="0" BaseRepValue2="0" BaseRepValue3="0" BaseRepValue4="0" ReputationFlags1="0" ReputationFlags2="0" ReputationFlags3="0" ReputationFlags4="0" team="0" spilloverRateIn="0.0" spilloverRateOut="0.0" spilloverMaxRankIn="0" spilloverMaxRankOut="0" name="守望堡" />
	<FactionEntry id="229" reputationListID="-1" BaseRepRaceMask1="0" BaseRepRaceMask2="0" BaseRepRaceMask3="0" BaseRepRaceMask4="0" BaseRepClassMask1="0" BaseRepClassMask2="0" BaseRepClassMask3="0" BaseRepClassMask4="0" BaseRepValue1="0" BaseRepValue2="0" BaseRepValue3="0" BaseRepValue4="0" ReputationFlags1="0" ReputationFlags2="0" ReputationFlags3="0" ReputationFlags4="0" team="0" spilloverRateIn="0.0" spilloverRateOut="0.0" spilloverMaxRankIn="0" spilloverMaxRankOut="0" name="哀嚎洞穴" />
	<FactionEntry id="249" reputationListID="-1" BaseRepRaceMask1="0" BaseRepRaceMask2="0" BaseRepRaceMask3="0" BaseRepRaceMask4="0" BaseRepClassMask1="0" BaseRepClassMask2="0" BaseRepClassMask3="0" BaseRepClassMask4="0" BaseRepValue1="0" BaseRepValue2="0" BaseRepValue3="0" BaseRepValue4="0" ReputationFlags1="0" ReputationFlags2="0" ReputationFlags3="0" ReputationFlags4="0" team="0" spilloverRateIn="0.0" spilloverRateOut="0.0" spilloverMaxRankIn="0" spilloverMaxRankOut="0" name="异种蝎" />
	<FactionEntry id="269" reputationListID="-1" BaseRepRaceMask1="0" BaseRepRaceMask2="0" BaseRepRaceMask3="0" BaseRepRaceMask4="0" BaseRepClassMask1="0" BaseRepClassMask2="0" BaseRepClassMask3="0" BaseRepClassMask4="0" BaseRepValue1="0" BaseRepValue2="0" BaseRepValue3="0" BaseRepValue4="0" ReputationFlags1="0" ReputationFlags2="0" ReputationFlags3="0" ReputationFlags4="0" team="0" spilloverRateIn="0.0" spilloverRateOut="0.0" spilloverMaxRankIn="0" spilloverMaxRankOut="0" name="银月幸存者" />
	<FactionEntry id="270" reputationListID="51" BaseRepRaceMask1="255" BaseRepRaceMask2="0" BaseRepRaceMask3="0" BaseRepRaceMask4="0" BaseRepClassMask1="0" BaseRepClassMask2="0" BaseRepClassMask3="0" BaseRepClassMask4="0" BaseRepValue1="0" BaseRepValue2="0" BaseRepValue3="0" BaseRepValue4="0" ReputationFlags1="16" ReputationFlags2="0" ReputationFlags3="0" ReputationFlags4="0" team="0" spilloverRateIn="0.0" spilloverRateOut="0.0" spilloverMaxRankIn="0" spilloverMaxRankOut="0" name="赞达拉部族" />
	<FactionEntry id="289" reputationListID="30" BaseRepRaceMask1="255" BaseRepRaceMask2="0" BaseRepRaceMask3="0" BaseRepRaceMask4="0" BaseRepClassMask1="0" BaseRepClassMask2="0" BaseRepClassMask3="0" BaseRepClassMask4="0" BaseRepValue1="0" BaseRepValue2="0" BaseRepValue3="0" BaseRepValue4="0" ReputationFlags1="4" ReputationFlags2="0" ReputationFlags3="0" ReputationFlags4="0" team="0" spilloverRateIn="0.0" spilloverRateOut="0.0" spilloverMaxRankIn="0" spilloverMaxRankOut="0" name="黑水海盗" />
	<FactionEntry id="309" reputationListID="-1" BaseRepRaceMask1="0" BaseRepRaceMask2="0" BaseRepRaceMask3="0" BaseRepRaceMask4="0" BaseRepClassMask1="0" BaseRepClassMask2="0" BaseRepClassMask3="0" BaseRepClassMask4="0" BaseRepValue1="0" BaseRepValue2="0" BaseRepValue3="0" BaseRepValue4="0" ReputationFlags1="0" ReputationFlags2="0" ReputationFlags3="0" ReputationFlags4="0" team="0" spilloverRateIn="0.0" spilloverRateOut="0.0" spilloverMaxRankIn="0" spilloverMaxRankOut="0" name="蝎子" />
	<FactionEntry id="310" reputationListID="-1" BaseRepRaceMask1="0" BaseRepRaceMask2="0" BaseRepRaceMask3="0" BaseRepRaceMask4="0" BaseRepClassMask1="0" BaseRepClassMask2="0" BaseRepClassMask3="0" BaseRepClassMask4="0" BaseRepValue1="0" BaseRepValue2="0" BaseRepValue3="0" BaseRepValue4="0" ReputationFlags1="0" ReputationFlags2="0" ReputationFlags3="0" ReputationFlags4="0" team="0" spilloverRateIn="0.0" spilloverRateOut="0.0" spilloverMaxRankIn="0" spilloverMaxRankOut="0" name="蝙蝠" />
	<FactionEntry id="311" reputationListID="-1" BaseRepRaceMask1="0" BaseRepRaceMask2="0" BaseRepRaceMask3="0" BaseRepRaceMask4="0" BaseRepClassMask1="0" BaseRepClassMask2="0" BaseRepClassMask3="0" BaseRepClassMask4="0" BaseRepValue1="0" BaseRepValue2="0" BaseRepValue3="0" BaseRepValue4="0" ReputationFlags1="0" ReputationFlags2="0" ReputationFlags3="0" ReputationFlags4="0" team="0" spilloverRateIn="0.0" spilloverRateOut="0.0" spilloverMaxRankIn="0" spilloverMaxRankOut="0" name="泰坦" />
	<FactionEntry id="329" reputationListID="-1" BaseRepRaceMask1="0" BaseRepRaceMask2="0" BaseRepRaceMask3="0" BaseRepRaceMask4="0" BaseRepClassMask1="0" BaseRepClassMask2="0" BaseRepClassMask3="0" BaseRepClassMask4="0" BaseRepValue1="0" BaseRepValue2="0" BaseRepValue3="0" BaseRepValue4="0" ReputationFlags1="0" ReputationFlags2="0" ReputationFlags3="0" ReputationFlags4="0" team="0" spilloverRateIn="0.0" spilloverRateOut="0.0" spilloverMaxRankIn="0" spilloverMaxRankOut="0" name="工头费苏勒" />
	<FactionEntry id="349" reputationListID="5" BaseRepRaceMask1="255" BaseRepRaceMask2="0" BaseRepRaceMask3="0" BaseRepRaceMask4="0" BaseRepClassMask1="0" BaseRepClassMask2="0" BaseRepClassMask3="0" BaseRepClassMask4="0" BaseRepValue1="0" BaseRepValue2="0" BaseRepValue3="0" BaseRepValue4="0" ReputationFlags1="0" ReputationFlags2="0" ReputationFlags3="0" ReputationFlags4="0" team="0" spilloverRateIn="0.0" spilloverRateOut="0.0" spilloverMaxRankIn="0" spilloverMaxRankOut="0" name="拉文霍德" />
	<FactionEntry id="369" reputationListID="7" BaseRepRaceMask1="255" BaseRepRaceMask2="0" BaseRepRaceMask3="0" BaseRepRaceMask4="0" BaseRepClassMask1="0" BaseRepClassMask2="0" BaseRepClassMask3="0" BaseRepClassMask4="0" BaseRepValue1="500" BaseRepValue2="0" BaseRepValue3="0" BaseRepValue4="0" ReputationFlags1="0" ReputationFlags2="0" ReputationFlags3="0" ReputationFlags4="0" team="169" spilloverRateIn="0.0" spilloverRateOut="0.0" spilloverMaxRankIn="0" spilloverMaxRankOut="0" name="加基森" />
	<FactionEntry id="389" reputationListID="-1" BaseRepRaceMask1="0" BaseRepRaceMask2="0" BaseRepRaceMask3="0" BaseRepRaceMask4="0" BaseRepClassMask1="0" BaseRepClassMask2="0" BaseRepClassMask3="0" BaseRepClassMask4="0" BaseRepValue1="0" BaseRepValue2="0" BaseRepValue3="0" BaseRepValue4="0" ReputationFlags1="0" ReputationFlags2="0" ReputationFlags3="0" ReputationFlags4="0" team="0" spilloverRateIn="0.0" spilloverRateOut="0.0" spilloverMaxRankIn="0" spilloverMaxRankOut="0" name="Gnomeregan Bug" />
	<FactionEntry id="409" reputationListID="-1" BaseRepRaceMask1="0" BaseRepRaceMask2="0" BaseRepRaceMask3="0" BaseRepRaceMask4="0" BaseRepClassMask1="0" BaseRepClassMask2="0" BaseRepClassMask3="0" BaseRepClassMask4="0" BaseRepValue1="0" BaseRepValue2="0" BaseRepValue3="0" BaseRepValue4="0" ReputationFlags1="0" ReputationFlags2="0" ReputationFlags3="0" ReputationFlags4="0" team="0" spilloverRateIn="0.0" spilloverRateOut="0.0" spilloverMaxRankIn="0" spilloverMaxRankOut="0" name="鹰身人" />
	<FactionEntry id="429" reputationListID="-1" BaseRepRaceMask1="0" BaseRepRaceMask2="0" BaseRepRaceMask3="0" BaseRepRaceMask4="0" BaseRepClassMask1="0" BaseRepClassMask2="0" BaseRepClassMask3="0" BaseRepClassMask4="0" BaseRepValue1="0" BaseRepValue2="0" BaseRepValue3="0" BaseRepValue4="0" ReputationFlags1="0" ReputationFlags2="0" ReputationFlags3="0" ReputationFlags4="0" team="0" spilloverRateIn="0.0" spilloverRateOut="0.0" spilloverMaxRankIn="0" spilloverMaxRankOut="0" name="火刃氏族" />
	<FactionEntry id="449" reputationListID="-1" BaseRepRaceMask1="0" BaseRepRaceMask2="0" BaseRepRaceMask3="0" BaseRepRaceMask4="0" BaseRepClassMask1="0" BaseRepClassMask2="0" BaseRepClassMask3="0" BaseRepClassMask4="0" BaseRepValue1="0" BaseRepValue2="0" BaseRepValue3="0" BaseRepValue4="0" ReputationFlags1="0" ReputationFlags2="0" ReputationFlags3="0" ReputationFlags4="0" team="0" spilloverRateIn="0.0" spilloverRateOut="0.0" spilloverMaxRankIn="0" spilloverMaxRankOut="0" name="暗影蛛丝偷猎者" />
	<FactionEntry id="450" reputationListID="-1" BaseRepRaceMask1="0" BaseRepRaceMask2="0" BaseRepRaceMask3="0" BaseRepRaceMask4="0" BaseRepClassMask1="0" BaseRepClassMask2="0" BaseRepClassMask3="0" BaseRepClassMask4="0" BaseRepValue1="0" BaseRepValue2="0" BaseRepValue3="0" BaseRepValue4="0" ReputationFlags1="0" ReputationFlags2="0" ReputationFlags3="0" ReputationFlags4="0" team="0" spilloverRateIn="0.0" spilloverRateOut="0.0" spilloverMaxRankIn="0" spilloverMaxRankOut="0" name="Searing Spider" />
	<FactionEntry id="469" reputationListID="11" BaseRepRaceMask1="77" BaseRepRaceMask2="178" BaseRepRaceMask3="0" BaseRepRaceMask4="0" BaseRepClassMask1="0" BaseRepClassMask2="0" BaseRepClassMask3="0" BaseRepClassMask4="0" BaseRepValue1="3300" BaseRepValue2="-42000" BaseRepValue3="0" BaseRepValue4="0" ReputationFlags1="9" ReputationFlags2="14" ReputationFlags3="0" ReputationFlags4="0" team="0" spilloverRateIn="0.0" spilloverRateOut="0.0" spilloverMaxRankIn="0" spilloverMaxRankOut="0" name="联盟" />
	<FactionEntry id="470" reputationListID="9" BaseRepRaceMask1="255" BaseRepRaceMask2="0" BaseRepRaceMask3="0" BaseRepRaceMask4="0" BaseRepClassMask1="0" BaseRepClassMask2="0" BaseRepClassMask3="0" BaseRepClassMask4="0" BaseRepValue1="500" BaseRepValue2="0" BaseRepValue3="0" BaseRepValue4="0" ReputationFlags1="0" ReputationFlags2="0" ReputationFlags3="0" ReputationFlags4="0" team="169" spilloverRateIn="0.0" spilloverRateOut="0.0" spilloverMaxRankIn="0" spilloverMaxRankOut="0" name="棘齿城" />
	<FactionEntry id="471" reputationListID="8" BaseRepRaceMask1="73" BaseRepRaceMask2="178" BaseRepRaceMask3="4" BaseRepRaceMask4="0" BaseRepClassMask1="0" BaseRepClassMask2="0" BaseRepClassMask3="0" BaseRepClassMask4="0" BaseRepValue1="150" BaseRepValue2="-42000" BaseRepValue3="500" BaseRepValue4="0" ReputationFlags1="16" ReputationFlags2="22" ReputationFlags3="0" ReputationFlags4="0" team="0" spilloverRateIn="0.0" spilloverRateOut="0.0" spilloverMaxRankIn="0" spilloverMaxRankOut="0" name="蛮锤部族" />
	<FactionEntry id="489" reputationListID="-1" BaseRepRaceMask1="0" BaseRepRaceMask2="0" BaseRepRaceMask3="0" BaseRepRaceMask4="0" BaseRepClassMask1="0" BaseRepClassMask2="0" BaseRepClassMask3="0" BaseRepClassMask4="0" BaseRepValue1="0" BaseRepValue2="0" BaseRepValue3="0" BaseRepValue4="0" ReputationFlags1="0" ReputationFlags2="0" ReputationFlags3="0" ReputationFlags4="0" team="0" spilloverRateIn="0.0" spilloverRateOut="0.0" spilloverMaxRankIn="0" spilloverMaxRankOut="0" name="Goblin, Dark Iron Bar Patron" />
	<FactionEntry id="509" reputationListID="53" BaseRepRaceMask1="77" BaseRepRaceMask2="178" BaseRepRaceMask3="0" BaseRepRaceMask4="0" BaseRepClassMask1="0" BaseRepClassMask2="0" BaseRepClassMask3="0" BaseRepClassMask4="0" BaseRepValue1="0" BaseRepValue2="-42000" BaseRepValue3="0" BaseRepValue4="0" ReputationFlags1="16" ReputationFlags2="2" ReputationFlags3="0" ReputationFlags4="0" team="891" spilloverRateIn="0.0" spilloverRateOut="0.0" spilloverMaxRankIn="0" spilloverMaxRankOut="0" name="阿拉索联军" description="家)" />
	<FactionEntry id="510" reputationListID="52" BaseRepRaceMask1="178" BaseRepRaceMask2="77" BaseRepRaceMask3="0" BaseRepRaceMask4="0" BaseRepClassMask1="0" BaseRepClassMask2="0" BaseRepClassMask3="0" BaseRepClassMask4="0" BaseRepValue1="0" BaseRepValue2="-42000" BaseRepValue3="0" BaseRepValue4="0" ReputationFlags1="16" ReputationFlags2="2" ReputationFlags3="0" ReputationFlags4="0" team="892" spilloverRateIn="0.0" spilloverRateOut="0.0" spilloverMaxRankIn="0" spilloverMaxRankOut="0" name="污染者" />
	<FactionEntry id="511" reputationListID="-1" BaseRepRaceMask1="0" BaseRepRaceMask2="0" BaseRepRaceMask3="0" BaseRepRaceMask4="0" BaseRepClassMask1="0" BaseRepClassMask2="0" BaseRepClassMask3="0" BaseRepClassMask4="0" BaseRepValue1="0" BaseRepValue2="0" BaseRepValue3="0" BaseRepValue4="0" ReputationFlags1="0" ReputationFlags2="0" ReputationFlags3="0" ReputationFlags4="0" team="0" spilloverRateIn="0.0" spilloverRateOut="0.0" spilloverMaxRankIn="0" spilloverMaxRankOut="0" name="巨人" />
	<FactionEntry id="529" reputationListID="13" BaseRepRaceMask1="255" BaseRepRaceMask2="0" BaseRepRaceMask3="0" BaseRepRaceMask4="0" BaseRepClassMask1="0" BaseRepClassMask2="0" BaseRepClassMask3="0" BaseRepClassMask4="0" BaseRepValue1="200" BaseRepValue2="0" BaseRepValue3="0" BaseRepValue4="0" ReputationFlags1="0" ReputationFlags2="0" ReputationFlags3="0" ReputationFlags4="0" team="0" spilloverRateIn="0.0" spilloverRateOut="0.0" spilloverMaxRankIn="0" spilloverMaxRankOut="0" name="银色黎明" description="家)" />
	<FactionEntry id="530" reputationListID="15" BaseRepRaceMask1="34" BaseRepRaceMask2="77" BaseRepRaceMask3="16" BaseRepRaceMask4="128" BaseRepClassMask1="0" BaseRepClassMask2="0" BaseRepClassMask3="0" BaseRepClassMask4="0" BaseRepValue1="3100" BaseRepValue2="-42000" BaseRepValue3="500" BaseRepValue4="4000" ReputationFlags1="17" ReputationFlags2="6" ReputationFlags3="17" ReputationFlags4="17" team="67" spilloverRateIn="0.0" spilloverRateOut="0.0" spilloverMaxRankIn="0" spilloverMaxRankOut="0" name="暗矛巨魔" />
	<FactionEntry id="531" reputationListID="-1" BaseRepRaceMask1="0" BaseRepRaceMask2="0" BaseRepRaceMask3="0" BaseRepRaceMask4="0" BaseRepClassMask1="0" BaseRepClassMask2="0" BaseRepClassMask3="0" BaseRepClassMask4="0" BaseRepValue1="0" BaseRepValue2="0" BaseRepValue3="0" BaseRepValue4="0" ReputationFlags1="0" ReputationFlags2="0" ReputationFlags3="0" ReputationFlags4="0" team="0" spilloverRateIn="0.0" spilloverRateOut="0.0" spilloverMaxRankIn="0" spilloverMaxRankOut="0" name="青铜龙军团" />
	<FactionEntry id="532" reputationListID="-1" BaseRepRaceMask1="0" BaseRepRaceMask2="0" BaseRepRaceMask3="0" BaseRepRaceMask4="0" BaseRepClassMask1="0" BaseRepClassMask2="0" BaseRepClassMask3="0" BaseRepClassMask4="0" BaseRepValue1="0" BaseRepValue2="0" BaseRepValue3="0" BaseRepValue4="0" ReputationFlags1="0" ReputationFlags2="0" ReputationFlags3="0" ReputationFlags4="0" team="0" spilloverRateIn="0.0" spilloverRateOut="0.0" spilloverMaxRankIn="0" spilloverMaxRankOut="0" name="蓝龙军团" />
	<FactionEntry id="549" reputationListID="24" BaseRepRaceMask1="255" BaseRepRaceMask2="0" BaseRepRaceMask3="0" BaseRepRaceMask4="0" BaseRepClassMask1="0" BaseRepClassMask2="0" BaseRepClassMask3="0" BaseRepClassMask4="0" BaseRepValue1="2999" BaseRepValue2="0" BaseRepValue3="0" BaseRepValue4="0" ReputationFlags1="4" ReputationFlags2="0" ReputationFlags3="0" ReputationFlags4="0" team="0" spilloverRateIn="0.0" spilloverRateOut="0.0" spilloverMaxRankIn="0" spilloverMaxRankOut="0" name=" Leatherworking - Tribal" />
	<FactionEntry id="550" reputationListID="26" BaseRepRaceMask1="255" BaseRepRaceMask2="0" BaseRepRaceMask3="0" BaseRepRaceMask4="0" BaseRepClassMask1="0" BaseRepClassMask2="0" BaseRepClassMask3="0" BaseRepClassMask4="0" BaseRepValue1="2999" BaseRepValue2="0" BaseRepValue3="0" BaseRepValue4="0" ReputationFlags1="4" ReputationFlags2="0" ReputationFlags3="0" ReputationFlags4="0" team="0" spilloverRateIn="0.0" spilloverRateOut="0.0" spilloverMaxRankIn="0" spilloverMaxRankOut="0" name=" Engineering - Goblin" />
	<FactionEntry id="551" reputationListID="25" BaseRepRaceMask1="255" BaseRepRaceMask2="0" BaseRepRaceMask3="0" BaseRepRaceMask4="0" BaseRepClassMask1="0" BaseRepClassMask2="0" BaseRepClassMask3="0" BaseRepClassMask4="0" BaseRepValue1="2999" BaseRepValue2="0" BaseRepValue3="0" BaseRepValue4="0" ReputationFlags1="4" ReputationFlags2="0" ReputationFlags3="0" ReputationFlags4="0" team="0" spilloverRateIn="0.0" spilloverRateOut="0.0" spilloverMaxRankIn="0" spilloverMaxRankOut="0" name=" Engineering - Gnome" />
	<FactionEntry id="569" reputationListID="33" BaseRepRaceMask1="255" BaseRepRaceMask2="0" BaseRepRaceMask3="0" BaseRepRaceMask4="0" BaseRepClassMask1="0" BaseRepClassMask2="0" BaseRepClassMask3="0" BaseRepClassMask4="0" BaseRepValue1="0" BaseRepValue2="0" BaseRepValue3="0" BaseRepValue4="0" ReputationFlags1="4" ReputationFlags2="0" ReputationFlags3="0" ReputationFlags4="0" team="0" spilloverRateIn="0.0" spilloverRateOut="0.0" spilloverMaxRankIn="0" spilloverMaxRankOut="0" name=" Blacksmithing - Hammersmithing" />
	<FactionEntry id="570" reputationListID="31" BaseRepRaceMask1="255" BaseRepRaceMask2="0" BaseRepRaceMask3="0" BaseRepRaceMask4="0" BaseRepClassMask1="0" BaseRepClassMask2="0" BaseRepClassMask3="0" BaseRepClassMask4="0" BaseRepValue1="0" BaseRepValue2="0" BaseRepValue3="0" BaseRepValue4="0" ReputationFlags1="4" ReputationFlags2="0" ReputationFlags3="0" ReputationFlags4="0" team="0" spilloverRateIn="0.0" spilloverRateOut="0.0" spilloverMaxRankIn="0" spilloverMaxRankOut="0" name=" Blacksmithing - Axesmithing" />
	<FactionEntry id="571" reputationListID="32" BaseRepRaceMask1="255" BaseRepRaceMask2="0" BaseRepRaceMask3="0" BaseRepRaceMask4="0" BaseRepClassMask1="0" BaseRepClassMask2="0" BaseRepClassMask3="0" BaseRepClassMask4="0" BaseRepValue1="0" BaseRepValue2="0" BaseRepValue3="0" BaseRepValue4="0" ReputationFlags1="4" ReputationFlags2="0" ReputationFlags3="0" ReputationFlags4="0" team="0" spilloverRateIn="0.0" spilloverRateOut="0.0" spilloverMaxRankIn="0" spilloverMaxRankOut="0" name=" Blacksmithing - Swordsmithing" />
	<FactionEntry id="572" reputationListID="-1" BaseRepRaceMask1="0" BaseRepRaceMask2="0" BaseRepRaceMask3="0" BaseRepRaceMask4="0" BaseRepClassMask1="0" BaseRepClassMask2="0" BaseRepClassMask3="0" BaseRepClassMask4="0" BaseRepValue1="0" BaseRepValue2="0" BaseRepValue3="0" BaseRepValue4="0" ReputationFlags1="0" ReputationFlags2="0" ReputationFlags3="0" ReputationFlags4="0" team="0" spilloverRateIn="0.0" spilloverRateOut="0.0" spilloverMaxRankIn="0" spilloverMaxRankOut="0" name="邪枝巨魔" />
	<FactionEntry id="573" reputationListID="-1" BaseRepRaceMask1="0" BaseRepRaceMask2="0" BaseRepRaceMask3="0" BaseRepRaceMask4="0" BaseRepClassMask1="0" BaseRepClassMask2="0" BaseRepClassMask3="0" BaseRepClassMask4="0" BaseRepValue1="0" BaseRepValue2="0" BaseRepValue3="0" BaseRepValue4="0" ReputationFlags1="0" ReputationFlags2="0" ReputationFlags3="0" ReputationFlags4="0" team="0" spilloverRateIn="0.0" spilloverRateOut="0.0" spilloverMaxRankIn="0" spilloverMaxRankOut="0" name="南海海盗" />
	<FactionEntry id="574" reputationListID="34" BaseRepRaceMask1="255" BaseRepRaceMask2="0" BaseRepRaceMask3="0" BaseRepRaceMask4="0" BaseRepClassMask1="0" BaseRepClassMask2="0" BaseRepClassMask3="0" BaseRepClassMask4="0" BaseRepValue1="0" BaseRepValue2="0" BaseRepValue3="0" BaseRepValue4="0" ReputationFlags1="4" ReputationFlags2="0" ReputationFlags3="0" ReputationFlags4="0" team="0" spilloverRateIn="0.0" spilloverRateOut="0.0" spilloverMaxRankIn="0" spilloverMaxRankOut="0" name="凯尔达隆" />
	<FactionEntry id="575" reputationListID="-1" BaseRepRaceMask1="0" BaseRepRaceMask2="0" BaseRepRaceMask3="0" BaseRepRaceMask4="0" BaseRepClassMask1="0" BaseRepClassMask2="0" BaseRepClassMask3="0" BaseRepClassMask4="0" BaseRepValue1="0" BaseRepValue2="0" BaseRepValue3="0" BaseRepValue4="0" ReputationFlags1="0" ReputationFlags2="0" ReputationFlags3="0" ReputationFlags4="0" team="0" spilloverRateIn="0.0" spilloverRateOut="0.0" spilloverMaxRankIn="0" spilloverMaxRankOut="0" name="未堕落的熊怪" />
	<FactionEntry id="576" reputationListID="35" BaseRepRaceMask1="255" BaseRepRaceMask2="0" BaseRepRaceMask3="0" BaseRepRaceMask4="0" BaseRepClassMask1="0" BaseRepClassMask2="0" BaseRepClassMask3="0" BaseRepClassMask4="0" BaseRepValue1="-3500" BaseRepValue2="0" BaseRepValue3="0" BaseRepValue4="0" ReputationFlags1="2" ReputationFlags2="0" ReputationFlags3="0" ReputationFlags4="0" team="0" spilloverRateIn="0.0" spilloverRateOut="0.0" spilloverMaxRankIn="0" spilloverMaxRankOut="0" name="木喉要塞" />
	<FactionEntry id="577" reputationListID="28" BaseRepRaceMask1="255" BaseRepRaceMask2="0" BaseRepRaceMask3="0" BaseRepRaceMask4="0" BaseRepClassMask1="0" BaseRepClassMask2="0" BaseRepClassMask3="0" BaseRepClassMask4="0" BaseRepValue1="500" BaseRepValue2="0" BaseRepValue3="0" BaseRepValue4="0" ReputationFlags1="0" ReputationFlags2="0" ReputationFlags3="0" ReputationFlags4="0" team="169" spilloverRateIn="0.0" spilloverRateOut="0.0" spilloverMaxRankIn="0" spilloverMaxRankOut="0" name="永望镇" description="家)" />
	<FactionEntry id="589" reputationListID="27" BaseRepRaceMask1="178" BaseRepRaceMask2="77" BaseRepRaceMask3="0" BaseRepRaceMask4="0" BaseRepClassMask1="0" BaseRepClassMask2="0" BaseRepClassMask3="0" BaseRepClassMask4="0" BaseRepValue1="-42000" BaseRepValue2="0" BaseRepValue3="0" BaseRepValue4="0" ReputationFlags1="6" ReputationFlags2="0" ReputationFlags3="0" ReputationFlags4="0" team="0" spilloverRateIn="0.0" spilloverRateOut="0.0" spilloverMaxRankIn="0" spilloverMaxRankOut="0" name="冬刃豹训练师" />
	<FactionEntry id="609" reputationListID="36" BaseRepRaceMask1="255" BaseRepRaceMask2="40" BaseRepRaceMask3="0" BaseRepRaceMask4="0" BaseRepClassMask1="479" BaseRepClassMask2="1024" BaseRepClassMask3="0" BaseRepClassMask4="0" BaseRepValue1="0" BaseRepValue2="2000" BaseRepValue3="0" BaseRepValue4="0" ReputationFlags1="0" ReputationFlags2="0" ReputationFlags3="0" ReputationFlags4="0" team="0" spilloverRateIn="0.0" spilloverRateOut="0.0" spilloverMaxRankIn="0" spilloverMaxRankOut="0" name="塞纳里奥议会" />
	<FactionEntry id="629" reputationListID="37" BaseRepRaceMask1="255" BaseRepRaceMask2="0" BaseRepRaceMask3="0" BaseRepRaceMask4="0" BaseRepClassMask1="0" BaseRepClassMask2="0" BaseRepClassMask3="0" BaseRepClassMask4="0" BaseRepValue1="500" BaseRepValue2="0" BaseRepValue3="0" BaseRepValue4="0" ReputationFlags1="0" ReputationFlags2="0" ReputationFlags3="0" ReputationFlags4="0" team="0" spilloverRateIn="0.0" spilloverRateOut="0.0" spilloverMaxRankIn="0" spilloverMaxRankOut="0" name="断矛巨魔" description="家)" />
	<FactionEntry id="630" reputationListID="38" BaseRepRaceMask1="178" BaseRepRaceMask2="77" BaseRepRaceMask3="0" BaseRepRaceMask4="0" BaseRepClassMask1="0" BaseRepClassMask2="0" BaseRepClassMask3="0" BaseRepClassMask4="0" BaseRepValue1="0" BaseRepValue2="-42000" BaseRepValue3="0" BaseRepValue4="0" ReputationFlags1="0" ReputationFlags2="0" ReputationFlags3="0" ReputationFlags4="0" team="0" spilloverRateIn="0.0" spilloverRateOut="0.0" spilloverMaxRankIn="0" spilloverMaxRankOut="0" name="暴掠龙训练师" />
	<FactionEntry id="649" reputationListID="-1" BaseRepRaceMask1="0" BaseRepRaceMask2="0" BaseRepRaceMask3="0" BaseRepRaceMask4="0" BaseRepClassMask1="0" BaseRepClassMask2="0" BaseRepClassMask3="0" BaseRepClassMask4="0" BaseRepValue1="0" BaseRepValue2="0" BaseRepValue3="0" BaseRepValue4="0" ReputationFlags1="0" ReputationFlags2="0" ReputationFlags3="0" ReputationFlags4="0" team="0" spilloverRateIn="0.0" spilloverRateOut="0.0" spilloverMaxRankIn="0" spilloverMaxRankOut="0" name="管理者埃克索图斯" />
	<FactionEntry id="669" reputationListID="-1" BaseRepRaceMask1="0" BaseRepRaceMask2="0" BaseRepRaceMask3="0" BaseRepRaceMask4="0" BaseRepClassMask1="0" BaseRepClassMask2="0" BaseRepClassMask3="0" BaseRepClassMask4="0" BaseRepValue1="0" BaseRepValue2="0" BaseRepValue3="0" BaseRepValue4="0" ReputationFlags1="0" ReputationFlags2="0" ReputationFlags3="0" ReputationFlags4="0" team="0" spilloverRateIn="0.0" spilloverRateOut="0.0" spilloverMaxRankIn="0" spilloverMaxRankOut="0" name="Beast - Carrion Bird" />
	<FactionEntry id="670" reputationListID="-1" BaseRepRaceMask1="0" BaseRepRaceMask2="0" BaseRepRaceMask3="0" BaseRepRaceMask4="0" BaseRepClassMask1="0" BaseRepClassMask2="0" BaseRepClassMask3="0" BaseRepClassMask4="0" BaseRepValue1="0" BaseRepValue2="0" BaseRepValue3="0" BaseRepValue4="0" ReputationFlags1="0" ReputationFlags2="0" ReputationFlags3="0" ReputationFlags4="0" team="0" spilloverRateIn="0.0" spilloverRateOut="0.0" spilloverMaxRankIn="0" spilloverMaxRankOut="0" name="Beast - Cat" />
	<FactionEntry id="671" reputationListID="-1" BaseRepRaceMask1="0" BaseRepRaceMask2="0" BaseRepRaceMask3="0" BaseRepRaceMask4="0" BaseRepClassMask1="0" BaseRepClassMask2="0" BaseRepClassMask3="0" BaseRepClassMask4="0" BaseRepValue1="0" BaseRepValue2="0" BaseRepValue3="0" BaseRepValue4="0" ReputationFlags1="0" ReputationFlags2="0" ReputationFlags3="0" ReputationFlags4="0" team="0" spilloverRateIn="0.0" spilloverRateOut="0.0" spilloverMaxRankIn="0" spilloverMaxRankOut="0" name="Beast - Crab" />
	<FactionEntry id="672" reputationListID="-1" BaseRepRaceMask1="0" BaseRepRaceMask2="0" BaseRepRaceMask3="0" BaseRepRaceMask4="0" BaseRepClassMask1="0" BaseRepClassMask2="0" BaseRepClassMask3="0" BaseRepClassMask4="0" BaseRepValue1="0" BaseRepValue2="0" BaseRepValue3="0" BaseRepValue4="0" ReputationFlags1="0" ReputationFlags2="0" ReputationFlags3="0" ReputationFlags4="0" team="0" spilloverRateIn="0.0" spilloverRateOut="0.0" spilloverMaxRankIn="0" spilloverMaxRankOut="0" name="Beast - Crocilisk" />
	<FactionEntry id="673" reputationListID="-1" BaseRepRaceMask1="0" BaseRepRaceMask2="0" BaseRepRaceMask3="0" BaseRepRaceMask4="0" BaseRepClassMask1="0" BaseRepClassMask2="0" BaseRepClassMask3="0" BaseRepClassMask4="0" BaseRepValue1="0" BaseRepValue2="0" BaseRepValue3="0" BaseRepValue4="0" ReputationFlags1="0" ReputationFlags2="0" ReputationFlags3="0" ReputationFlags4="0" team="0" spilloverRateIn="0.0" spilloverRateOut="0.0" spilloverMaxRankIn="0" spilloverMaxRankOut="0" name="Beast - Hyena" />
	<FactionEntry id="674" reputationListID="-1" BaseRepRaceMask1="0" BaseRepRaceMask2="0" BaseRepRaceMask3="0" BaseRepRaceMask4="0" BaseRepClassMask1="0" BaseRepClassMask2="0" BaseRepClassMask3="0" BaseRepClassMask4="0" BaseRepValue1="0" BaseRepValue2="0" BaseRepValue3="0" BaseRepValue4="0" ReputationFlags1="0" ReputationFlags2="0" ReputationFlags3="0" ReputationFlags4="0" team="0" spilloverRateIn="0.0" spilloverRateOut="0.0" spilloverMaxRankIn="0" spilloverMaxRankOut="0" name="Beast - Owl" />
	<FactionEntry id="675" reputationListID="-1" BaseRepRaceMask1="0" BaseRepRaceMask2="0" BaseRepRaceMask3="0" BaseRepRaceMask4="0" BaseRepClassMask1="0" BaseRepClassMask2="0" BaseRepClassMask3="0" BaseRepClassMask4="0" BaseRepValue1="0" BaseRepValue2="0" BaseRepValue3="0" BaseRepValue4="0" ReputationFlags1="0" ReputationFlags2="0" ReputationFlags3="0" ReputationFlags4="0" team="0" spilloverRateIn="0.0" spilloverRateOut="0.0" spilloverMaxRankIn="0" spilloverMaxRankOut="0" name="Beast - Scorpid" />
	<FactionEntry id="676" reputationListID="-1" BaseRepRaceMask1="0" BaseRepRaceMask2="0" BaseRepRaceMask3="0" BaseRepRaceMask4="0" BaseRepClassMask1="0" BaseRepClassMask2="0" BaseRepClassMask3="0" BaseRepClassMask4="0" BaseRepValue1="0" BaseRepValue2="0" BaseRepValue3="0" BaseRepValue4="0" ReputationFlags1="0" ReputationFlags2="0" ReputationFlags3="0" ReputationFlags4="0" team="0" spilloverRateIn="0.0" spilloverRateOut="0.0" spilloverMaxRankIn="0" spilloverMaxRankOut="0" name="Beast - Tallstrider" />
	<FactionEntry id="677" reputationListID="-1" BaseRepRaceMask1="0" BaseRepRaceMask2="0" BaseRepRaceMask3="0" BaseRepRaceMask4="0" BaseRepClassMask1="0" BaseRepClassMask2="0" BaseRepClassMask3="0" BaseRepClassMask4="0" BaseRepValue1="0" BaseRepValue2="0" BaseRepValue3="0" BaseRepValue4="0" ReputationFlags1="0" ReputationFlags2="0" ReputationFlags3="0" ReputationFlags4="0" team="0" spilloverRateIn="0.0" spilloverRateOut="0.0" spilloverMaxRankIn="0" spilloverMaxRankOut="0" name="Beast - Turtle" />
	<FactionEntry id="678" reputationListID="-1" BaseRepRaceMask1="0" BaseRepRaceMask2="0" BaseRepRaceMask3="0" BaseRepRaceMask4="0" BaseRepClassMask1="0" BaseRepClassMask2="0" BaseRepClassMask3="0" BaseRepClassMask4="0" BaseRepValue1="0" BaseRepValue2="0" BaseRepValue3="0" BaseRepValue4="0" ReputationFlags1="0" ReputationFlags2="0" ReputationFlags3="0" ReputationFlags4="0" team="0" spilloverRateIn="0.0" spilloverRateOut="0.0" spilloverMaxRankIn="0" spilloverMaxRankOut="0" name="Beast - Wind Serpent" />
	<FactionEntry id="679" reputationListID="-1" BaseRepRaceMask1="0" BaseRepRaceMask2="0" BaseRepRaceMask3="0" BaseRepRaceMask4="0" BaseRepClassMask1="0" BaseRepClassMask2="0" BaseRepClassMask3="0" BaseRepClassMask4="0" BaseRepValue1="0" BaseRepValue2="0" BaseRepValue3="0" BaseRepValue4="0" ReputationFlags1="0" ReputationFlags2="0" ReputationFlags3="0" ReputationFlags4="0" team="0" spilloverRateIn="0.0" spilloverRateOut="0.0" spilloverMaxRankIn="0" spilloverMaxRankOut="0" name="Training Dummy" />
	<FactionEntry id="689" reputationListID="-1" BaseRepRaceMask1="0" BaseRepRaceMask2="0" BaseRepRaceMask3="0" BaseRepRaceMask4="0" BaseRepClassMask1="0" BaseRepClassMask2="0" BaseRepClassMask3="0" BaseRepClassMask4="0" BaseRepValue1="0" BaseRepValue2="0" BaseRepValue3="0" BaseRepValue4="0" ReputationFlags1="0" ReputationFlags2="0" ReputationFlags3="0" ReputationFlags4="0" team="0" spilloverRateIn="0.0" spilloverRateOut="0.0" spilloverMaxRankIn="0" spilloverMaxRankOut="0" name="Dragonflight, Black - Bait" />
	<FactionEntry id="709" reputationListID="39" BaseRepRaceMask1="255" BaseRepRaceMask2="0" BaseRepRaceMask3="0" BaseRepRaceMask4="0" BaseRepClassMask1="0" BaseRepClassMask2="0" BaseRepClassMask3="0" BaseRepClassMask4="0" BaseRepValue1="0" BaseRepValue2="0" BaseRepValue3="0" BaseRepValue4="0" ReputationFlags1="20" ReputationFlags2="0" ReputationFlags3="0" ReputationFlags4="0" team="0" spilloverRateIn="0.0" spilloverRateOut="0.0" spilloverMaxRankIn="0" spilloverMaxRankOut="0" name="Battleground Neutral" description="家)" />
	<FactionEntry id="729" reputationListID="41" BaseRepRaceMask1="178" BaseRepRaceMask2="77" BaseRepRaceMask3="0" BaseRepRaceMask4="0" BaseRepClassMask1="0" BaseRepClassMask2="0" BaseRepClassMask3="0" BaseRepClassMask4="0" BaseRepValue1="0" BaseRepValue2="-42000" BaseRepValue3="0" BaseRepValue4="0" ReputationFlags1="16" ReputationFlags2="2" ReputationFlags3="0" ReputationFlags4="0" team="892" spilloverRateIn="0.0" spilloverRateOut="0.0" spilloverMaxRankIn="0" spilloverMaxRankOut="0" name="霜狼氏族" />
	<FactionEntry id="730" reputationListID="40" BaseRepRaceMask1="77" BaseRepRaceMask2="178" BaseRepRaceMask3="0" BaseRepRaceMask4="0" BaseRepClassMask1="0" BaseRepClassMask2="0" BaseRepClassMask3="0" BaseRepClassMask4="0" BaseRepValue1="0" BaseRepValue2="-42000" BaseRepValue3="0" BaseRepValue4="0" ReputationFlags1="16" ReputationFlags2="2" ReputationFlags3="0" ReputationFlags4="0" team="891" spilloverRateIn="0.0" spilloverRateOut="0.0" spilloverMaxRankIn="0" spilloverMaxRankOut="0" name="雷矛卫队" />
	<FactionEntry id="749" reputationListID="42" BaseRepRaceMask1="255" BaseRepRaceMask2="0" BaseRepRaceMask3="0" BaseRepRaceMask4="0" BaseRepClassMask1="0" BaseRepClassMask2="0" BaseRepClassMask3="0" BaseRepClassMask4="0" BaseRepValue1="0" BaseRepValue2="0" BaseRepValue3="0" BaseRepValue4="0" ReputationFlags1="0" ReputationFlags2="0" ReputationFlags3="0" ReputationFlags4="0" team="0" spilloverRateIn="0.0" spilloverRateOut="0.0" spilloverMaxRankIn="0" spilloverMaxRankOut="0" name="海达希亚水元素" />
	<FactionEntry id="750" reputationListID="-1" BaseRepRaceMask1="0" BaseRepRaceMask2="0" BaseRepRaceMask3="0" BaseRepRaceMask4="0" BaseRepClassMask1="0" BaseRepClassMask2="0" BaseRepClassMask3="0" BaseRepClassMask4="0" BaseRepValue1="0" BaseRepValue2="0" BaseRepValue3="0" BaseRepValue4="0" ReputationFlags1="0" ReputationFlags2="0" ReputationFlags3="0" ReputationFlags4="0" team="0" spilloverRateIn="0.0" spilloverRateOut="0.0" spilloverMaxRankIn="0" spilloverMaxRankOut="0" name="萨弗隆火元素" />
	<FactionEntry id="769" reputationListID="-1" BaseRepRaceMask1="0" BaseRepRaceMask2="0" BaseRepRaceMask3="0" BaseRepRaceMask4="0" BaseRepClassMask1="0" BaseRepClassMask2="0" BaseRepClassMask3="0" BaseRepClassMask4="0" BaseRepValue1="0" BaseRepValue2="0" BaseRepValue3="0" BaseRepValue4="0" ReputationFlags1="0" ReputationFlags2="0" ReputationFlags3="0" ReputationFlags4="0" team="0" spilloverRateIn="0.0" spilloverRateOut="0.0" spilloverMaxRankIn="0" spilloverMaxRankOut="0" name="吉兹洛克的假人" />
	<FactionEntry id="770" reputationListID="-1" BaseRepRaceMask1="0" BaseRepRaceMask2="0" BaseRepRaceMask3="0" BaseRepRaceMask4="0" BaseRepClassMask1="0" BaseRepClassMask2="0" BaseRepClassMask3="0" BaseRepClassMask4="0" BaseRepValue1="0" BaseRepValue2="0" BaseRepValue3="0" BaseRepValue4="0" ReputationFlags1="0" ReputationFlags2="0" ReputationFlags3="0" ReputationFlags4="0" team="0" spilloverRateIn="0.0" spilloverRateOut="0.0" spilloverMaxRankIn="0" spilloverMaxRankOut="0" name="Gizlock&apos;s Charm" />
	<FactionEntry id="771" reputationListID="-1" BaseRepRaceMask1="0" BaseRepRaceMask2="0" BaseRepRaceMask3="0" BaseRepRaceMask4="0" BaseRepClassMask1="0" BaseRepClassMask2="0" BaseRepClassMask3="0" BaseRepClassMask4="0" BaseRepValue1="0" BaseRepValue2="0" BaseRepValue3="0" BaseRepValue4="0" ReputationFlags1="0" ReputationFlags2="0" ReputationFlags3="0" ReputationFlags4="0" team="0" spilloverRateIn="0.0" spilloverRateOut="0.0" spilloverMaxRankIn="0" spilloverMaxRankOut="0" name="吉兹洛克" />
	<FactionEntry id="789" reputationListID="43" BaseRepRaceMask1="255" BaseRepRaceMask2="0" BaseRepRaceMask3="0" BaseRepRaceMask4="0" BaseRepClassMask1="0" BaseRepClassMask2="0" BaseRepClassMask3="0" BaseRepClassMask4="0" BaseRepValue1="0" BaseRepValue2="0" BaseRepValue3="0" BaseRepValue4="0" ReputationFlags1="16" ReputationFlags2="0" ReputationFlags3="0" ReputationFlags4="0" team="0" spilloverRateIn="0.0" spilloverRateOut="0.0" spilloverMaxRankIn="0" spilloverMaxRankOut="0" name="莫洛加" />
	<FactionEntry id="790" reputationListID="-1" BaseRepRaceMask1="0" BaseRepRaceMask2="0" BaseRepRaceMask3="0" BaseRepRaceMask4="0" BaseRepClassMask1="0" BaseRepClassMask2="0" BaseRepClassMask3="0" BaseRepClassMask4="0" BaseRepValue1="0" BaseRepValue2="0" BaseRepValue3="0" BaseRepValue4="0" ReputationFlags1="0" ReputationFlags2="0" ReputationFlags3="0" ReputationFlags4="0" team="0" spilloverRateIn="0.0" spilloverRateOut="0.0" spilloverMaxRankIn="0" spilloverMaxRankOut="0" name="Spirit Guide - Alliance" />
	<FactionEntry id="809" reputationListID="44" BaseRepRaceMask1="255" BaseRepRaceMask2="0" BaseRepRaceMask3="0" BaseRepRaceMask4="0" BaseRepClassMask1="0" BaseRepClassMask2="0" BaseRepClassMask3="0" BaseRepClassMask4="0" BaseRepValue1="0" BaseRepValue2="0" BaseRepValue3="0" BaseRepValue4="0" ReputationFlags1="16" ReputationFlags2="0" ReputationFlags3="0" ReputationFlags4="0" team="0" spilloverRateIn="0.0" spilloverRateOut="0.0" spilloverMaxRankIn="0" spilloverMaxRankOut="0" name="辛德拉" />
	<FactionEntry id="829" reputationListID="-1" BaseRepRaceMask1="0" BaseRepRaceMask2="0" BaseRepRaceMask3="0" BaseRepRaceMask4="0" BaseRepClassMask1="0" BaseRepClassMask2="0" BaseRepClassMask3="0" BaseRepClassMask4="0" BaseRepValue1="0" BaseRepValue2="0" BaseRepValue3="0" BaseRepValue4="0" ReputationFlags1="0" ReputationFlags2="0" ReputationFlags3="0" ReputationFlags4="0" team="0" spilloverRateIn="0.0" spilloverRateOut="0.0" spilloverMaxRankIn="0" spilloverMaxRankOut="0" name="Ogre (Captain Kromcrush)" />
	<FactionEntry id="849" reputationListID="-1" BaseRepRaceMask1="0" BaseRepRaceMask2="0" BaseRepRaceMask3="0" BaseRepRaceMask4="0" BaseRepClassMask1="0" BaseRepClassMask2="0" BaseRepClassMask3="0" BaseRepClassMask4="0" BaseRepValue1="0" BaseRepValue2="0" BaseRepValue3="0" BaseRepValue4="0" ReputationFlags1="0" ReputationFlags2="0" ReputationFlags3="0" ReputationFlags4="0" team="0" spilloverRateIn="0.0" spilloverRateOut="0.0" spilloverMaxRankIn="0" spilloverMaxRankOut="0" name="Spirit Guide - Horde" />
	<FactionEntry id="869" reputationListID="-1" BaseRepRaceMask1="0" BaseRepRaceMask2="0" BaseRepRaceMask3="0" BaseRepRaceMask4="0" BaseRepClassMask1="0" BaseRepClassMask2="0" BaseRepClassMask3="0" BaseRepClassMask4="0" BaseRepValue1="0" BaseRepValue2="0" BaseRepValue3="0" BaseRepValue4="0" ReputationFlags1="0" ReputationFlags2="0" ReputationFlags3="0" ReputationFlags4="0" team="0" spilloverRateIn="0.0" spilloverRateOut="0.0" spilloverMaxRankIn="0" spilloverMaxRankOut="0" name="加德纳尔" description="家)" />
	<FactionEntry id="889" reputationListID="46" BaseRepRaceMask1="178" BaseRepRaceMask2="77" BaseRepRaceMask3="0" BaseRepRaceMask4="0" BaseRepClassMask1="0" BaseRepClassMask2="0" BaseRepClassMask3="0" BaseRepClassMask4="0" BaseRepValue1="0" BaseRepValue2="-42000" BaseRepValue3="0" BaseRepValue4="0" ReputationFlags1="16" ReputationFlags2="6" ReputationFlags3="0" ReputationFlags4="0" team="892" spilloverRateIn="0.0" spilloverRateOut="0.0" spilloverMaxRankIn="0" spilloverMaxRankOut="0" name="战歌氏族" />
	<FactionEntry id="890" reputationListID="45" BaseRepRaceMask1="77" BaseRepRaceMask2="178" BaseRepRaceMask3="0" BaseRepRaceMask4="0" BaseRepClassMask1="0" BaseRepClassMask2="0" BaseRepClassMask3="0" BaseRepClassMask4="0" BaseRepValue1="0" BaseRepValue2="-42000" BaseRepValue3="0" BaseRepValue4="0" ReputationFlags1="16" ReputationFlags2="6" ReputationFlags3="0" ReputationFlags4="0" team="891" spilloverRateIn="0.0" spilloverRateOut="0.0" spilloverMaxRankIn="0" spilloverMaxRankOut="0" name="银翼要塞" />
	<FactionEntry id="891" reputationListID="47" BaseRepRaceMask1="77" BaseRepRaceMask2="178" BaseRepRaceMask3="0" BaseRepRaceMask4="0" BaseRepClassMask1="0" BaseRepClassMask2="0" BaseRepClassMask3="0" BaseRepClassMask4="0" BaseRepValue1="0" BaseRepValue2="-42000" BaseRepValue3="0" BaseRepValue4="0" ReputationFlags1="24" ReputationFlags2="14" ReputationFlags3="0" ReputationFlags4="0" team="0" spilloverRateIn="0.0" spilloverRateOut="0.0" spilloverMaxRankIn="0" spilloverMaxRankOut="0" name="联盟部队" description="家)" />
	<FactionEntry id="892" reputationListID="48" BaseRepRaceMask1="178" BaseRepRaceMask2="77" BaseRepRaceMask3="0" BaseRepRaceMask4="0" BaseRepClassMask1="0" BaseRepClassMask2="0" BaseRepClassMask3="0" BaseRepClassMask4="0" BaseRepValue1="0" BaseRepValue2="-42000" BaseRepValue3="0" BaseRepValue4="0" ReputationFlags1="24" ReputationFlags2="14" ReputationFlags3="0" ReputationFlags4="0" team="0" spilloverRateIn="0.0" spilloverRateOut="0.0" spilloverMaxRankIn="0" spilloverMaxRankOut="0" name="部落军队" />
	<FactionEntry id="893" reputationListID="-1" BaseRepRaceMask1="0" BaseRepRaceMask2="0" BaseRepRaceMask3="0" BaseRepRaceMask4="0" BaseRepClassMask1="0" BaseRepClassMask2="0" BaseRepClassMask3="0" BaseRepClassMask4="0" BaseRepValue1="0" BaseRepValue2="0" BaseRepValue3="0" BaseRepValue4="0" ReputationFlags1="0" ReputationFlags2="0" ReputationFlags3="0" ReputationFlags4="0" team="0" spilloverRateIn="0.0" spilloverRateOut="0.0" spilloverMaxRankIn="0" spilloverMaxRankOut="0" name="恶齿巨魔" />
	<FactionEntry id="909" reputationListID="50" BaseRepRaceMask1="255" BaseRepRaceMask2="0" BaseRepRaceMask3="0" BaseRepRaceMask4="0" BaseRepClassMask1="0" BaseRepClassMask2="0" BaseRepClassMask3="0" BaseRepClassMask4="0" BaseRepValue1="0" BaseRepValue2="0" BaseRepValue3="0" BaseRepValue4="0" ReputationFlags1="16" ReputationFlags2="0" ReputationFlags3="0" ReputationFlags4="0" team="0" spilloverRateIn="0.0" spilloverRateOut="0.0" spilloverMaxRankIn="0" spilloverMaxRankOut="0" name="暗月马戏团" />
	<FactionEntry id="910" reputationListID="54" BaseRepRaceMask1="255" BaseRepRaceMask2="0" BaseRepRaceMask3="0" BaseRepRaceMask4="0" BaseRepClassMask1="0" BaseRepClassMask2="0" BaseRepClassMask3="0" BaseRepClassMask4="0" BaseRepValue1="-42000" BaseRepValue2="0" BaseRepValue3="0" BaseRepValue4="0" ReputationFlags1="0" ReputationFlags2="0" ReputationFlags3="0" ReputationFlags4="0" team="0" spilloverRateIn="0.0" spilloverRateOut="0.0" spilloverMaxRankIn="0" spilloverMaxRankOut="0" name="诺兹多姆的子嗣" />
	<FactionEntry id="912" reputationListID="-1" BaseRepRaceMask1="0" BaseRepRaceMask2="0" BaseRepRaceMask3="0" BaseRepRaceMask4="0" BaseRepClassMask1="0" BaseRepClassMask2="0" BaseRepClassMask3="0" BaseRepClassMask4="0" BaseRepValue1="0" BaseRepValue2="0" BaseRepValue3="0" BaseRepValue4="0" ReputationFlags1="0" ReputationFlags2="0" ReputationFlags3="0" ReputationFlags4="0" team="0" spilloverRateIn="0.0" spilloverRateOut="0.0" spilloverMaxRankIn="0" spilloverMaxRankOut="0" name="卡利姆多联军" />
	<FactionEntry id="915" reputationListID="-1" BaseRepRaceMask1="0" BaseRepRaceMask2="0" BaseRepRaceMask3="0" BaseRepRaceMask4="0" BaseRepClassMask1="0" BaseRepClassMask2="0" BaseRepClassMask3="0" BaseRepClassMask4="0" BaseRepValue1="0" BaseRepValue2="0" BaseRepValue3="0" BaseRepValue4="0" ReputationFlags1="0" ReputationFlags2="0" ReputationFlags3="0" ReputationFlags4="0" team="0" spilloverRateIn="0.0" spilloverRateOut="0.0" spilloverMaxRankIn="0" spilloverMaxRankOut="0" name="克苏恩的军队" />
	<FactionEntry id="916" reputationListID="-1" BaseRepRaceMask1="0" BaseRepRaceMask2="0" BaseRepRaceMask3="0" BaseRepRaceMask4="0" BaseRepClassMask1="0" BaseRepClassMask2="0" BaseRepClassMask3="0" BaseRepClassMask4="0" BaseRepValue1="0" BaseRepValue2="0" BaseRepValue3="0" BaseRepValue4="0" ReputationFlags1="0" ReputationFlags2="0" ReputationFlags3="0" ReputationFlags4="0" team="0" spilloverRateIn="0.0" spilloverRateOut="0.0" spilloverMaxRankIn="0" spilloverMaxRankOut="0" name="异种虫类" />
	<FactionEntry id="917" reputationListID="-1" BaseRepRaceMask1="0" BaseRepRaceMask2="0" BaseRepRaceMask3="0" BaseRepRaceMask4="0" BaseRepClassMask1="0" BaseRepClassMask2="0" BaseRepClassMask3="0" BaseRepClassMask4="0" BaseRepValue1="0" BaseRepValue2="0" BaseRepValue3="0" BaseRepValue4="0" ReputationFlags1="0" ReputationFlags2="0" ReputationFlags3="0" ReputationFlags4="0" team="0" spilloverRateIn="0.0" spilloverRateOut="0.0" spilloverMaxRankIn="0" spilloverMaxRankOut="0" name="铁炉堡军团" />
	<FactionEntry id="918" reputationListID="-1" BaseRepRaceMask1="0" BaseRepRaceMask2="0" BaseRepRaceMask3="0" BaseRepRaceMask4="0" BaseRepClassMask1="0" BaseRepClassMask2="0" BaseRepClassMask3="0" BaseRepClassMask4="0" BaseRepValue1="0" BaseRepValue2="0" BaseRepValue3="0" BaseRepValue4="0" ReputationFlags1="0" ReputationFlags2="0" ReputationFlags3="0" ReputationFlags4="0" team="0" spilloverRateIn="0.0" spilloverRateOut="0.0" spilloverMaxRankIn="0" spilloverMaxRankOut="0" name="RC Enemies" />
	<FactionEntry id="919" reputationListID="-1" BaseRepRaceMask1="0" BaseRepRaceMask2="0" BaseRepRaceMask3="0" BaseRepRaceMask4="0" BaseRepClassMask1="0" BaseRepClassMask2="0" BaseRepClassMask3="0" BaseRepClassMask4="0" BaseRepValue1="0" BaseRepValue2="0" BaseRepValue3="0" BaseRepValue4="0" ReputationFlags1="0" ReputationFlags2="0" ReputationFlags3="0" ReputationFlags4="0" team="0" spilloverRateIn="0.0" spilloverRateOut="0.0" spilloverMaxRankIn="0" spilloverMaxRankOut="0" name="RC Objects" />
	<FactionEntry id="920" reputationListID="-1" BaseRepRaceMask1="0" BaseRepRaceMask2="0" BaseRepRaceMask3="0" BaseRepRaceMask4="0" BaseRepClassMask1="0" BaseRepClassMask2="0" BaseRepClassMask3="0" BaseRepClassMask4="0" BaseRepValue1="0" BaseRepValue2="0" BaseRepValue3="0" BaseRepValue4="0" ReputationFlags1="0" ReputationFlags2="0" ReputationFlags3="0" ReputationFlags4="0" team="0" spilloverRateIn="0.0" spilloverRateOut="0.0" spilloverMaxRankIn="0" spilloverMaxRankOut="0" name="红" />
	<FactionEntry id="921" reputationListID="-1" BaseRepRaceMask1="0" BaseRepRaceMask2="0" BaseRepRaceMask3="0" BaseRepRaceMask4="0" BaseRepClassMask1="0" BaseRepClassMask2="0" BaseRepClassMask3="0" BaseRepClassMask4="0" BaseRepValue1="0" BaseRepValue2="0" BaseRepValue3="0" BaseRepValue4="0" ReputationFlags1="0" ReputationFlags2="0" ReputationFlags3="0" ReputationFlags4="0" team="0" spilloverRateIn="0.0" spilloverRateOut="0.0" spilloverMaxRankIn="0" spilloverMaxRankOut="0" name="蓝" />
	<FactionEntry id="928" reputationListID="-1" BaseRepRaceMask1="0" BaseRepRaceMask2="0" BaseRepRaceMask3="0" BaseRepRaceMask4="0" BaseRepClassMask1="0" BaseRepClassMask2="0" BaseRepClassMask3="0" BaseRepClassMask4="0" BaseRepValue1="0" BaseRepValue2="0" BaseRepValue3="0" BaseRepValue4="0" ReputationFlags1="0" ReputationFlags2="0" ReputationFlags3="0" ReputationFlags4="0" team="0" spilloverRateIn="0.0" spilloverRateOut="0.0" spilloverMaxRankIn="0" spilloverMaxRankOut="0" name="天灾入侵者" />
	<FactionEntry id="931" reputationListID="-1" BaseRepRaceMask1="0" BaseRepRaceMask2="0" BaseRepRaceMask3="0" BaseRepRaceMask4="0" BaseRepClassMask1="0" BaseRepClassMask2="0" BaseRepClassMask3="0" BaseRepClassMask4="0" BaseRepValue1="0" BaseRepValue2="0" BaseRepValue3="0" BaseRepValue4="0" ReputationFlags1="0" ReputationFlags2="0" ReputationFlags3="0" ReputationFlags4="0" team="0" spilloverRateIn="0.0" spilloverRateOut="0.0" spilloverMaxRankIn="0" spilloverMaxRankOut="0" name="Test Faction (not a real faction)" />
	<FactionEntry id="950" reputationListID="-1" BaseRepRaceMask1="0" BaseRepRaceMask2="0" BaseRepRaceMask3="0" BaseRepRaceMask4="0" BaseRepClassMask1="0" BaseRepClassMask2="0" BaseRepClassMask3="0" BaseRepClassMask4="0" BaseRepValue1="0" BaseRepValue2="0" BaseRepValue3="0" BaseRepValue4="0" ReputationFlags1="0" ReputationFlags2="0" ReputationFlags3="0" ReputationFlags4="0" team="0" spilloverRateIn="0.0" spilloverRateOut="0.0" spilloverMaxRankIn="0" spilloverMaxRankOut="0" name="ToWoW - Flag" />
	<FactionEntry id="951" reputationListID="-1" BaseRepRaceMask1="0" BaseRepRaceMask2="0" BaseRepRaceMask3="0" BaseRepRaceMask4="0" BaseRepClassMask1="0" BaseRepClassMask2="0" BaseRepClassMask3="0" BaseRepClassMask4="0" BaseRepValue1="0" BaseRepValue2="0" BaseRepValue3="0" BaseRepValue4="0" ReputationFlags1="0" ReputationFlags2="0" ReputationFlags3="0" ReputationFlags4="0" team="0" spilloverRateIn="0.0" spilloverRateOut="0.0" spilloverMaxRankIn="0" spilloverMaxRankOut="0" name="ToWoW - Flag Trigger Alliance (DND)" />
	<FactionEntry id="954" reputationListID="-1" BaseRepRaceMask1="0" BaseRepRaceMask2="0" BaseRepRaceMask3="0" BaseRepRaceMask4="0" BaseRepClassMask1="0" BaseRepClassMask2="0" BaseRepClassMask3="0" BaseRepClassMask4="0" BaseRepValue1="0" BaseRepValue2="0" BaseRepValue3="0" BaseRepValue4="0" ReputationFlags1="0" ReputationFlags2="0" ReputationFlags3="0" ReputationFlags4="0" team="0" spilloverRateIn="0.0" spilloverRateOut="0.0" spilloverMaxRankIn="0" spilloverMaxRankOut="0" name="ToWoW - Flag Trigger Horde (DND)" />
</FactionEntryList>