<?xml version="1.0" encoding="UTF-8" standalone="yes"?>
<LockEntryList>
	<LockEntry id="2" Type1="2" Type2="2" Type3="2" Type4="0" Type5="0" Type6="0" Type7="0" Type8="0" Index1="1" Index2="5" Index3="6" Index4="0" Index5="0" Index6="0" Index7="0" Index8="0" Skill1="25" Skill2="0" Skill3="0" Skill4="0" Skill5="0" Skill6="0" Skill7="0" Skill8="0" Action1="1" Action2="0" Action3="0" Action4="0" Action5="0" Action6="0" Action7="0" Action8="0" />
	<LockEntry id="4" Type1="2" Type2="2" Type3="2" Type4="0" Type5="0" Type6="0" Type7="0" Type8="0" Index1="1" Index2="5" Index3="6" Index4="0" Index5="0" Index6="0" Index7="0" Index8="0" Skill1="50" Skill2="0" Skill3="0" Skill4="0" Skill5="0" Skill6="0" Skill7="0" Skill8="0" Action1="1" Action2="0" Action3="0" Action4="0" Action5="0" Action6="0" Action7="0" Action8="0" />
	<LockEntry id="5" Type1="0" Type2="2" Type3="2" Type4="2" Type5="0" Type6="0" Type7="0" Type8="0" Index1="0" Index2="1" Index3="5" Index4="6" Index5="0" Index6="0" Index7="0" Index8="0" Skill1="0" Skill2="1" Skill3="0" Skill4="0" Skill5="0" Skill6="0" Skill7="0" Skill8="0" Action1="0" Action2="1" Action3="0" Action4="0" Action5="0" Action6="0" Action7="0" Action8="0" />
	<LockEntry id="8" Type1="2" Type2="0" Type3="0" Type4="0" Type5="0" Type6="0" Type7="0" Type8="0" Index1="2" Index2="0" Index3="0" Index4="0" Index5="0" Index6="0" Index7="0" Index8="0" Skill1="25" Skill2="0" Skill3="0" Skill4="0" Skill5="0" Skill6="0" Skill7="0" Skill8="0" Action1="0" Action2="0" Action3="0" Action4="0" Action5="0" Action6="0" Action7="0" Action8="0" />
	<LockEntry id="9" Type1="2" Type2="0" Type3="0" Type4="0" Type5="0" Type6="0" Type7="0" Type8="0" Index1="2" Index2="0" Index3="0" Index4="0" Index5="0" Index6="0" Index7="0" Index8="0" Skill1="50" Skill2="0" Skill3="0" Skill4="0" Skill5="0" Skill6="0" Skill7="0" Skill8="0" Action1="0" Action2="0" Action3="0" Action4="0" Action5="0" Action6="0" Action7="0" Action8="0" />
	<LockEntry id="10" Type1="2" Type2="0" Type3="0" Type4="0" Type5="0" Type6="0" Type7="0" Type8="0" Index1="2" Index2="0" Index3="0" Index4="0" Index5="0" Index6="0" Index7="0" Index8="0" Skill1="75" Skill2="0" Skill3="0" Skill4="0" Skill5="0" Skill6="0" Skill7="0" Skill8="0" Action1="0" Action2="0" Action3="0" Action4="0" Action5="0" Action6="0" Action7="0" Action8="0" />
	<LockEntry id="11" Type1="2" Type2="0" Type3="0" Type4="0" Type5="0" Type6="0" Type7="0" Type8="0" Index1="2" Index2="0" Index3="0" Index4="0" Index5="0" Index6="0" Index7="0" Index8="0" Skill1="100" Skill2="0" Skill3="0" Skill4="0" Skill5="0" Skill6="0" Skill7="0" Skill8="0" Action1="0" Action2="0" Action3="0" Action4="0" Action5="0" Action6="0" Action7="0" Action8="0" />
	<LockEntry id="12" Type1="2" Type2="0" Type3="0" Type4="0" Type5="0" Type6="0" Type7="0" Type8="0" Index1="4" Index2="0" Index3="0" Index4="0" Index5="0" Index6="0" Index7="0" Index8="0" Skill1="0" Skill2="0" Skill3="0" Skill4="0" Skill5="0" Skill6="0" Skill7="0" Skill8="0" Action1="0" Action2="0" Action3="0" Action4="0" Action5="0" Action6="0" Action7="0" Action8="0" />
	<LockEntry id="13" Type1="0" Type2="2" Type3="0" Type4="0" Type5="0" Type6="0" Type7="0" Type8="0" Index1="0" Index2="4" Index3="0" Index4="0" Index5="0" Index6="0" Index7="0" Index8="0" Skill1="0" Skill2="50" Skill3="0" Skill4="0" Skill5="0" Skill6="0" Skill7="0" Skill8="0" Action1="0" Action2="0" Action3="0" Action4="0" Action5="0" Action6="0" Action7="0" Action8="0" />
	<LockEntry id="14" Type1="0" Type2="0" Type3="0" Type4="0" Type5="0" Type6="0" Type7="0" Type8="0" Index1="0" Index2="0" Index3="0" Index4="0" Index5="0" Index6="0" Index7="0" Index8="0" Skill1="0" Skill2="0" Skill3="0" Skill4="0" Skill5="0" Skill6="0" Skill7="0" Skill8="0" Action1="0" Action2="0" Action3="0" Action4="0" Action5="0" Action6="0" Action7="0" Action8="0" />
	<LockEntry id="15" Type1="1" Type2="0" Type3="0" Type4="0" Type5="0" Type6="0" Type7="0" Type8="0" Index1="2629" Index2="0" Index3="0" Index4="0" Index5="0" Index6="0" Index7="0" Index8="0" Skill1="0" Skill2="0" Skill3="0" Skill4="0" Skill5="0" Skill6="0" Skill7="0" Skill8="0" Action1="0" Action2="0" Action3="0" Action4="0" Action5="0" Action6="0" Action7="0" Action8="0" />
	<LockEntry id="17" Type1="2" Type2="2" Type3="2" Type4="0" Type5="0" Type6="0" Type7="0" Type8="0" Index1="1" Index2="5" Index3="6" Index4="0" Index5="0" Index6="0" Index7="0" Index8="0" Skill1="75" Skill2="0" Skill3="0" Skill4="0" Skill5="0" Skill6="0" Skill7="0" Skill8="0" Action1="1" Action2="0" Action3="0" Action4="0" Action5="0" Action6="0" Action7="0" Action8="0" />
	<LockEntry id="18" Type1="2" Type2="0" Type3="0" Type4="0" Type5="0" Type6="0" Type7="0" Type8="0" Index1="3" Index2="0" Index3="0" Index4="0" Index5="0" Index6="0" Index7="0" Index8="0" Skill1="25" Skill2="0" Skill3="0" Skill4="0" Skill5="0" Skill6="0" Skill7="0" Skill8="0" Action1="0" Action2="0" Action3="0" Action4="0" Action5="0" Action6="0" Action7="0" Action8="0" />
	<LockEntry id="19" Type1="2" Type2="0" Type3="0" Type4="0" Type5="0" Type6="0" Type7="0" Type8="0" Index1="3" Index2="0" Index3="0" Index4="0" Index5="0" Index6="0" Index7="0" Index8="0" Skill1="50" Skill2="0" Skill3="0" Skill4="0" Skill5="0" Skill6="0" Skill7="0" Skill8="0" Action1="0" Action2="0" Action3="0" Action4="0" Action5="0" Action6="0" Action7="0" Action8="0" />
	<LockEntry id="20" Type1="2" Type2="0" Type3="0" Type4="0" Type5="0" Type6="0" Type7="0" Type8="0" Index1="3" Index2="0" Index3="0" Index4="0" Index5="0" Index6="0" Index7="0" Index8="0" Skill1="75" Skill2="0" Skill3="0" Skill4="0" Skill5="0" Skill6="0" Skill7="0" Skill8="0" Action1="0" Action2="0" Action3="0" Action4="0" Action5="0" Action6="0" Action7="0" Action8="0" />
	<LockEntry id="21" Type1="2" Type2="0" Type3="0" Type4="0" Type5="0" Type6="0" Type7="0" Type8="0" Index1="3" Index2="0" Index3="0" Index4="0" Index5="0" Index6="0" Index7="0" Index8="0" Skill1="100" Skill2="0" Skill3="0" Skill4="0" Skill5="0" Skill6="0" Skill7="0" Skill8="0" Action1="0" Action2="0" Action3="0" Action4="0" Action5="0" Action6="0" Action7="0" Action8="0" />
	<LockEntry id="22" Type1="2" Type2="0" Type3="0" Type4="0" Type5="0" Type6="0" Type7="0" Type8="0" Index1="3" Index2="0" Index3="0" Index4="0" Index5="0" Index6="0" Index7="0" Index8="0" Skill1="125" Skill2="0" Skill3="0" Skill4="0" Skill5="0" Skill6="0" Skill7="0" Skill8="0" Action1="0" Action2="0" Action3="0" Action4="0" Action5="0" Action6="0" Action7="0" Action8="0" />
	<LockEntry id="23" Type1="0" Type2="2" Type3="2" Type4="2" Type5="0" Type6="0" Type7="0" Type8="0" Index1="0" Index2="1" Index3="5" Index4="6" Index5="0" Index6="0" Index7="0" Index8="0" Skill1="0" Skill2="25" Skill3="0" Skill4="0" Skill5="0" Skill6="0" Skill7="0" Skill8="0" Action1="0" Action2="1" Action3="0" Action4="0" Action5="0" Action6="0" Action7="0" Action8="0" />
	<LockEntry id="24" Type1="0" Type2="2" Type3="2" Type4="2" Type5="0" Type6="0" Type7="0" Type8="0" Index1="0" Index2="1" Index3="5" Index4="6" Index5="0" Index6="0" Index7="0" Index8="0" Skill1="0" Skill2="70" Skill3="0" Skill4="0" Skill5="0" Skill6="0" Skill7="0" Skill8="0" Action1="0" Action2="1" Action3="0" Action4="0" Action5="0" Action6="0" Action7="0" Action8="0" />
	<LockEntry id="25" Type1="2" Type2="0" Type3="0" Type4="0" Type5="0" Type6="0" Type7="0" Type8="0" Index1="3" Index2="0" Index3="0" Index4="0" Index5="0" Index6="0" Index7="0" Index8="0" Skill1="150" Skill2="0" Skill3="0" Skill4="0" Skill5="0" Skill6="0" Skill7="0" Skill8="0" Action1="0" Action2="0" Action3="0" Action4="0" Action5="0" Action6="0" Action7="0" Action8="0" />
	<LockEntry id="26" Type1="2" Type2="0" Type3="0" Type4="0" Type5="0" Type6="0" Type7="0" Type8="0" Index1="2" Index2="0" Index3="0" Index4="0" Index5="0" Index6="0" Index7="0" Index8="0" Skill1="125" Skill2="0" Skill3="0" Skill4="0" Skill5="0" Skill6="0" Skill7="0" Skill8="0" Action1="0" Action2="0" Action3="0" Action4="0" Action5="0" Action6="0" Action7="0" Action8="0" />
	<LockEntry id="27" Type1="2" Type2="0" Type3="0" Type4="0" Type5="0" Type6="0" Type7="0" Type8="0" Index1="2" Index2="0" Index3="0" Index4="0" Index5="0" Index6="0" Index7="0" Index8="0" Skill1="150" Skill2="0" Skill3="0" Skill4="0" Skill5="0" Skill6="0" Skill7="0" Skill8="0" Action1="0" Action2="0" Action3="0" Action4="0" Action5="0" Action6="0" Action7="0" Action8="0" />
	<LockEntry id="29" Type1="2" Type2="0" Type3="0" Type4="0" Type5="0" Type6="0" Type7="0" Type8="0" Index1="2" Index2="0" Index3="0" Index4="0" Index5="0" Index6="0" Index7="0" Index8="0" Skill1="0" Skill2="0" Skill3="0" Skill4="0" Skill5="0" Skill6="0" Skill7="0" Skill8="0" Action1="0" Action2="0" Action3="0" Action4="0" Action5="0" Action6="0" Action7="0" Action8="0" />
	<LockEntry id="30" Type1="2" Type2="0" Type3="0" Type4="0" Type5="0" Type6="0" Type7="0" Type8="0" Index1="2" Index2="0" Index3="0" Index4="0" Index5="0" Index6="0" Index7="0" Index8="0" Skill1="15" Skill2="0" Skill3="0" Skill4="0" Skill5="0" Skill6="0" Skill7="0" Skill8="0" Action1="0" Action2="0" Action3="0" Action4="0" Action5="0" Action6="0" Action7="0" Action8="0" />
	<LockEntry id="31" Type1="2" Type2="0" Type3="0" Type4="0" Type5="0" Type6="0" Type7="0" Type8="0" Index1="2" Index2="0" Index3="0" Index4="0" Index5="0" Index6="0" Index7="0" Index8="0" Skill1="70" Skill2="0" Skill3="0" Skill4="0" Skill5="0" Skill6="0" Skill7="0" Skill8="0" Action1="0" Action2="0" Action3="0" Action4="0" Action5="0" Action6="0" Action7="0" Action8="0" />
	<LockEntry id="32" Type1="2" Type2="0" Type3="0" Type4="0" Type5="0" Type6="0" Type7="0" Type8="0" Index1="2" Index2="0" Index3="0" Index4="0" Index5="0" Index6="0" Index7="0" Index8="0" Skill1="115" Skill2="0" Skill3="0" Skill4="0" Skill5="0" Skill6="0" Skill7="0" Skill8="0" Action1="0" Action2="0" Action3="0" Action4="0" Action5="0" Action6="0" Action7="0" Action8="0" />
	<LockEntry id="33" Type1="2" Type2="0" Type3="0" Type4="0" Type5="0" Type6="0" Type7="0" Type8="0" Index1="2" Index2="0" Index3="0" Index4="0" Index5="0" Index6="0" Index7="0" Index8="0" Skill1="120" Skill2="0" Skill3="0" Skill4="0" Skill5="0" Skill6="0" Skill7="0" Skill8="0" Action1="0" Action2="0" Action3="0" Action4="0" Action5="0" Action6="0" Action7="0" Action8="0" />
	<LockEntry id="34" Type1="2" Type2="0" Type3="0" Type4="0" Type5="0" Type6="0" Type7="0" Type8="0" Index1="2" Index2="0" Index3="0" Index4="0" Index5="0" Index6="0" Index7="0" Index8="0" Skill1="130" Skill2="0" Skill3="0" Skill4="0" Skill5="0" Skill6="0" Skill7="0" Skill8="0" Action1="0" Action2="0" Action3="0" Action4="0" Action5="0" Action6="0" Action7="0" Action8="0" />
	<LockEntry id="35" Type1="2" Type2="0" Type3="0" Type4="0" Type5="0" Type6="0" Type7="0" Type8="0" Index1="2" Index2="0" Index3="0" Index4="0" Index5="0" Index6="0" Index7="0" Index8="0" Skill1="140" Skill2="0" Skill3="0" Skill4="0" Skill5="0" Skill6="0" Skill7="0" Skill8="0" Action1="0" Action2="0" Action3="0" Action4="0" Action5="0" Action6="0" Action7="0" Action8="0" />
	<LockEntry id="36" Type1="1" Type2="2" Type3="2" Type4="0" Type5="0" Type6="0" Type7="0" Type8="0" Index1="3467" Index2="1" Index3="0" Index4="0" Index5="0" Index6="0" Index7="0" Index8="0" Skill1="0" Skill2="100" Skill3="0" Skill4="0" Skill5="0" Skill6="0" Skill7="0" Skill8="0" Action1="0" Action2="0" Action3="0" Action4="0" Action5="0" Action6="0" Action7="0" Action8="0" />
	<LockEntry id="37" Type1="1" Type2="2" Type3="0" Type4="0" Type5="0" Type6="0" Type7="0" Type8="0" Index1="3499" Index2="1" Index3="0" Index4="0" Index5="0" Index6="0" Index7="0" Index8="0" Skill1="0" Skill2="100" Skill3="0" Skill4="0" Skill5="0" Skill6="0" Skill7="0" Skill8="0" Action1="0" Action2="0" Action3="0" Action4="0" Action5="0" Action6="0" Action7="0" Action8="0" />
	<LockEntry id="38" Type1="2" Type2="0" Type3="0" Type4="0" Type5="0" Type6="0" Type7="0" Type8="0" Index1="3" Index2="0" Index3="0" Index4="0" Index5="0" Index6="0" Index7="0" Index8="0" Skill1="0" Skill2="0" Skill3="0" Skill4="0" Skill5="0" Skill6="0" Skill7="0" Skill8="0" Action1="0" Action2="0" Action3="0" Action4="0" Action5="0" Action6="0" Action7="0" Action8="0" />
	<LockEntry id="39" Type1="2" Type2="0" Type3="0" Type4="0" Type5="0" Type6="0" Type7="0" Type8="0" Index1="3" Index2="0" Index3="0" Index4="0" Index5="0" Index6="0" Index7="0" Index8="0" Skill1="65" Skill2="0" Skill3="0" Skill4="0" Skill5="0" Skill6="0" Skill7="0" Skill8="0" Action1="0" Action2="0" Action3="0" Action4="0" Action5="0" Action6="0" Action7="0" Action8="0" />
	<LockEntry id="40" Type1="2" Type2="0" Type3="0" Type4="0" Type5="0" Type6="0" Type7="0" Type8="0" Index1="3" Index2="0" Index3="0" Index4="0" Index5="0" Index6="0" Index7="0" Index8="0" Skill1="75" Skill2="0" Skill3="0" Skill4="0" Skill5="0" Skill6="0" Skill7="0" Skill8="0" Action1="0" Action2="0" Action3="0" Action4="0" Action5="0" Action6="0" Action7="0" Action8="0" />
	<LockEntry id="41" Type1="2" Type2="0" Type3="0" Type4="0" Type5="0" Type6="0" Type7="0" Type8="0" Index1="3" Index2="0" Index3="0" Index4="0" Index5="0" Index6="0" Index7="0" Index8="0" Skill1="125" Skill2="0" Skill3="0" Skill4="0" Skill5="0" Skill6="0" Skill7="0" Skill8="0" Action1="0" Action2="0" Action3="0" Action4="0" Action5="0" Action6="0" Action7="0" Action8="0" />
	<LockEntry id="42" Type1="2" Type2="0" Type3="0" Type4="0" Type5="0" Type6="0" Type7="0" Type8="0" Index1="3" Index2="0" Index3="0" Index4="0" Index5="0" Index6="0" Index7="0" Index8="0" Skill1="155" Skill2="0" Skill3="0" Skill4="0" Skill5="0" Skill6="0" Skill7="0" Skill8="0" Action1="0" Action2="0" Action3="0" Action4="0" Action5="0" Action6="0" Action7="0" Action8="0" />
	<LockEntry id="43" Type1="0" Type2="2" Type3="0" Type4="0" Type5="0" Type6="0" Type7="0" Type8="0" Index1="0" Index2="13" Index3="0" Index4="0" Index5="0" Index6="0" Index7="0" Index8="0" Skill1="0" Skill2="0" Skill3="0" Skill4="0" Skill5="0" Skill6="0" Skill7="0" Skill8="0" Action1="0" Action2="0" Action3="0" Action4="0" Action5="0" Action6="0" Action7="0" Action8="0" />
	<LockEntry id="44" Type1="1" Type2="0" Type3="0" Type4="0" Type5="0" Type6="0" Type7="0" Type8="0" Index1="3710" Index2="0" Index3="0" Index4="0" Index5="0" Index6="0" Index7="0" Index8="0" Skill1="0" Skill2="0" Skill3="0" Skill4="0" Skill5="0" Skill6="0" Skill7="0" Skill8="0" Action1="0" Action2="0" Action3="0" Action4="0" Action5="0" Action6="0" Action7="0" Action8="0" />
	<LockEntry id="45" Type1="2" Type2="0" Type3="0" Type4="0" Type5="0" Type6="0" Type7="0" Type8="0" Index1="2" Index2="0" Index3="0" Index4="0" Index5="0" Index6="0" Index7="0" Index8="0" Skill1="125" Skill2="0" Skill3="0" Skill4="0" Skill5="0" Skill6="0" Skill7="0" Skill8="0" Action1="0" Action2="0" Action3="0" Action4="0" Action5="0" Action6="0" Action7="0" Action8="0" />
	<LockEntry id="46" Type1="1" Type2="0" Type3="0" Type4="0" Type5="0" Type6="0" Type7="0" Type8="0" Index1="3745" Index2="0" Index3="0" Index4="0" Index5="0" Index6="0" Index7="0" Index8="0" Skill1="0" Skill2="0" Skill3="0" Skill4="0" Skill5="0" Skill6="0" Skill7="0" Skill8="0" Action1="0" Action2="0" Action3="0" Action4="0" Action5="0" Action6="0" Action7="0" Action8="0" />
	<LockEntry id="47" Type1="2" Type2="0" Type3="0" Type4="0" Type5="0" Type6="0" Type7="0" Type8="0" Index1="2" Index2="0" Index3="0" Index4="0" Index5="0" Index6="0" Index7="0" Index8="0" Skill1="160" Skill2="0" Skill3="0" Skill4="0" Skill5="0" Skill6="0" Skill7="0" Skill8="0" Action1="0" Action2="0" Action3="0" Action4="0" Action5="0" Action6="0" Action7="0" Action8="0" />
	<LockEntry id="48" Type1="2" Type2="0" Type3="0" Type4="0" Type5="0" Type6="0" Type7="0" Type8="0" Index1="2" Index2="0" Index3="0" Index4="0" Index5="0" Index6="0" Index7="0" Index8="0" Skill1="215" Skill2="0" Skill3="0" Skill4="0" Skill5="0" Skill6="0" Skill7="0" Skill8="0" Action1="0" Action2="0" Action3="0" Action4="0" Action5="0" Action6="0" Action7="0" Action8="0" />
	<LockEntry id="49" Type1="2" Type2="0" Type3="0" Type4="0" Type5="0" Type6="0" Type7="0" Type8="0" Index1="2" Index2="0" Index3="0" Index4="0" Index5="0" Index6="0" Index7="0" Index8="0" Skill1="185" Skill2="0" Skill3="0" Skill4="0" Skill5="0" Skill6="0" Skill7="0" Skill8="0" Action1="0" Action2="0" Action3="0" Action4="0" Action5="0" Action6="0" Action7="0" Action8="0" />
	<LockEntry id="50" Type1="2" Type2="0" Type3="0" Type4="0" Type5="0" Type6="0" Type7="0" Type8="0" Index1="2" Index2="0" Index3="0" Index4="0" Index5="0" Index6="0" Index7="0" Index8="0" Skill1="205" Skill2="0" Skill3="0" Skill4="0" Skill5="0" Skill6="0" Skill7="0" Skill8="0" Action1="0" Action2="0" Action3="0" Action4="0" Action5="0" Action6="0" Action7="0" Action8="0" />
	<LockEntry id="51" Type1="2" Type2="0" Type3="0" Type4="0" Type5="0" Type6="0" Type7="0" Type8="0" Index1="2" Index2="0" Index3="0" Index4="0" Index5="0" Index6="0" Index7="0" Index8="0" Skill1="195" Skill2="0" Skill3="0" Skill4="0" Skill5="0" Skill6="0" Skill7="0" Skill8="0" Action1="0" Action2="0" Action3="0" Action4="0" Action5="0" Action6="0" Action7="0" Action8="0" />
	<LockEntry id="52" Type1="1" Type2="2" Type3="0" Type4="0" Type5="0" Type6="0" Type7="0" Type8="0" Index1="3745" Index2="1" Index3="0" Index4="0" Index5="0" Index6="0" Index7="0" Index8="0" Skill1="0" Skill2="175" Skill3="0" Skill4="0" Skill5="0" Skill6="0" Skill7="0" Skill8="0" Action1="0" Action2="0" Action3="0" Action4="0" Action5="0" Action6="0" Action7="0" Action8="0" />
	<LockEntry id="53" Type1="1" Type2="0" Type3="0" Type4="0" Type5="0" Type6="0" Type7="0" Type8="0" Index1="3930" Index2="0" Index3="0" Index4="0" Index5="0" Index6="0" Index7="0" Index8="0" Skill1="0" Skill2="0" Skill3="0" Skill4="0" Skill5="0" Skill6="0" Skill7="0" Skill8="0" Action1="0" Action2="0" Action3="0" Action4="0" Action5="0" Action6="0" Action7="0" Action8="0" />
	<LockEntry id="54" Type1="1" Type2="0" Type3="0" Type4="0" Type5="0" Type6="0" Type7="0" Type8="0" Index1="4027" Index2="0" Index3="0" Index4="0" Index5="0" Index6="0" Index7="0" Index8="0" Skill1="0" Skill2="0" Skill3="0" Skill4="0" Skill5="0" Skill6="0" Skill7="0" Skill8="0" Action1="0" Action2="0" Action3="0" Action4="0" Action5="0" Action6="0" Action7="0" Action8="0" />
	<LockEntry id="55" Type1="0" Type2="2" Type3="0" Type4="0" Type5="0" Type6="0" Type7="0" Type8="0" Index1="0" Index2="4" Index3="0" Index4="0" Index5="0" Index6="0" Index7="0" Index8="0" Skill1="0" Skill2="200" Skill3="0" Skill4="0" Skill5="0" Skill6="0" Skill7="0" Skill8="0" Action1="0" Action2="0" Action3="0" Action4="0" Action5="0" Action6="0" Action7="0" Action8="0" />
	<LockEntry id="56" Type1="0" Type2="2" Type3="2" Type4="0" Type5="0" Type6="0" Type7="0" Type8="0" Index1="0" Index2="5" Index3="7" Index4="0" Index5="0" Index6="0" Index7="0" Index8="0" Skill1="0" Skill2="0" Skill3="0" Skill4="0" Skill5="0" Skill6="0" Skill7="0" Skill8="0" Action1="0" Action2="0" Action3="0" Action4="0" Action5="0" Action6="0" Action7="0" Action8="0" />
	<LockEntry id="57" Type1="0" Type2="2" Type3="2" Type4="0" Type5="0" Type6="0" Type7="0" Type8="0" Index1="0" Index2="5" Index3="6" Index4="0" Index5="0" Index6="0" Index7="0" Index8="0" Skill1="0" Skill2="0" Skill3="0" Skill4="0" Skill5="0" Skill6="0" Skill7="0" Skill8="0" Action1="0" Action2="0" Action3="0" Action4="0" Action5="0" Action6="0" Action7="0" Action8="0" />
	<LockEntry id="58" Type1="1" Type2="0" Type3="0" Type4="0" Type5="0" Type6="0" Type7="0" Type8="0" Index1="4529" Index2="0" Index3="0" Index4="0" Index5="0" Index6="0" Index7="0" Index8="0" Skill1="0" Skill2="0" Skill3="0" Skill4="0" Skill5="0" Skill6="0" Skill7="0" Skill8="0" Action1="0" Action2="0" Action3="0" Action4="0" Action5="0" Action6="0" Action7="0" Action8="0" />
	<LockEntry id="59" Type1="0" Type2="0" Type3="0" Type4="0" Type5="0" Type6="0" Type7="0" Type8="0" Index1="0" Index2="0" Index3="0" Index4="0" Index5="0" Index6="0" Index7="0" Index8="0" Skill1="0" Skill2="0" Skill3="0" Skill4="0" Skill5="0" Skill6="0" Skill7="0" Skill8="0" Action1="0" Action2="0" Action3="0" Action4="0" Action5="0" Action6="0" Action7="0" Action8="0" />
	<LockEntry id="60" Type1="0" Type2="2" Type3="2" Type4="2" Type5="0" Type6="0" Type7="0" Type8="0" Index1="0" Index2="1" Index3="5" Index4="6" Index5="0" Index6="0" Index7="0" Index8="0" Skill1="0" Skill2="125" Skill3="0" Skill4="0" Skill5="0" Skill6="0" Skill7="0" Skill8="0" Action1="0" Action2="1" Action3="0" Action4="0" Action5="0" Action6="0" Action7="0" Action8="0" />
	<LockEntry id="61" Type1="0" Type2="2" Type3="2" Type4="2" Type5="0" Type6="0" Type7="0" Type8="0" Index1="0" Index2="1" Index3="5" Index4="6" Index5="0" Index6="0" Index7="0" Index8="0" Skill1="0" Skill2="175" Skill3="0" Skill4="0" Skill5="0" Skill6="0" Skill7="0" Skill8="0" Action1="0" Action2="1" Action3="0" Action4="0" Action5="0" Action6="0" Action7="0" Action8="0" />
	<LockEntry id="62" Type1="0" Type2="2" Type3="2" Type4="2" Type5="0" Type6="0" Type7="0" Type8="0" Index1="0" Index2="1" Index3="5" Index4="6" Index5="0" Index6="0" Index7="0" Index8="0" Skill1="0" Skill2="225" Skill3="0" Skill4="0" Skill5="0" Skill6="0" Skill7="0" Skill8="0" Action1="0" Action2="1" Action3="0" Action4="0" Action5="0" Action6="0" Action7="0" Action8="0" />
	<LockEntry id="63" Type1="1" Type2="0" Type3="0" Type4="0" Type5="0" Type6="0" Type7="0" Type8="0" Index1="4639" Index2="0" Index3="0" Index4="0" Index5="0" Index6="0" Index7="0" Index8="0" Skill1="0" Skill2="0" Skill3="0" Skill4="0" Skill5="0" Skill6="0" Skill7="0" Skill8="0" Action1="0" Action2="0" Action3="0" Action4="0" Action5="0" Action6="0" Action7="0" Action8="0" />
	<LockEntry id="65" Type1="1" Type2="0" Type3="0" Type4="0" Type5="0" Type6="0" Type7="0" Type8="0" Index1="4750" Index2="0" Index3="0" Index4="0" Index5="0" Index6="0" Index7="0" Index8="0" Skill1="0" Skill2="0" Skill3="0" Skill4="0" Skill5="0" Skill6="0" Skill7="0" Skill8="0" Action1="0" Action2="0" Action3="0" Action4="0" Action5="0" Action6="0" Action7="0" Action8="0" />
	<LockEntry id="67" Type1="1" Type2="0" Type3="0" Type4="0" Type5="0" Type6="0" Type7="0" Type8="0" Index1="4640" Index2="0" Index3="0" Index4="0" Index5="0" Index6="0" Index7="0" Index8="0" Skill1="0" Skill2="0" Skill3="0" Skill4="0" Skill5="0" Skill6="0" Skill7="0" Skill8="0" Action1="0" Action2="0" Action3="0" Action4="0" Action5="0" Action6="0" Action7="0" Action8="0" />
	<LockEntry id="68" Type1="1" Type2="2" Type3="0" Type4="0" Type5="0" Type6="0" Type7="0" Type8="0" Index1="4882" Index2="1" Index3="0" Index4="0" Index5="0" Index6="0" Index7="0" Index8="0" Skill1="0" Skill2="100" Skill3="0" Skill4="0" Skill5="0" Skill6="0" Skill7="0" Skill8="0" Action1="0" Action2="0" Action3="0" Action4="0" Action5="0" Action6="0" Action7="0" Action8="0" />
	<LockEntry id="69" Type1="1" Type2="0" Type3="0" Type4="0" Type5="0" Type6="0" Type7="0" Type8="0" Index1="4986" Index2="0" Index3="0" Index4="0" Index5="0" Index6="0" Index7="0" Index8="0" Skill1="0" Skill2="0" Skill3="0" Skill4="0" Skill5="0" Skill6="0" Skill7="0" Skill8="0" Action1="0" Action2="0" Action3="0" Action4="0" Action5="0" Action6="0" Action7="0" Action8="0" />
	<LockEntry id="70" Type1="1" Type2="0" Type3="0" Type4="0" Type5="0" Type6="0" Type7="0" Type8="0" Index1="5020" Index2="0" Index3="0" Index4="0" Index5="0" Index6="0" Index7="0" Index8="0" Skill1="0" Skill2="0" Skill3="0" Skill4="0" Skill5="0" Skill6="0" Skill7="0" Skill8="0" Action1="0" Action2="0" Action3="0" Action4="0" Action5="0" Action6="0" Action7="0" Action8="0" />
	<LockEntry id="71" Type1="1" Type2="0" Type3="0" Type4="0" Type5="0" Type6="0" Type7="0" Type8="0" Index1="5021" Index2="0" Index3="0" Index4="0" Index5="0" Index6="0" Index7="0" Index8="0" Skill1="0" Skill2="0" Skill3="0" Skill4="0" Skill5="0" Skill6="0" Skill7="0" Skill8="0" Action1="0" Action2="0" Action3="0" Action4="0" Action5="0" Action6="0" Action7="0" Action8="0" />
	<LockEntry id="72" Type1="1" Type2="0" Type3="0" Type4="0" Type5="0" Type6="0" Type7="0" Type8="0" Index1="5059" Index2="0" Index3="0" Index4="0" Index5="0" Index6="0" Index7="0" Index8="0" Skill1="0" Skill2="0" Skill3="0" Skill4="0" Skill5="0" Skill6="0" Skill7="0" Skill8="0" Action1="0" Action2="0" Action3="0" Action4="0" Action5="0" Action6="0" Action7="0" Action8="0" />
	<LockEntry id="73" Type1="1" Type2="0" Type3="0" Type4="0" Type5="0" Type6="0" Type7="0" Type8="0" Index1="5068" Index2="0" Index3="0" Index4="0" Index5="0" Index6="0" Index7="0" Index8="0" Skill1="0" Skill2="0" Skill3="0" Skill4="0" Skill5="0" Skill6="0" Skill7="0" Skill8="0" Action1="0" Action2="0" Action3="0" Action4="0" Action5="0" Action6="0" Action7="0" Action8="0" />
	<LockEntry id="75" Type1="1" Type2="0" Type3="0" Type4="0" Type5="0" Type6="0" Type7="0" Type8="0" Index1="5165" Index2="0" Index3="0" Index4="0" Index5="0" Index6="0" Index7="0" Index8="0" Skill1="0" Skill2="0" Skill3="0" Skill4="0" Skill5="0" Skill6="0" Skill7="0" Skill8="0" Action1="0" Action2="0" Action3="0" Action4="0" Action5="0" Action6="0" Action7="0" Action8="0" />
	<LockEntry id="76" Type1="1" Type2="0" Type3="0" Type4="0" Type5="0" Type6="0" Type7="0" Type8="0" Index1="5185" Index2="0" Index3="0" Index4="0" Index5="0" Index6="0" Index7="0" Index8="0" Skill1="0" Skill2="0" Skill3="0" Skill4="0" Skill5="0" Skill6="0" Skill7="0" Skill8="0" Action1="0" Action2="0" Action3="0" Action4="0" Action5="0" Action6="0" Action7="0" Action8="0" />
	<LockEntry id="77" Type1="0" Type2="2" Type3="2" Type4="0" Type5="0" Type6="0" Type7="0" Type8="0" Index1="0" Index2="10" Index3="11" Index4="0" Index5="0" Index6="0" Index7="0" Index8="0" Skill1="0" Skill2="0" Skill3="0" Skill4="0" Skill5="0" Skill6="0" Skill7="0" Skill8="0" Action1="0" Action2="0" Action3="2" Action4="0" Action5="0" Action6="0" Action7="0" Action8="0" />
	<LockEntry id="80" Type1="1" Type2="0" Type3="0" Type4="0" Type5="0" Type6="0" Type7="0" Type8="0" Index1="5338" Index2="0" Index3="0" Index4="0" Index5="0" Index6="0" Index7="0" Index8="0" Skill1="0" Skill2="0" Skill3="0" Skill4="0" Skill5="0" Skill6="0" Skill7="0" Skill8="0" Action1="0" Action2="0" Action3="0" Action4="0" Action5="0" Action6="0" Action7="0" Action8="0" />
	<LockEntry id="81" Type1="0" Type2="2" Type3="2" Type4="0" Type5="0" Type6="0" Type7="0" Type8="0" Index1="0" Index2="10" Index3="11" Index4="0" Index5="0" Index6="0" Index7="0" Index8="0" Skill1="0" Skill2="0" Skill3="0" Skill4="0" Skill5="0" Skill6="0" Skill7="0" Skill8="0" Action1="0" Action2="0" Action3="2" Action4="0" Action5="0" Action6="0" Action7="0" Action8="0" />
	<LockEntry id="82" Type1="0" Type2="2" Type3="2" Type4="2" Type5="0" Type6="0" Type7="0" Type8="0" Index1="0" Index2="1" Index3="10" Index4="11" Index5="0" Index6="0" Index7="0" Index8="0" Skill1="0" Skill2="50" Skill3="0" Skill4="0" Skill5="0" Skill6="0" Skill7="0" Skill8="0" Action1="0" Action2="1" Action3="0" Action4="2" Action5="0" Action6="0" Action7="0" Action8="0" />
	<LockEntry id="83" Type1="1" Type2="0" Type3="0" Type4="0" Type5="0" Type6="0" Type7="0" Type8="0" Index1="5397" Index2="0" Index3="0" Index4="0" Index5="0" Index6="0" Index7="0" Index8="0" Skill1="0" Skill2="0" Skill3="0" Skill4="0" Skill5="0" Skill6="0" Skill7="0" Skill8="0" Action1="0" Action2="0" Action3="0" Action4="0" Action5="0" Action6="0" Action7="0" Action8="0" />
	<LockEntry id="84" Type1="1" Type2="2" Type3="0" Type4="0" Type5="0" Type6="0" Type7="0" Type8="0" Index1="5396" Index2="1" Index3="0" Index4="0" Index5="0" Index6="0" Index7="0" Index8="0" Skill1="0" Skill2="225" Skill3="0" Skill4="0" Skill5="0" Skill6="0" Skill7="0" Skill8="0" Action1="1" Action2="1" Action3="0" Action4="0" Action5="0" Action6="0" Action7="0" Action8="0" />
	<LockEntry id="85" Type1="0" Type2="0" Type3="0" Type4="0" Type5="0" Type6="0" Type7="0" Type8="0" Index1="0" Index2="0" Index3="0" Index4="0" Index5="0" Index6="0" Index7="0" Index8="0" Skill1="0" Skill2="0" Skill3="0" Skill4="0" Skill5="0" Skill6="0" Skill7="0" Skill8="0" Action1="0" Action2="0" Action3="2" Action4="0" Action5="0" Action6="0" Action7="0" Action8="0" />
	<LockEntry id="86" Type1="0" Type2="2" Type3="0" Type4="0" Type5="0" Type6="0" Type7="0" Type8="0" Index1="0" Index2="10" Index3="0" Index4="0" Index5="0" Index6="0" Index7="0" Index8="0" Skill1="0" Skill2="0" Skill3="0" Skill4="0" Skill5="0" Skill6="0" Skill7="0" Skill8="0" Action1="0" Action2="0" Action3="0" Action4="0" Action5="0" Action6="0" Action7="0" Action8="0" />
	<LockEntry id="88" Type1="0" Type2="2" Type3="2" Type4="0" Type5="0" Type6="0" Type7="0" Type8="0" Index1="0" Index2="1" Index3="10" Index4="0" Index5="0" Index6="0" Index7="0" Index8="0" Skill1="0" Skill2="50" Skill3="0" Skill4="0" Skill5="0" Skill6="0" Skill7="0" Skill8="0" Action1="0" Action2="1" Action3="0" Action4="0" Action5="0" Action6="0" Action7="0" Action8="0" />
	<LockEntry id="89" Type1="1" Type2="0" Type3="0" Type4="0" Type5="0" Type6="0" Type7="0" Type8="0" Index1="5475" Index2="0" Index3="0" Index4="0" Index5="0" Index6="0" Index7="0" Index8="0" Skill1="0" Skill2="0" Skill3="0" Skill4="0" Skill5="0" Skill6="0" Skill7="0" Skill8="0" Action1="0" Action2="0" Action3="0" Action4="0" Action5="0" Action6="0" Action7="0" Action8="0" />
	<LockEntry id="90" Type1="1" Type2="0" Type3="0" Type4="0" Type5="0" Type6="0" Type7="0" Type8="0" Index1="5521" Index2="0" Index3="0" Index4="0" Index5="0" Index6="0" Index7="0" Index8="0" Skill1="0" Skill2="0" Skill3="0" Skill4="0" Skill5="0" Skill6="0" Skill7="0" Skill8="0" Action1="0" Action2="0" Action3="0" Action4="0" Action5="0" Action6="0" Action7="0" Action8="0" />
	<LockEntry id="91" Type1="1" Type2="0" Type3="0" Type4="0" Type5="0" Type6="0" Type7="0" Type8="0" Index1="5384" Index2="0" Index3="0" Index4="0" Index5="0" Index6="0" Index7="0" Index8="0" Skill1="0" Skill2="0" Skill3="0" Skill4="0" Skill5="0" Skill6="0" Skill7="0" Skill8="0" Action1="0" Action2="0" Action3="0" Action4="0" Action5="0" Action6="0" Action7="0" Action8="0" />
	<LockEntry id="92" Type1="1" Type2="2" Type3="2" Type4="0" Type5="0" Type6="0" Type7="0" Type8="0" Index1="6893" Index2="1" Index3="16" Index4="0" Index5="0" Index6="0" Index7="0" Index8="0" Skill1="0" Skill2="150" Skill3="150" Skill4="0" Skill5="0" Skill6="0" Skill7="0" Skill8="0" Action1="1" Action2="1" Action3="1" Action4="0" Action5="0" Action6="0" Action7="0" Action8="0" />
	<LockEntry id="93" Type1="0" Type2="2" Type3="0" Type4="0" Type5="0" Type6="0" Type7="0" Type8="0" Index1="0" Index2="12" Index3="0" Index4="0" Index5="0" Index6="0" Index7="0" Index8="0" Skill1="0" Skill2="0" Skill3="0" Skill4="0" Skill5="0" Skill6="0" Skill7="0" Skill8="0" Action1="0" Action2="0" Action3="0" Action4="0" Action5="0" Action6="0" Action7="0" Action8="0" />
	<LockEntry id="94" Type1="1" Type2="0" Type3="0" Type4="0" Type5="0" Type6="0" Type7="0" Type8="0" Index1="5687" Index2="0" Index3="0" Index4="0" Index5="0" Index6="0" Index7="0" Index8="0" Skill1="0" Skill2="0" Skill3="0" Skill4="0" Skill5="0" Skill6="0" Skill7="0" Skill8="0" Action1="0" Action2="0" Action3="0" Action4="0" Action5="0" Action6="0" Action7="0" Action8="0" />
	<LockEntry id="95" Type1="0" Type2="0" Type3="0" Type4="0" Type5="0" Type6="0" Type7="0" Type8="0" Index1="0" Index2="0" Index3="0" Index4="0" Index5="0" Index6="0" Index7="0" Index8="0" Skill1="0" Skill2="0" Skill3="0" Skill4="0" Skill5="0" Skill6="0" Skill7="0" Skill8="0" Action1="0" Action2="0" Action3="0" Action4="0" Action5="0" Action6="0" Action7="0" Action8="0" />
	<LockEntry id="97" Type1="1" Type2="2" Type3="0" Type4="0" Type5="0" Type6="0" Type7="0" Type8="0" Index1="5851" Index2="1" Index3="0" Index4="0" Index5="0" Index6="0" Index7="0" Index8="0" Skill1="0" Skill2="160" Skill3="0" Skill4="0" Skill5="0" Skill6="0" Skill7="0" Skill8="0" Action1="0" Action2="0" Action3="0" Action4="0" Action5="0" Action6="0" Action7="0" Action8="0" />
	<LockEntry id="98" Type1="1" Type2="0" Type3="0" Type4="0" Type5="0" Type6="0" Type7="0" Type8="0" Index1="5868" Index2="0" Index3="0" Index4="0" Index5="0" Index6="0" Index7="0" Index8="0" Skill1="0" Skill2="0" Skill3="0" Skill4="0" Skill5="0" Skill6="0" Skill7="0" Skill8="0" Action1="0" Action2="0" Action3="0" Action4="0" Action5="0" Action6="0" Action7="0" Action8="0" />
	<LockEntry id="99" Type1="0" Type2="2" Type3="0" Type4="0" Type5="0" Type6="0" Type7="0" Type8="0" Index1="0" Index2="14" Index3="0" Index4="0" Index5="0" Index6="0" Index7="0" Index8="0" Skill1="0" Skill2="0" Skill3="0" Skill4="0" Skill5="0" Skill6="0" Skill7="0" Skill8="0" Action1="0" Action2="0" Action3="0" Action4="0" Action5="0" Action6="0" Action7="0" Action8="0" />
	<LockEntry id="119" Type1="1" Type2="0" Type3="0" Type4="0" Type5="0" Type6="0" Type7="0" Type8="0" Index1="5916" Index2="0" Index3="0" Index4="0" Index5="0" Index6="0" Index7="0" Index8="0" Skill1="0" Skill2="0" Skill3="0" Skill4="0" Skill5="0" Skill6="0" Skill7="0" Skill8="0" Action1="0" Action2="0" Action3="0" Action4="0" Action5="0" Action6="0" Action7="0" Action8="0" />
	<LockEntry id="139" Type1="1" Type2="0" Type3="0" Type4="0" Type5="0" Type6="0" Type7="0" Type8="0" Index1="5937" Index2="0" Index3="0" Index4="0" Index5="0" Index6="0" Index7="0" Index8="0" Skill1="0" Skill2="0" Skill3="0" Skill4="0" Skill5="0" Skill6="0" Skill7="0" Skill8="0" Action1="0" Action2="0" Action3="0" Action4="0" Action5="0" Action6="0" Action7="0" Action8="0" />
	<LockEntry id="159" Type1="1" Type2="0" Type3="0" Type4="0" Type5="0" Type6="0" Type7="0" Type8="0" Index1="6074" Index2="0" Index3="0" Index4="0" Index5="0" Index6="0" Index7="0" Index8="0" Skill1="0" Skill2="0" Skill3="0" Skill4="0" Skill5="0" Skill6="0" Skill7="0" Skill8="0" Action1="0" Action2="0" Action3="0" Action4="0" Action5="0" Action6="0" Action7="0" Action8="0" />
	<LockEntry id="179" Type1="0" Type2="2" Type3="0" Type4="0" Type5="0" Type6="0" Type7="0" Type8="0" Index1="0" Index2="13" Index3="0" Index4="0" Index5="0" Index6="0" Index7="0" Index8="0" Skill1="0" Skill2="0" Skill3="0" Skill4="0" Skill5="0" Skill6="0" Skill7="0" Skill8="0" Action1="0" Action2="0" Action3="0" Action4="0" Action5="0" Action6="0" Action7="0" Action8="0" />
	<LockEntry id="199" Type1="1" Type2="1" Type3="0" Type4="0" Type5="0" Type6="0" Type7="0" Type8="0" Index1="6208" Index2="6207" Index3="0" Index4="0" Index5="0" Index6="0" Index7="0" Index8="0" Skill1="0" Skill2="0" Skill3="0" Skill4="0" Skill5="0" Skill6="0" Skill7="0" Skill8="0" Action1="0" Action2="3" Action3="0" Action4="0" Action5="0" Action6="0" Action7="0" Action8="0" />
	<LockEntry id="200" Type1="1" Type2="1" Type3="0" Type4="0" Type5="0" Type6="0" Type7="0" Type8="0" Index1="6210" Index2="6209" Index3="0" Index4="0" Index5="0" Index6="0" Index7="0" Index8="0" Skill1="0" Skill2="0" Skill3="0" Skill4="0" Skill5="0" Skill6="0" Skill7="0" Skill8="0" Action1="0" Action2="3" Action3="0" Action4="0" Action5="0" Action6="0" Action7="0" Action8="0" />
	<LockEntry id="202" Type1="0" Type2="2" Type3="2" Type4="2" Type5="0" Type6="0" Type7="0" Type8="0" Index1="0" Index2="1" Index3="10" Index4="16" Index5="0" Index6="0" Index7="0" Index8="0" Skill1="0" Skill2="1" Skill3="0" Skill4="50" Skill5="0" Skill6="0" Skill7="0" Skill8="0" Action1="1" Action2="1" Action3="0" Action4="1" Action5="0" Action6="0" Action7="0" Action8="0" />
	<LockEntry id="203" Type1="0" Type2="2" Type3="2" Type4="2" Type5="0" Type6="0" Type7="0" Type8="0" Index1="0" Index2="1" Index3="10" Index4="11" Index5="0" Index6="0" Index7="0" Index8="0" Skill1="0" Skill2="1" Skill3="0" Skill4="0" Skill5="0" Skill6="0" Skill7="0" Skill8="0" Action1="1" Action2="1" Action3="0" Action4="2" Action5="0" Action6="0" Action7="0" Action8="0" />
	<LockEntry id="239" Type1="1" Type2="0" Type3="0" Type4="0" Type5="0" Type6="0" Type7="0" Type8="0" Index1="6783" Index2="0" Index3="0" Index4="0" Index5="0" Index6="0" Index7="0" Index8="0" Skill1="0" Skill2="0" Skill3="0" Skill4="0" Skill5="0" Skill6="0" Skill7="0" Skill8="0" Action1="0" Action2="0" Action3="0" Action4="0" Action5="0" Action6="0" Action7="0" Action8="0" />
	<LockEntry id="259" Type1="0" Type2="2" Type3="2" Type4="0" Type5="0" Type6="0" Type7="0" Type8="0" Index1="0" Index2="13" Index3="2" Index4="0" Index5="0" Index6="0" Index7="0" Index8="0" Skill1="0" Skill2="0" Skill3="0" Skill4="0" Skill5="0" Skill6="0" Skill7="0" Skill8="0" Action1="0" Action2="0" Action3="0" Action4="0" Action5="0" Action6="0" Action7="0" Action8="0" />
	<LockEntry id="279" Type1="0" Type2="2" Type3="0" Type4="0" Type5="0" Type6="0" Type7="0" Type8="0" Index1="0" Index2="13" Index3="0" Index4="0" Index5="0" Index6="0" Index7="0" Index8="0" Skill1="0" Skill2="0" Skill3="0" Skill4="0" Skill5="0" Skill6="0" Skill7="0" Skill8="0" Action1="0" Action2="0" Action3="0" Action4="0" Action5="0" Action6="0" Action7="0" Action8="0" />
	<LockEntry id="299" Type1="1" Type2="2" Type3="2" Type4="2" Type5="2" Type6="0" Type7="0" Type8="0" Index1="7146" Index2="1" Index3="10" Index4="11" Index5="16" Index6="0" Index7="0" Index8="0" Skill1="0" Skill2="175" Skill3="0" Skill4="0" Skill5="175" Skill6="0" Skill7="0" Skill8="0" Action1="1" Action2="1" Action3="0" Action4="2" Action5="1" Action6="0" Action7="0" Action8="0" />
	<LockEntry id="319" Type1="1" Type2="2" Type3="2" Type4="2" Type5="0" Type6="0" Type7="0" Type8="0" Index1="7208" Index2="1" Index3="5" Index4="6" Index5="0" Index6="0" Index7="0" Index8="0" Skill1="0" Skill2="1" Skill3="0" Skill4="0" Skill5="0" Skill6="0" Skill7="0" Skill8="0" Action1="1" Action2="1" Action3="0" Action4="0" Action5="0" Action6="0" Action7="0" Action8="0" />
	<LockEntry id="359" Type1="1" Type2="0" Type3="0" Type4="0" Type5="0" Type6="0" Type7="0" Type8="0" Index1="7733" Index2="0" Index3="0" Index4="0" Index5="0" Index6="0" Index7="0" Index8="0" Skill1="0" Skill2="0" Skill3="0" Skill4="0" Skill5="0" Skill6="0" Skill7="0" Skill8="0" Action1="0" Action2="0" Action3="0" Action4="0" Action5="0" Action6="0" Action7="0" Action8="0" />
	<LockEntry id="379" Type1="2" Type2="0" Type3="0" Type4="0" Type5="0" Type6="0" Type7="0" Type8="0" Index1="3" Index2="0" Index3="0" Index4="0" Index5="0" Index6="0" Index7="0" Index8="0" Skill1="175" Skill2="0" Skill3="0" Skill4="0" Skill5="0" Skill6="0" Skill7="0" Skill8="0" Action1="0" Action2="0" Action3="0" Action4="0" Action5="0" Action6="0" Action7="0" Action8="0" />
	<LockEntry id="380" Type1="2" Type2="0" Type3="0" Type4="0" Type5="0" Type6="0" Type7="0" Type8="0" Index1="3" Index2="0" Index3="0" Index4="0" Index5="0" Index6="0" Index7="0" Index8="0" Skill1="230" Skill2="0" Skill3="0" Skill4="0" Skill5="0" Skill6="0" Skill7="0" Skill8="0" Action1="0" Action2="0" Action3="0" Action4="0" Action5="0" Action6="0" Action7="0" Action8="0" />
	<LockEntry id="399" Type1="2" Type2="0" Type3="0" Type4="0" Type5="0" Type6="0" Type7="0" Type8="0" Index1="3" Index2="0" Index3="0" Index4="0" Index5="0" Index6="0" Index7="0" Index8="0" Skill1="310" Skill2="0" Skill3="0" Skill4="0" Skill5="0" Skill6="0" Skill7="0" Skill8="0" Action1="0" Action2="0" Action3="0" Action4="0" Action5="0" Action6="0" Action7="0" Action8="0" />
	<LockEntry id="400" Type1="2" Type2="0" Type3="0" Type4="0" Type5="0" Type6="0" Type7="0" Type8="0" Index1="3" Index2="0" Index3="0" Index4="0" Index5="0" Index6="0" Index7="0" Index8="0" Skill1="245" Skill2="0" Skill3="0" Skill4="0" Skill5="0" Skill6="0" Skill7="0" Skill8="0" Action1="0" Action2="0" Action3="0" Action4="0" Action5="0" Action6="0" Action7="0" Action8="0" />
	<LockEntry id="419" Type1="0" Type2="2" Type3="2" Type4="0" Type5="0" Type6="0" Type7="0" Type8="0" Index1="0" Index2="5" Index3="15" Index4="0" Index5="0" Index6="0" Index7="0" Index8="0" Skill1="0" Skill2="0" Skill3="0" Skill4="0" Skill5="0" Skill6="0" Skill7="0" Skill8="0" Action1="0" Action2="0" Action3="0" Action4="0" Action5="0" Action6="0" Action7="0" Action8="0" />
	<LockEntry id="420" Type1="1" Type2="0" Type3="0" Type4="0" Type5="0" Type6="0" Type7="0" Type8="0" Index1="8444" Index2="0" Index3="0" Index4="0" Index5="0" Index6="0" Index7="0" Index8="0" Skill1="0" Skill2="0" Skill3="0" Skill4="0" Skill5="0" Skill6="0" Skill7="0" Skill8="0" Action1="0" Action2="0" Action3="0" Action4="0" Action5="0" Action6="0" Action7="0" Action8="0" />
	<LockEntry id="439" Type1="2" Type2="0" Type3="0" Type4="0" Type5="0" Type6="0" Type7="0" Type8="0" Index1="2" Index2="0" Index3="0" Index4="0" Index5="0" Index6="0" Index7="0" Index8="0" Skill1="210" Skill2="0" Skill3="0" Skill4="0" Skill5="0" Skill6="0" Skill7="0" Skill8="0" Action1="0" Action2="0" Action3="0" Action4="0" Action5="0" Action6="0" Action7="0" Action8="0" />
	<LockEntry id="440" Type1="2" Type2="0" Type3="0" Type4="0" Type5="0" Type6="0" Type7="0" Type8="0" Index1="2" Index2="0" Index3="0" Index4="0" Index5="0" Index6="0" Index7="0" Index8="0" Skill1="220" Skill2="0" Skill3="0" Skill4="0" Skill5="0" Skill6="0" Skill7="0" Skill8="0" Action1="0" Action2="0" Action3="0" Action4="0" Action5="0" Action6="0" Action7="0" Action8="0" />
	<LockEntry id="441" Type1="2" Type2="0" Type3="0" Type4="0" Type5="0" Type6="0" Type7="0" Type8="0" Index1="2" Index2="0" Index3="0" Index4="0" Index5="0" Index6="0" Index7="0" Index8="0" Skill1="230" Skill2="0" Skill3="0" Skill4="0" Skill5="0" Skill6="0" Skill7="0" Skill8="0" Action1="0" Action2="0" Action3="0" Action4="0" Action5="0" Action6="0" Action7="0" Action8="0" />
	<LockEntry id="442" Type1="2" Type2="0" Type3="0" Type4="0" Type5="0" Type6="0" Type7="0" Type8="0" Index1="2" Index2="0" Index3="0" Index4="0" Index5="0" Index6="0" Index7="0" Index8="0" Skill1="235" Skill2="0" Skill3="0" Skill4="0" Skill5="0" Skill6="0" Skill7="0" Skill8="0" Action1="0" Action2="0" Action3="0" Action4="0" Action5="0" Action6="0" Action7="0" Action8="0" />
	<LockEntry id="443" Type1="2" Type2="0" Type3="0" Type4="0" Type5="0" Type6="0" Type7="0" Type8="0" Index1="2" Index2="0" Index3="0" Index4="0" Index5="0" Index6="0" Index7="0" Index8="0" Skill1="245" Skill2="0" Skill3="0" Skill4="0" Skill5="0" Skill6="0" Skill7="0" Skill8="0" Action1="0" Action2="0" Action3="0" Action4="0" Action5="0" Action6="0" Action7="0" Action8="0" />
	<LockEntry id="444" Type1="2" Type2="0" Type3="0" Type4="0" Type5="0" Type6="0" Type7="0" Type8="0" Index1="2" Index2="0" Index3="0" Index4="0" Index5="0" Index6="0" Index7="0" Index8="0" Skill1="250" Skill2="0" Skill3="0" Skill4="0" Skill5="0" Skill6="0" Skill7="0" Skill8="0" Action1="0" Action2="0" Action3="0" Action4="0" Action5="0" Action6="0" Action7="0" Action8="0" />
	<LockEntry id="459" Type1="1" Type2="0" Type3="0" Type4="0" Type5="0" Type6="0" Type7="0" Type8="0" Index1="9240" Index2="0" Index3="0" Index4="0" Index5="0" Index6="0" Index7="0" Index8="0" Skill1="0" Skill2="0" Skill3="0" Skill4="0" Skill5="0" Skill6="0" Skill7="0" Skill8="0" Action1="0" Action2="0" Action3="0" Action4="0" Action5="0" Action6="0" Action7="0" Action8="0" />
	<LockEntry id="460" Type1="1" Type2="0" Type3="0" Type4="0" Type5="0" Type6="0" Type7="0" Type8="0" Index1="9249" Index2="0" Index3="0" Index4="0" Index5="0" Index6="0" Index7="0" Index8="0" Skill1="0" Skill2="0" Skill3="0" Skill4="0" Skill5="0" Skill6="0" Skill7="0" Skill8="0" Action1="0" Action2="0" Action3="0" Action4="0" Action5="0" Action6="0" Action7="0" Action8="0" />
	<LockEntry id="479" Type1="1" Type2="0" Type3="0" Type4="0" Type5="0" Type6="0" Type7="0" Type8="0" Index1="9299" Index2="0" Index3="0" Index4="0" Index5="0" Index6="0" Index7="0" Index8="0" Skill1="0" Skill2="0" Skill3="0" Skill4="0" Skill5="0" Skill6="0" Skill7="0" Skill8="0" Action1="0" Action2="0" Action3="0" Action4="0" Action5="0" Action6="0" Action7="0" Action8="0" />
	<LockEntry id="499" Type1="1" Type2="0" Type3="0" Type4="0" Type5="0" Type6="0" Type7="0" Type8="0" Index1="9472" Index2="0" Index3="0" Index4="0" Index5="0" Index6="0" Index7="0" Index8="0" Skill1="0" Skill2="0" Skill3="0" Skill4="0" Skill5="0" Skill6="0" Skill7="0" Skill8="0" Action1="0" Action2="0" Action3="0" Action4="0" Action5="0" Action6="0" Action7="0" Action8="0" />
	<LockEntry id="519" Type1="2" Type2="0" Type3="0" Type4="0" Type5="0" Type6="0" Type7="0" Type8="0" Index1="2" Index2="0" Index3="0" Index4="0" Index5="0" Index6="0" Index7="0" Index8="0" Skill1="85" Skill2="0" Skill3="0" Skill4="0" Skill5="0" Skill6="0" Skill7="0" Skill8="0" Action1="0" Action2="0" Action3="0" Action4="0" Action5="0" Action6="0" Action7="0" Action8="0" />
	<LockEntry id="520" Type1="1" Type2="0" Type3="0" Type4="0" Type5="0" Type6="0" Type7="0" Type8="0" Index1="10460" Index2="0" Index3="0" Index4="0" Index5="0" Index6="0" Index7="0" Index8="0" Skill1="0" Skill2="0" Skill3="0" Skill4="0" Skill5="0" Skill6="0" Skill7="0" Skill8="0" Action1="0" Action2="0" Action3="0" Action4="0" Action5="0" Action6="0" Action7="0" Action8="0" />
	<LockEntry id="521" Type1="2" Type2="0" Type3="0" Type4="0" Type5="0" Type6="0" Type7="0" Type8="0" Index1="2" Index2="0" Index3="0" Index4="0" Index5="0" Index6="0" Index7="0" Index8="0" Skill1="170" Skill2="0" Skill3="0" Skill4="0" Skill5="0" Skill6="0" Skill7="0" Skill8="0" Action1="0" Action2="0" Action3="0" Action4="0" Action5="0" Action6="0" Action7="0" Action8="0" />
	<LockEntry id="540" Type1="1" Type2="0" Type3="0" Type4="0" Type5="0" Type6="0" Type7="0" Type8="0" Index1="10445" Index2="0" Index3="0" Index4="0" Index5="0" Index6="0" Index7="0" Index8="0" Skill1="0" Skill2="0" Skill3="0" Skill4="0" Skill5="0" Skill6="0" Skill7="0" Skill8="0" Action1="0" Action2="0" Action3="0" Action4="0" Action5="0" Action6="0" Action7="0" Action8="0" />
	<LockEntry id="559" Type1="1" Type2="0" Type3="0" Type4="0" Type5="0" Type6="0" Type7="0" Type8="0" Index1="10515" Index2="0" Index3="0" Index4="0" Index5="0" Index6="0" Index7="0" Index8="0" Skill1="0" Skill2="0" Skill3="0" Skill4="0" Skill5="0" Skill6="0" Skill7="0" Skill8="0" Action1="0" Action2="0" Action3="0" Action4="0" Action5="0" Action6="0" Action7="0" Action8="0" />
	<LockEntry id="579" Type1="1" Type2="0" Type3="0" Type4="0" Type5="0" Type6="0" Type7="0" Type8="0" Index1="10757" Index2="0" Index3="0" Index4="0" Index5="0" Index6="0" Index7="0" Index8="0" Skill1="0" Skill2="0" Skill3="0" Skill4="0" Skill5="0" Skill6="0" Skill7="0" Skill8="0" Action1="0" Action2="0" Action3="0" Action4="0" Action5="0" Action6="0" Action7="0" Action8="0" />
	<LockEntry id="599" Type1="0" Type2="2" Type3="2" Type4="2" Type5="0" Type6="0" Type7="0" Type8="0" Index1="0" Index2="1" Index3="5" Index4="6" Index5="0" Index6="0" Index7="0" Index8="0" Skill1="0" Skill2="250" Skill3="0" Skill4="0" Skill5="0" Skill6="0" Skill7="0" Skill8="0" Action1="0" Action2="1" Action3="0" Action4="0" Action5="0" Action6="0" Action7="0" Action8="0" />
	<LockEntry id="600" Type1="0" Type2="2" Type3="2" Type4="2" Type5="0" Type6="0" Type7="0" Type8="0" Index1="0" Index2="1" Index3="5" Index4="6" Index5="0" Index6="0" Index7="0" Index8="0" Skill1="0" Skill2="275" Skill3="0" Skill4="0" Skill5="0" Skill6="0" Skill7="0" Skill8="0" Action1="0" Action2="1" Action3="0" Action4="0" Action5="0" Action6="0" Action7="0" Action8="0" />
	<LockEntry id="601" Type1="1" Type2="0" Type3="0" Type4="0" Type5="0" Type6="0" Type7="0" Type8="0" Index1="10757" Index2="0" Index3="0" Index4="0" Index5="0" Index6="0" Index7="0" Index8="0" Skill1="0" Skill2="0" Skill3="0" Skill4="0" Skill5="0" Skill6="0" Skill7="0" Skill8="0" Action1="0" Action2="0" Action3="0" Action4="0" Action5="0" Action6="0" Action7="0" Action8="0" />
	<LockEntry id="639" Type1="1" Type2="0" Type3="0" Type4="0" Type5="0" Type6="0" Type7="0" Type8="0" Index1="11078" Index2="0" Index3="0" Index4="0" Index5="0" Index6="0" Index7="0" Index8="0" Skill1="0" Skill2="0" Skill3="0" Skill4="0" Skill5="0" Skill6="0" Skill7="0" Skill8="0" Action1="0" Action2="0" Action3="0" Action4="0" Action5="0" Action6="0" Action7="0" Action8="0" />
	<LockEntry id="640" Type1="1" Type2="0" Type3="0" Type4="0" Type5="0" Type6="0" Type7="0" Type8="0" Index1="11079" Index2="0" Index3="0" Index4="0" Index5="0" Index6="0" Index7="0" Index8="0" Skill1="0" Skill2="0" Skill3="0" Skill4="0" Skill5="0" Skill6="0" Skill7="0" Skill8="0" Action1="0" Action2="0" Action3="0" Action4="0" Action5="0" Action6="0" Action7="0" Action8="0" />
	<LockEntry id="659" Type1="1" Type2="0" Type3="0" Type4="0" Type5="0" Type6="0" Type7="0" Type8="0" Index1="11197" Index2="0" Index3="0" Index4="0" Index5="0" Index6="0" Index7="0" Index8="0" Skill1="0" Skill2="0" Skill3="0" Skill4="0" Skill5="0" Skill6="0" Skill7="0" Skill8="0" Action1="0" Action2="0" Action3="0" Action4="0" Action5="0" Action6="0" Action7="0" Action8="0" />
	<LockEntry id="679" Type1="1" Type2="0" Type3="0" Type4="0" Type5="0" Type6="0" Type7="0" Type8="0" Index1="11115" Index2="0" Index3="0" Index4="0" Index5="0" Index6="0" Index7="0" Index8="0" Skill1="0" Skill2="0" Skill3="0" Skill4="0" Skill5="0" Skill6="0" Skill7="0" Skill8="0" Action1="0" Action2="0" Action3="0" Action4="0" Action5="0" Action6="0" Action7="0" Action8="0" />
	<LockEntry id="680" Type1="1" Type2="2" Type3="2" Type4="2" Type5="2" Type6="0" Type7="0" Type8="0" Index1="11000" Index2="1" Index3="10" Index4="11" Index5="16" Index6="0" Index7="0" Index8="0" Skill1="0" Skill2="250" Skill3="0" Skill4="0" Skill5="250" Skill6="0" Skill7="0" Skill8="0" Action1="1" Action2="1" Action3="0" Action4="2" Action5="1" Action6="0" Action7="0" Action8="0" />
	<LockEntry id="699" Type1="1" Type2="2" Type3="2" Type4="2" Type5="2" Type6="0" Type7="0" Type8="0" Index1="11140" Index2="1" Index3="10" Index4="11" Index5="16" Index6="0" Index7="0" Index8="0" Skill1="0" Skill2="250" Skill3="0" Skill4="0" Skill5="250" Skill6="0" Skill7="0" Skill8="0" Action1="1" Action2="1" Action3="0" Action4="2" Action5="1" Action6="0" Action7="0" Action8="0" />
	<LockEntry id="719" Type1="2" Type2="0" Type3="0" Type4="0" Type5="0" Type6="0" Type7="0" Type8="0" Index1="3" Index2="0" Index3="0" Index4="0" Index5="0" Index6="0" Index7="0" Index8="0" Skill1="230" Skill2="0" Skill3="0" Skill4="0" Skill5="0" Skill6="0" Skill7="0" Skill8="0" Action1="0" Action2="0" Action3="0" Action4="0" Action5="0" Action6="0" Action7="0" Action8="0" />
	<LockEntry id="739" Type1="1" Type2="0" Type3="0" Type4="0" Type5="0" Type6="0" Type7="0" Type8="0" Index1="11602" Index2="0" Index3="0" Index4="0" Index5="0" Index6="0" Index7="0" Index8="0" Skill1="0" Skill2="0" Skill3="0" Skill4="0" Skill5="0" Skill6="0" Skill7="0" Skill8="0" Action1="0" Action2="0" Action3="0" Action4="0" Action5="0" Action6="0" Action7="0" Action8="0" />
	<LockEntry id="740" Type1="2" Type2="0" Type3="0" Type4="0" Type5="0" Type6="0" Type7="0" Type8="0" Index1="0" Index2="0" Index3="0" Index4="0" Index5="0" Index6="0" Index7="0" Index8="0" Skill1="0" Skill2="0" Skill3="0" Skill4="0" Skill5="0" Skill6="0" Skill7="0" Skill8="0" Action1="0" Action2="0" Action3="0" Action4="0" Action5="0" Action6="0" Action7="0" Action8="0" />
	<LockEntry id="759" Type1="1" Type2="0" Type3="0" Type4="0" Type5="0" Type6="0" Type7="0" Type8="0" Index1="11000" Index2="0" Index3="0" Index4="0" Index5="0" Index6="0" Index7="0" Index8="0" Skill1="0" Skill2="0" Skill3="0" Skill4="0" Skill5="0" Skill6="0" Skill7="0" Skill8="0" Action1="0" Action2="0" Action3="0" Action4="0" Action5="0" Action6="0" Action7="0" Action8="0" />
	<LockEntry id="779" Type1="1" Type2="0" Type3="0" Type4="0" Type5="0" Type6="0" Type7="0" Type8="0" Index1="11833" Index2="0" Index3="0" Index4="0" Index5="0" Index6="0" Index7="0" Index8="0" Skill1="0" Skill2="0" Skill3="0" Skill4="0" Skill5="0" Skill6="0" Skill7="0" Skill8="0" Action1="0" Action2="0" Action3="0" Action4="0" Action5="0" Action6="0" Action7="0" Action8="0" />
	<LockEntry id="799" Type1="1" Type2="0" Type3="0" Type4="0" Type5="0" Type6="0" Type7="0" Type8="0" Index1="11885" Index2="0" Index3="0" Index4="0" Index5="0" Index6="0" Index7="0" Index8="0" Skill1="0" Skill2="0" Skill3="0" Skill4="0" Skill5="0" Skill6="0" Skill7="0" Skill8="0" Action1="0" Action2="0" Action3="0" Action4="0" Action5="0" Action6="0" Action7="0" Action8="0" />
	<LockEntry id="820" Type1="1" Type2="2" Type3="2" Type4="0" Type5="0" Type6="0" Type7="0" Type8="0" Index1="12344" Index2="10" Index3="11" Index4="0" Index5="0" Index6="0" Index7="0" Index8="0" Skill1="0" Skill2="0" Skill3="0" Skill4="0" Skill5="0" Skill6="0" Skill7="0" Skill8="0" Action1="1" Action2="0" Action3="2" Action4="0" Action5="0" Action6="0" Action7="0" Action8="0" />
	<LockEntry id="821" Type1="0" Type2="1" Type3="1" Type4="0" Type5="0" Type6="0" Type7="0" Type8="0" Index1="0" Index2="12144" Index3="12286" Index4="0" Index5="0" Index6="0" Index7="0" Index8="0" Skill1="0" Skill2="0" Skill3="0" Skill4="0" Skill5="0" Skill6="0" Skill7="0" Skill8="0" Action1="0" Action2="0" Action3="0" Action4="0" Action5="0" Action6="0" Action7="0" Action8="0" />
	<LockEntry id="839" Type1="1" Type2="0" Type3="0" Type4="0" Type5="0" Type6="0" Type7="0" Type8="0" Index1="12186" Index2="0" Index3="0" Index4="0" Index5="0" Index6="0" Index7="0" Index8="0" Skill1="0" Skill2="0" Skill3="0" Skill4="0" Skill5="0" Skill6="0" Skill7="0" Skill8="0" Action1="0" Action2="0" Action3="0" Action4="0" Action5="0" Action6="0" Action7="0" Action8="0" />
	<LockEntry id="859" Type1="1" Type2="0" Type3="0" Type4="0" Type5="0" Type6="0" Type7="0" Type8="0" Index1="12301" Index2="0" Index3="0" Index4="0" Index5="0" Index6="0" Index7="0" Index8="0" Skill1="0" Skill2="0" Skill3="0" Skill4="0" Skill5="0" Skill6="0" Skill7="0" Skill8="0" Action1="0" Action2="0" Action3="0" Action4="0" Action5="0" Action6="0" Action7="0" Action8="0" />
	<LockEntry id="879" Type1="1" Type2="2" Type3="2" Type4="2" Type5="2" Type6="0" Type7="0" Type8="0" Index1="12382" Index2="1" Index3="10" Index4="11" Index5="16" Index6="0" Index7="0" Index8="0" Skill1="0" Skill2="300" Skill3="0" Skill4="0" Skill5="300" Skill6="0" Skill7="0" Skill8="0" Action1="1" Action2="1" Action3="0" Action4="2" Action5="1" Action6="0" Action7="0" Action8="0" />
	<LockEntry id="899" Type1="0" Type2="0" Type3="0" Type4="0" Type5="0" Type6="0" Type7="0" Type8="0" Index1="0" Index2="0" Index3="0" Index4="0" Index5="0" Index6="0" Index7="0" Index8="0" Skill1="0" Skill2="0" Skill3="0" Skill4="0" Skill5="0" Skill6="0" Skill7="0" Skill8="0" Action1="0" Action2="0" Action3="0" Action4="0" Action5="0" Action6="0" Action7="0" Action8="0" />
	<LockEntry id="920" Type1="0" Type2="0" Type3="0" Type4="0" Type5="0" Type6="0" Type7="0" Type8="0" Index1="0" Index2="0" Index3="0" Index4="0" Index5="0" Index6="0" Index7="0" Index8="0" Skill1="0" Skill2="0" Skill3="0" Skill4="0" Skill5="0" Skill6="0" Skill7="0" Skill8="0" Action1="0" Action2="0" Action3="0" Action4="0" Action5="0" Action6="0" Action7="0" Action8="0" />
	<LockEntry id="939" Type1="2" Type2="0" Type3="0" Type4="0" Type5="0" Type6="0" Type7="0" Type8="0" Index1="3" Index2="0" Index3="0" Index4="0" Index5="0" Index6="0" Index7="0" Index8="0" Skill1="275" Skill2="0" Skill3="0" Skill4="0" Skill5="0" Skill6="0" Skill7="0" Skill8="0" Action1="0" Action2="0" Action3="0" Action4="0" Action5="0" Action6="0" Action7="0" Action8="0" />
	<LockEntry id="959" Type1="1" Type2="0" Type3="0" Type4="0" Type5="0" Type6="0" Type7="0" Type8="0" Index1="12785" Index2="0" Index3="0" Index4="0" Index5="0" Index6="0" Index7="0" Index8="0" Skill1="0" Skill2="0" Skill3="0" Skill4="0" Skill5="0" Skill6="0" Skill7="0" Skill8="0" Action1="0" Action2="0" Action3="0" Action4="0" Action5="0" Action6="0" Action7="0" Action8="0" />
	<LockEntry id="960" Type1="1" Type2="0" Type3="0" Type4="0" Type5="0" Type6="0" Type7="0" Type8="0" Index1="12814" Index2="0" Index3="0" Index4="0" Index5="0" Index6="0" Index7="0" Index8="0" Skill1="0" Skill2="0" Skill3="0" Skill4="0" Skill5="0" Skill6="0" Skill7="0" Skill8="0" Action1="0" Action2="0" Action3="0" Action4="0" Action5="0" Action6="0" Action7="0" Action8="0" />
	<LockEntry id="979" Type1="1" Type2="0" Type3="0" Type4="0" Type5="0" Type6="0" Type7="0" Type8="0" Index1="12891" Index2="0" Index3="0" Index4="0" Index5="0" Index6="0" Index7="0" Index8="0" Skill1="0" Skill2="0" Skill3="0" Skill4="0" Skill5="0" Skill6="0" Skill7="0" Skill8="0" Action1="0" Action2="0" Action3="0" Action4="0" Action5="0" Action6="0" Action7="0" Action8="0" />
	<LockEntry id="999" Type1="1" Type2="0" Type3="0" Type4="0" Type5="0" Type6="0" Type7="0" Type8="0" Index1="12906" Index2="0" Index3="0" Index4="0" Index5="0" Index6="0" Index7="0" Index8="0" Skill1="0" Skill2="0" Skill3="0" Skill4="0" Skill5="0" Skill6="0" Skill7="0" Skill8="0" Action1="0" Action2="0" Action3="0" Action4="0" Action5="0" Action6="0" Action7="0" Action8="0" />
	<LockEntry id="1019" Type1="1" Type2="0" Type3="0" Type4="0" Type5="0" Type6="0" Type7="0" Type8="0" Index1="12942" Index2="0" Index3="0" Index4="0" Index5="0" Index6="0" Index7="0" Index8="0" Skill1="0" Skill2="0" Skill3="0" Skill4="0" Skill5="0" Skill6="0" Skill7="0" Skill8="0" Action1="0" Action2="0" Action3="0" Action4="0" Action5="0" Action6="0" Action7="0" Action8="0" />
	<LockEntry id="1039" Type1="1" Type2="0" Type3="0" Type4="0" Type5="0" Type6="0" Type7="0" Type8="0" Index1="12973" Index2="0" Index3="0" Index4="0" Index5="0" Index6="0" Index7="0" Index8="0" Skill1="0" Skill2="0" Skill3="0" Skill4="0" Skill5="0" Skill6="0" Skill7="0" Skill8="0" Action1="0" Action2="0" Action3="0" Action4="0" Action5="0" Action6="0" Action7="0" Action8="0" />
	<LockEntry id="1059" Type1="0" Type2="0" Type3="0" Type4="0" Type5="0" Type6="0" Type7="0" Type8="0" Index1="0" Index2="0" Index3="0" Index4="0" Index5="0" Index6="0" Index7="0" Index8="0" Skill1="0" Skill2="0" Skill3="0" Skill4="0" Skill5="0" Skill6="0" Skill7="0" Skill8="0" Action1="0" Action2="0" Action3="0" Action4="0" Action5="0" Action6="0" Action7="0" Action8="0" />
	<LockEntry id="1079" Type1="1" Type2="0" Type3="0" Type4="0" Type5="0" Type6="0" Type7="0" Type8="0" Index1="13302" Index2="0" Index3="0" Index4="0" Index5="0" Index6="0" Index7="0" Index8="0" Skill1="0" Skill2="0" Skill3="0" Skill4="0" Skill5="0" Skill6="0" Skill7="0" Skill8="0" Action1="0" Action2="0" Action3="0" Action4="0" Action5="0" Action6="0" Action7="0" Action8="0" />
	<LockEntry id="1080" Type1="1" Type2="0" Type3="0" Type4="0" Type5="0" Type6="0" Type7="0" Type8="0" Index1="13303" Index2="0" Index3="0" Index4="0" Index5="0" Index6="0" Index7="0" Index8="0" Skill1="0" Skill2="0" Skill3="0" Skill4="0" Skill5="0" Skill6="0" Skill7="0" Skill8="0" Action1="0" Action2="0" Action3="0" Action4="0" Action5="0" Action6="0" Action7="0" Action8="0" />
	<LockEntry id="1081" Type1="1" Type2="2" Type3="0" Type4="0" Type5="0" Type6="0" Type7="0" Type8="0" Index1="13304" Index2="0" Index3="0" Index4="0" Index5="0" Index6="0" Index7="0" Index8="0" Skill1="0" Skill2="0" Skill3="0" Skill4="0" Skill5="0" Skill6="0" Skill7="0" Skill8="0" Action1="0" Action2="0" Action3="0" Action4="0" Action5="0" Action6="0" Action7="0" Action8="0" />
	<LockEntry id="1082" Type1="1" Type2="0" Type3="0" Type4="0" Type5="0" Type6="0" Type7="0" Type8="0" Index1="13305" Index2="0" Index3="0" Index4="0" Index5="0" Index6="0" Index7="0" Index8="0" Skill1="0" Skill2="0" Skill3="0" Skill4="0" Skill5="0" Skill6="0" Skill7="0" Skill8="0" Action1="0" Action2="0" Action3="0" Action4="0" Action5="0" Action6="0" Action7="0" Action8="0" />
	<LockEntry id="1083" Type1="1" Type2="0" Type3="0" Type4="0" Type5="0" Type6="0" Type7="0" Type8="0" Index1="13306" Index2="0" Index3="0" Index4="0" Index5="0" Index6="0" Index7="0" Index8="0" Skill1="0" Skill2="0" Skill3="0" Skill4="0" Skill5="0" Skill6="0" Skill7="0" Skill8="0" Action1="0" Action2="0" Action3="0" Action4="0" Action5="0" Action6="0" Action7="0" Action8="0" />
	<LockEntry id="1084" Type1="1" Type2="0" Type3="0" Type4="0" Type5="0" Type6="0" Type7="0" Type8="0" Index1="13307" Index2="0" Index3="0" Index4="0" Index5="0" Index6="0" Index7="0" Index8="0" Skill1="0" Skill2="0" Skill3="0" Skill4="0" Skill5="0" Skill6="0" Skill7="0" Skill8="0" Action1="0" Action2="0" Action3="0" Action4="0" Action5="0" Action6="0" Action7="0" Action8="0" />
	<LockEntry id="1085" Type1="0" Type2="2" Type3="0" Type4="0" Type5="0" Type6="0" Type7="0" Type8="0" Index1="0" Index2="10" Index3="0" Index4="0" Index5="0" Index6="0" Index7="0" Index8="0" Skill1="0" Skill2="0" Skill3="0" Skill4="0" Skill5="0" Skill6="0" Skill7="0" Skill8="0" Action1="0" Action2="0" Action3="0" Action4="0" Action5="0" Action6="0" Action7="0" Action8="0" />
	<LockEntry id="1099" Type1="2" Type2="2" Type3="0" Type4="0" Type5="0" Type6="0" Type7="0" Type8="0" Index1="10" Index2="0" Index3="0" Index4="0" Index5="0" Index6="0" Index7="0" Index8="0" Skill1="0" Skill2="0" Skill3="0" Skill4="0" Skill5="0" Skill6="0" Skill7="0" Skill8="0" Action1="0" Action2="0" Action3="0" Action4="0" Action5="0" Action6="0" Action7="0" Action8="0" />
	<LockEntry id="1119" Type1="2" Type2="0" Type3="0" Type4="0" Type5="0" Type6="0" Type7="0" Type8="0" Index1="2" Index2="0" Index3="0" Index4="0" Index5="0" Index6="0" Index7="0" Index8="0" Skill1="260" Skill2="0" Skill3="0" Skill4="0" Skill5="0" Skill6="0" Skill7="0" Skill8="0" Action1="0" Action2="0" Action3="0" Action4="0" Action5="0" Action6="0" Action7="0" Action8="0" />
	<LockEntry id="1120" Type1="2" Type2="0" Type3="0" Type4="0" Type5="0" Type6="0" Type7="0" Type8="0" Index1="2" Index2="0" Index3="0" Index4="0" Index5="0" Index6="0" Index7="0" Index8="0" Skill1="270" Skill2="0" Skill3="0" Skill4="0" Skill5="0" Skill6="0" Skill7="0" Skill8="0" Action1="0" Action2="0" Action3="0" Action4="0" Action5="0" Action6="0" Action7="0" Action8="0" />
	<LockEntry id="1121" Type1="2" Type2="0" Type3="0" Type4="0" Type5="0" Type6="0" Type7="0" Type8="0" Index1="2" Index2="0" Index3="0" Index4="0" Index5="0" Index6="0" Index7="0" Index8="0" Skill1="280" Skill2="0" Skill3="0" Skill4="0" Skill5="0" Skill6="0" Skill7="0" Skill8="0" Action1="0" Action2="0" Action3="0" Action4="0" Action5="0" Action6="0" Action7="0" Action8="0" />
	<LockEntry id="1122" Type1="2" Type2="0" Type3="0" Type4="0" Type5="0" Type6="0" Type7="0" Type8="0" Index1="2" Index2="0" Index3="0" Index4="0" Index5="0" Index6="0" Index7="0" Index8="0" Skill1="285" Skill2="0" Skill3="0" Skill4="0" Skill5="0" Skill6="0" Skill7="0" Skill8="0" Action1="0" Action2="0" Action3="0" Action4="0" Action5="0" Action6="0" Action7="0" Action8="0" />
	<LockEntry id="1123" Type1="2" Type2="0" Type3="0" Type4="0" Type5="0" Type6="0" Type7="0" Type8="0" Index1="2" Index2="0" Index3="0" Index4="0" Index5="0" Index6="0" Index7="0" Index8="0" Skill1="290" Skill2="0" Skill3="0" Skill4="0" Skill5="0" Skill6="0" Skill7="0" Skill8="0" Action1="0" Action2="0" Action3="0" Action4="0" Action5="0" Action6="0" Action7="0" Action8="0" />
	<LockEntry id="1124" Type1="2" Type2="0" Type3="0" Type4="0" Type5="0" Type6="0" Type7="0" Type8="0" Index1="2" Index2="0" Index3="0" Index4="0" Index5="0" Index6="0" Index7="0" Index8="0" Skill1="300" Skill2="0" Skill3="0" Skill4="0" Skill5="0" Skill6="0" Skill7="0" Skill8="0" Action1="0" Action2="0" Action3="0" Action4="0" Action5="0" Action6="0" Action7="0" Action8="0" />
	<LockEntry id="1159" Type1="1" Type2="2" Type3="2" Type4="2" Type5="2" Type6="0" Type7="0" Type8="0" Index1="13704" Index2="1" Index3="10" Index4="11" Index5="16" Index6="0" Index7="0" Index8="0" Skill1="0" Skill2="280" Skill3="0" Skill4="0" Skill5="300" Skill6="0" Skill7="0" Skill8="0" Action1="1" Action2="1" Action3="0" Action4="2" Action5="1" Action6="0" Action7="0" Action8="0" />
	<LockEntry id="1179" Type1="1" Type2="0" Type3="0" Type4="0" Type5="0" Type6="0" Type7="0" Type8="0" Index1="13523" Index2="0" Index3="0" Index4="0" Index5="0" Index6="0" Index7="0" Index8="0" Skill1="0" Skill2="0" Skill3="0" Skill4="0" Skill5="0" Skill6="0" Skill7="0" Skill8="0" Action1="0" Action2="0" Action3="0" Action4="0" Action5="0" Action6="0" Action7="0" Action8="0" />
	<LockEntry id="1199" Type1="1" Type2="0" Type3="0" Type4="0" Type5="0" Type6="0" Type7="0" Type8="0" Index1="13873" Index2="0" Index3="0" Index4="0" Index5="0" Index6="0" Index7="0" Index8="0" Skill1="0" Skill2="0" Skill3="0" Skill4="0" Skill5="0" Skill6="0" Skill7="0" Skill8="0" Action1="1" Action2="0" Action3="0" Action4="0" Action5="0" Action6="0" Action7="0" Action8="0" />
	<LockEntry id="1219" Type1="1" Type2="0" Type3="0" Type4="0" Type5="0" Type6="0" Type7="0" Type8="0" Index1="14523" Index2="0" Index3="0" Index4="0" Index5="0" Index6="0" Index7="0" Index8="0" Skill1="0" Skill2="0" Skill3="0" Skill4="0" Skill5="0" Skill6="0" Skill7="0" Skill8="0" Action1="0" Action2="0" Action3="0" Action4="0" Action5="0" Action6="0" Action7="0" Action8="0" />
	<LockEntry id="1239" Type1="1" Type2="0" Type3="0" Type4="0" Type5="0" Type6="0" Type7="0" Type8="0" Index1="14547" Index2="0" Index3="0" Index4="0" Index5="0" Index6="0" Index7="0" Index8="0" Skill1="0" Skill2="0" Skill3="0" Skill4="0" Skill5="0" Skill6="0" Skill7="0" Skill8="0" Action1="0" Action2="0" Action3="0" Action4="0" Action5="0" Action6="0" Action7="0" Action8="0" />
	<LockEntry id="1259" Type1="1" Type2="0" Type3="0" Type4="0" Type5="0" Type6="0" Type7="0" Type8="0" Index1="15042" Index2="0" Index3="0" Index4="0" Index5="0" Index6="0" Index7="0" Index8="0" Skill1="0" Skill2="0" Skill3="0" Skill4="0" Skill5="0" Skill6="0" Skill7="0" Skill8="0" Action1="0" Action2="0" Action3="0" Action4="0" Action5="0" Action6="0" Action7="0" Action8="0" />
	<LockEntry id="1299" Type1="1" Type2="0" Type3="0" Type4="0" Type5="0" Type6="0" Type7="0" Type8="0" Index1="15766" Index2="0" Index3="0" Index4="0" Index5="0" Index6="0" Index7="0" Index8="0" Skill1="0" Skill2="0" Skill3="0" Skill4="0" Skill5="0" Skill6="0" Skill7="0" Skill8="0" Action1="0" Action2="0" Action3="0" Action4="0" Action5="0" Action6="0" Action7="0" Action8="0" />
	<LockEntry id="1319" Type1="2" Type2="0" Type3="0" Type4="0" Type5="0" Type6="0" Type7="0" Type8="0" Index1="12" Index2="0" Index3="0" Index4="0" Index5="0" Index6="0" Index7="0" Index8="0" Skill1="0" Skill2="0" Skill3="0" Skill4="0" Skill5="0" Skill6="0" Skill7="0" Skill8="0" Action1="0" Action2="0" Action3="0" Action4="0" Action5="0" Action6="0" Action7="0" Action8="0" />
	<LockEntry id="1340" Type1="1" Type2="0" Type3="0" Type4="0" Type5="0" Type6="0" Type7="0" Type8="0" Index1="16208" Index2="0" Index3="0" Index4="0" Index5="0" Index6="0" Index7="0" Index8="0" Skill1="0" Skill2="0" Skill3="0" Skill4="0" Skill5="0" Skill6="0" Skill7="0" Skill8="0" Action1="0" Action2="0" Action3="0" Action4="0" Action5="0" Action6="0" Action7="0" Action8="0" />
	<LockEntry id="1359" Type1="1" Type2="0" Type3="0" Type4="0" Type5="0" Type6="0" Type7="0" Type8="0" Index1="16308" Index2="0" Index3="0" Index4="0" Index5="0" Index6="0" Index7="0" Index8="0" Skill1="0" Skill2="0" Skill3="0" Skill4="0" Skill5="0" Skill6="0" Skill7="0" Skill8="0" Action1="0" Action2="0" Action3="0" Action4="0" Action5="0" Action6="0" Action7="0" Action8="0" />
	<LockEntry id="1379" Type1="1" Type2="0" Type3="0" Type4="0" Type5="0" Type6="0" Type7="0" Type8="0" Index1="16333" Index2="0" Index3="0" Index4="0" Index5="0" Index6="0" Index7="0" Index8="0" Skill1="0" Skill2="0" Skill3="0" Skill4="0" Skill5="0" Skill6="0" Skill7="0" Skill8="0" Action1="0" Action2="0" Action3="0" Action4="0" Action5="0" Action6="0" Action7="0" Action8="0" />
	<LockEntry id="1399" Type1="1" Type2="0" Type3="0" Type4="0" Type5="0" Type6="0" Type7="0" Type8="0" Index1="16603" Index2="0" Index3="0" Index4="0" Index5="0" Index6="0" Index7="0" Index8="0" Skill1="0" Skill2="0" Skill3="0" Skill4="0" Skill5="0" Skill6="0" Skill7="0" Skill8="0" Action1="0" Action2="0" Action3="0" Action4="0" Action5="0" Action6="0" Action7="0" Action8="0" />
	<LockEntry id="1419" Type1="1" Type2="0" Type3="0" Type4="0" Type5="0" Type6="0" Type7="0" Type8="0" Index1="17242" Index2="0" Index3="0" Index4="0" Index5="0" Index6="0" Index7="0" Index8="0" Skill1="0" Skill2="0" Skill3="0" Skill4="0" Skill5="0" Skill6="0" Skill7="0" Skill8="0" Action1="0" Action2="0" Action3="0" Action4="0" Action5="0" Action6="0" Action7="0" Action8="0" />
	<LockEntry id="1439" Type1="1" Type2="0" Type3="0" Type4="0" Type5="0" Type6="0" Type7="0" Type8="0" Index1="17262" Index2="0" Index3="0" Index4="0" Index5="0" Index6="0" Index7="0" Index8="0" Skill1="0" Skill2="0" Skill3="0" Skill4="0" Skill5="0" Skill6="0" Skill7="0" Skill8="0" Action1="0" Action2="0" Action3="0" Action4="0" Action5="0" Action6="0" Action7="0" Action8="0" />
	<LockEntry id="1459" Type1="0" Type2="1" Type3="1" Type4="0" Type5="0" Type6="0" Type7="0" Type8="0" Index1="0" Index2="17333" Index3="22754" Index4="0" Index5="0" Index6="0" Index7="0" Index8="0" Skill1="0" Skill2="0" Skill3="0" Skill4="0" Skill5="0" Skill6="0" Skill7="0" Skill8="0" Action1="0" Action2="2" Action3="2" Action4="0" Action5="0" Action6="0" Action7="0" Action8="0" />
	<LockEntry id="1479" Type1="0" Type2="2" Type3="0" Type4="0" Type5="0" Type6="0" Type7="0" Type8="0" Index1="0" Index2="17" Index3="0" Index4="0" Index5="0" Index6="0" Index7="0" Index8="0" Skill1="0" Skill2="0" Skill3="0" Skill4="0" Skill5="0" Skill6="0" Skill7="0" Skill8="0" Action1="0" Action2="0" Action3="0" Action4="0" Action5="0" Action6="0" Action7="0" Action8="0" />
	<LockEntry id="1499" Type1="1" Type2="0" Type3="0" Type4="0" Type5="0" Type6="0" Type7="0" Type8="0" Index1="17696" Index2="0" Index3="0" Index4="0" Index5="0" Index6="0" Index7="0" Index8="0" Skill1="0" Skill2="0" Skill3="0" Skill4="0" Skill5="0" Skill6="0" Skill7="0" Skill8="0" Action1="0" Action2="0" Action3="0" Action4="0" Action5="0" Action6="0" Action7="0" Action8="0" />
	<LockEntry id="1539" Type1="0" Type2="2" Type3="0" Type4="0" Type5="0" Type6="0" Type7="0" Type8="0" Index1="0" Index2="10" Index3="0" Index4="0" Index5="0" Index6="0" Index7="0" Index8="0" Skill1="0" Skill2="0" Skill3="0" Skill4="0" Skill5="0" Skill6="0" Skill7="0" Skill8="0" Action1="0" Action2="0" Action3="0" Action4="0" Action5="0" Action6="0" Action7="0" Action8="0" />
	<LockEntry id="1559" Type1="0" Type2="2" Type3="2" Type4="2" Type5="0" Type6="0" Type7="0" Type8="0" Index1="0" Index2="1" Index3="5" Index4="6" Index5="0" Index6="0" Index7="0" Index8="0" Skill1="0" Skill2="110" Skill3="0" Skill4="0" Skill5="0" Skill6="0" Skill7="0" Skill8="0" Action1="0" Action2="1" Action3="0" Action4="0" Action5="0" Action6="0" Action7="0" Action8="0" />
	<LockEntry id="1560" Type1="0" Type2="2" Type3="2" Type4="2" Type5="0" Type6="0" Type7="0" Type8="0" Index1="0" Index2="1" Index3="5" Index4="6" Index5="0" Index6="0" Index7="0" Index8="0" Skill1="0" Skill2="150" Skill3="0" Skill4="0" Skill5="0" Skill6="0" Skill7="0" Skill8="0" Action1="0" Action2="1" Action3="0" Action4="0" Action5="0" Action6="0" Action7="0" Action8="0" />
	<LockEntry id="1561" Type1="0" Type2="2" Type3="2" Type4="2" Type5="0" Type6="0" Type7="0" Type8="0" Index1="0" Index2="1" Index3="5" Index4="6" Index5="0" Index6="0" Index7="0" Index8="0" Skill1="0" Skill2="200" Skill3="0" Skill4="0" Skill5="0" Skill6="0" Skill7="0" Skill8="0" Action1="0" Action2="1" Action3="0" Action4="0" Action5="0" Action6="0" Action7="0" Action8="0" />
	<LockEntry id="1562" Type1="1" Type2="2" Type3="2" Type4="2" Type5="2" Type6="0" Type7="0" Type8="0" Index1="18249" Index2="1" Index3="10" Index4="11" Index5="16" Index6="0" Index7="0" Index8="0" Skill1="0" Skill2="300" Skill3="0" Skill4="0" Skill5="300" Skill6="0" Skill7="0" Skill8="0" Action1="1" Action2="1" Action3="0" Action4="2" Action5="1" Action6="0" Action7="0" Action8="0" />
	<LockEntry id="1563" Type1="1" Type2="0" Type3="0" Type4="0" Type5="0" Type6="0" Type7="0" Type8="0" Index1="18266" Index2="0" Index3="0" Index4="0" Index5="0" Index6="0" Index7="0" Index8="0" Skill1="0" Skill2="0" Skill3="0" Skill4="0" Skill5="0" Skill6="0" Skill7="0" Skill8="0" Action1="1" Action2="0" Action3="0" Action4="0" Action5="0" Action6="0" Action7="0" Action8="0" />
	<LockEntry id="1564" Type1="1" Type2="2" Type3="2" Type4="2" Type5="2" Type6="0" Type7="0" Type8="0" Index1="18268" Index2="1" Index3="10" Index4="11" Index5="16" Index6="0" Index7="0" Index8="0" Skill1="0" Skill2="200" Skill3="0" Skill4="0" Skill5="200" Skill6="0" Skill7="0" Skill8="0" Action1="1" Action2="1" Action3="0" Action4="2" Action5="1" Action6="0" Action7="0" Action8="0" />
	<LockEntry id="1580" Type1="1" Type2="0" Type3="0" Type4="0" Type5="0" Type6="0" Type7="0" Type8="0" Index1="18629" Index2="0" Index3="0" Index4="0" Index5="0" Index6="0" Index7="0" Index8="0" Skill1="0" Skill2="0" Skill3="0" Skill4="0" Skill5="0" Skill6="0" Skill7="0" Skill8="0" Action1="0" Action2="0" Action3="0" Action4="0" Action5="0" Action6="0" Action7="0" Action8="0" />
	<LockEntry id="1599" Type1="0" Type2="2" Type3="0" Type4="0" Type5="0" Type6="0" Type7="0" Type8="0" Index1="0" Index2="17" Index3="0" Index4="0" Index5="0" Index6="0" Index7="0" Index8="0" Skill1="0" Skill2="0" Skill3="0" Skill4="0" Skill5="0" Skill6="0" Skill7="0" Skill8="0" Action1="0" Action2="0" Action3="0" Action4="0" Action5="0" Action6="0" Action7="0" Action8="0" />
	<LockEntry id="1619" Type1="1" Type2="0" Type3="0" Type4="0" Type5="0" Type6="0" Type7="0" Type8="0" Index1="19931" Index2="0" Index3="0" Index4="0" Index5="0" Index6="0" Index7="0" Index8="0" Skill1="0" Skill2="0" Skill3="0" Skill4="0" Skill5="0" Skill6="0" Skill7="0" Skill8="0" Action1="0" Action2="0" Action3="0" Action4="0" Action5="0" Action6="0" Action7="0" Action8="0" />
	<LockEntry id="1620" Type1="0" Type2="2" Type3="0" Type4="0" Type5="0" Type6="0" Type7="0" Type8="0" Index1="0" Index2="1" Index3="0" Index4="0" Index5="0" Index6="0" Index7="0" Index8="0" Skill1="0" Skill2="5000" Skill3="0" Skill4="0" Skill5="0" Skill6="0" Skill7="0" Skill8="0" Action1="0" Action2="1" Action3="0" Action4="0" Action5="0" Action6="0" Action7="0" Action8="0" />
	<LockEntry id="1621" Type1="2" Type2="0" Type3="0" Type4="0" Type5="0" Type6="0" Type7="0" Type8="0" Index1="19" Index2="0" Index3="0" Index4="0" Index5="0" Index6="0" Index7="0" Index8="0" Skill1="25" Skill2="0" Skill3="0" Skill4="0" Skill5="0" Skill6="0" Skill7="0" Skill8="0" Action1="0" Action2="0" Action3="0" Action4="0" Action5="0" Action6="0" Action7="0" Action8="0" />
	<LockEntry id="1622" Type1="1" Type2="0" Type3="0" Type4="0" Type5="0" Type6="0" Type7="0" Type8="0" Index1="21172" Index2="0" Index3="0" Index4="0" Index5="0" Index6="0" Index7="0" Index8="0" Skill1="0" Skill2="0" Skill3="0" Skill4="0" Skill5="0" Skill6="0" Skill7="0" Skill8="0" Action1="0" Action2="0" Action3="0" Action4="0" Action5="0" Action6="0" Action7="0" Action8="0" />
	<LockEntry id="1623" Type1="1" Type2="0" Type3="0" Type4="0" Type5="0" Type6="0" Type7="0" Type8="0" Index1="21174" Index2="0" Index3="0" Index4="0" Index5="0" Index6="0" Index7="0" Index8="0" Skill1="0" Skill2="0" Skill3="0" Skill4="0" Skill5="0" Skill6="0" Skill7="0" Skill8="0" Action1="0" Action2="0" Action3="0" Action4="0" Action5="0" Action6="0" Action7="0" Action8="0" />
	<LockEntry id="1624" Type1="2" Type2="0" Type3="0" Type4="0" Type5="0" Type6="0" Type7="0" Type8="0" Index1="19" Index2="0" Index3="0" Index4="0" Index5="0" Index6="0" Index7="0" Index8="0" Skill1="50" Skill2="0" Skill3="0" Skill4="0" Skill5="0" Skill6="0" Skill7="0" Skill8="0" Action1="0" Action2="0" Action3="0" Action4="0" Action5="0" Action6="0" Action7="0" Action8="0" />
	<LockEntry id="1625" Type1="2" Type2="0" Type3="0" Type4="0" Type5="0" Type6="0" Type7="0" Type8="0" Index1="19" Index2="0" Index3="0" Index4="0" Index5="0" Index6="0" Index7="0" Index8="0" Skill1="100" Skill2="0" Skill3="0" Skill4="0" Skill5="0" Skill6="0" Skill7="0" Skill8="0" Action1="0" Action2="0" Action3="0" Action4="0" Action5="0" Action6="0" Action7="0" Action8="0" />
	<LockEntry id="1626" Type1="2" Type2="0" Type3="0" Type4="0" Type5="0" Type6="0" Type7="0" Type8="0" Index1="19" Index2="0" Index3="0" Index4="0" Index5="0" Index6="0" Index7="0" Index8="0" Skill1="175" Skill2="0" Skill3="0" Skill4="0" Skill5="0" Skill6="0" Skill7="0" Skill8="0" Action1="0" Action2="0" Action3="0" Action4="0" Action5="0" Action6="0" Action7="0" Action8="0" />
	<LockEntry id="1627" Type1="2" Type2="0" Type3="0" Type4="0" Type5="0" Type6="0" Type7="0" Type8="0" Index1="19" Index2="0" Index3="0" Index4="0" Index5="0" Index6="0" Index7="0" Index8="0" Skill1="250" Skill2="0" Skill3="0" Skill4="0" Skill5="0" Skill6="0" Skill7="0" Skill8="0" Action1="0" Action2="0" Action3="0" Action4="0" Action5="0" Action6="0" Action7="0" Action8="0" />
	<LockEntry id="1628" Type1="2" Type2="0" Type3="0" Type4="0" Type5="0" Type6="0" Type7="0" Type8="0" Index1="19" Index2="0" Index3="0" Index4="0" Index5="0" Index6="0" Index7="0" Index8="0" Skill1="375" Skill2="0" Skill3="0" Skill4="0" Skill5="0" Skill6="0" Skill7="0" Skill8="0" Action1="0" Action2="0" Action3="0" Action4="0" Action5="0" Action6="0" Action7="0" Action8="0" />
	<LockEntry id="1629" Type1="0" Type2="1" Type3="2" Type4="2" Type5="0" Type6="0" Type7="0" Type8="0" Index1="0" Index2="21761" Index3="5" Index4="6" Index5="0" Index6="0" Index7="0" Index8="0" Skill1="0" Skill2="0" Skill3="0" Skill4="0" Skill5="0" Skill6="0" Skill7="0" Skill8="0" Action1="0" Action2="1" Action3="0" Action4="0" Action5="0" Action6="0" Action7="0" Action8="0" />
	<LockEntry id="1630" Type1="0" Type2="1" Type3="2" Type4="2" Type5="0" Type6="0" Type7="0" Type8="0" Index1="0" Index2="21762" Index3="5" Index4="6" Index5="0" Index6="0" Index7="0" Index8="0" Skill1="0" Skill2="0" Skill3="0" Skill4="0" Skill5="0" Skill6="0" Skill7="0" Skill8="0" Action1="0" Action2="1" Action3="0" Action4="0" Action5="0" Action6="0" Action7="0" Action8="0" />
	<LockEntry id="1632" Type1="2" Type2="0" Type3="0" Type4="0" Type5="0" Type6="0" Type7="0" Type8="0" Index1="3" Index2="0" Index3="0" Index4="0" Index5="0" Index6="0" Index7="0" Index8="0" Skill1="305" Skill2="0" Skill3="0" Skill4="0" Skill5="0" Skill6="0" Skill7="0" Skill8="0" Action1="0" Action2="0" Action3="0" Action4="0" Action5="0" Action6="0" Action7="0" Action8="0" />
	<LockEntry id="1634" Type1="0" Type2="2" Type3="0" Type4="0" Type5="0" Type6="0" Type7="0" Type8="0" Index1="0" Index2="10" Index3="0" Index4="0" Index5="0" Index6="0" Index7="0" Index8="0" Skill1="0" Skill2="0" Skill3="0" Skill4="0" Skill5="0" Skill6="0" Skill7="0" Skill8="0" Action1="0" Action2="0" Action3="0" Action4="0" Action5="0" Action6="0" Action7="0" Action8="0" />
	<LockEntry id="1635" Type1="0" Type2="2" Type3="0" Type4="0" Type5="0" Type6="0" Type7="0" Type8="0" Index1="0" Index2="10" Index3="0" Index4="0" Index5="0" Index6="0" Index7="0" Index8="0" Skill1="0" Skill2="0" Skill3="0" Skill4="0" Skill5="0" Skill6="0" Skill7="0" Skill8="0" Action1="0" Action2="0" Action3="0" Action4="0" Action5="0" Action6="0" Action7="0" Action8="0" />
	<LockEntry id="1636" Type1="1" Type2="0" Type3="0" Type4="0" Type5="0" Type6="0" Type7="0" Type8="0" Index1="22486" Index2="0" Index3="0" Index4="0" Index5="0" Index6="0" Index7="0" Index8="0" Skill1="0" Skill2="0" Skill3="0" Skill4="0" Skill5="0" Skill6="0" Skill7="0" Skill8="0" Action1="0" Action2="0" Action3="0" Action4="0" Action5="0" Action6="0" Action7="0" Action8="0" />
	<LockEntry id="1647" Type1="1" Type2="0" Type3="0" Type4="0" Type5="0" Type6="0" Type7="0" Type8="0" Index1="23055" Index2="0" Index3="0" Index4="0" Index5="0" Index6="0" Index7="0" Index8="0" Skill1="0" Skill2="0" Skill3="0" Skill4="0" Skill5="0" Skill6="0" Skill7="0" Skill8="0" Action1="0" Action2="0" Action3="0" Action4="0" Action5="0" Action6="0" Action7="0" Action8="0" />
</LockEntryList>