<?xml version="1.0" encoding="UTF-8" standalone="yes"?>
<MailTemplateEntryList>
	<MailTemplateEntry id="83" subject="this is a test" content="" />
	<MailTemplateEntry id="84" subject="感谢你来看望我，$n。我很高兴，因为我们还没有被遗忘。" content="" />
	<MailTemplateEntry id="85" subject="感谢你来看望我，$n。我很高兴，因为我们还没有被遗忘。" content="" />
	<MailTemplateEntry id="86" subject="这件小小的礼物不会给你答案，但也许它可以让你感到快乐。" content="" />
	<MailTemplateEntry id="87" subject="你好啊，我是古博·布拉普。

近来你一切都好吧？我希望你还在抽空钓钓鱼什么的，我很喜欢钓鱼，布拉普家族是以钓鱼技术高超而闻名的。我送给你一个不错的鱼饵，这样你就可以钓更大的鱼了！祝你好运，再次感谢你帮我抓鱼。

继续快乐地钓鱼吧！
古博·布拉普" content="" />
	<MailTemplateEntry id="88" subject="感谢你来看望我，$n。我很高兴，因为我们还没有被遗忘。" content="" />
	<MailTemplateEntry id="89" subject="感谢你来看望我，$n。我很高兴，因为我们还没有被遗忘。" content="" />
	<MailTemplateEntry id="90" subject="感谢你来看望我，$n。我很高兴，因为我们还没有被遗忘。" content="" />
	<MailTemplateEntry id="91" subject="这件小小的礼物不会给你答案，但也许它可以让你感到快乐。" content="" />
	<MailTemplateEntry id="92" subject="感谢你来看望我，$n。我很高兴，因为我们还没有被遗忘。" content="" />
	<MailTemplateEntry id="93" subject="尊敬的$n：$B$B我已经把你交给我的这些东西全都破译好了，请参阅这封信的附件。我精心挑选了那些我认为有用的信息，把它们整理了出来。在这个鬼地方找到一处可用的信箱简直是难比登天，不过数个月的隐匿生活已经让我练就了一身来无影去无踪的本事！$B$B希望你喜欢这些信息。$B$B- 奥泰尔" content="" />
	<MailTemplateEntry id="94" subject="你好，$N！$B$B对于潜入塞纳里奥要塞使用邮箱的技术，我已经是轻车熟路了。我又把一些你可能会感兴趣的东西寄给了你，希望你能用得到！$B$B- 奥泰尔" content="" />
	<MailTemplateEntry id="95" subject="感谢你来看望我，$n。我很高兴，因为我们还没有被遗忘。" content="" />
	<MailTemplateEntry id="96" subject="感谢你来看望我，$n。我很高兴，因为我们还没有被遗忘。" content="" />
	<MailTemplateEntry id="97" subject="感谢你来看望我，$n。我很高兴，因为我们还没有被遗忘。" content="" />
	<MailTemplateEntry id="98" subject="翻译这些熊怪的文字让我颇费了一些周折，而且我所发现的东西让我觉得有些沮丧。冬泉酋长临死前显然患上了极度强烈的妄想症，而且对一种叫做“火酒”的东西非常痴迷。他认为所有的生物都是他的敌人。好吧，我觉得你应该自己看看他写的东西——随这封信附上的是我翻译好的文字。如果你还有其它的事情需要我帮助，请尽管来找我。" content="" />
	<MailTemplateEntry id="99" subject="感谢您继续参与我们的机械工程学联合公会！我们很高兴能有您这样活跃而充满激情的会员。请接受这件小小的礼物，以此作为我们对你的感谢，希望您继续为伟大的侏儒工程学做出杰出的贡献！" content="" />
	<MailTemplateEntry id="100" subject="感谢您继续参与我们的机械工程学联合公会！我们很高兴能有您这样活跃而充满激情的会员。请接受这件小小的礼物，以此作为我们对你的感谢，希望您继续为伟大的侏儒工程学做出杰出的贡献！" content="" />
	<MailTemplateEntry id="101" subject="我的朋友：
虽然我的双臂因为每日在瘟疫之地奋战而疲倦不已，但它们仍然可以为了迎接像你这样的英雄而张开。很高兴你能与我们并肩作战，为了我们伟大的事业而奋斗。

如果你有空到西瘟疫之地来的话，别忘了到亡灵壁垒来找我。你的经验和勇气将帮助我们净化那些瘟疫之锅！

此致
高级执行官德灵顿" content="" />
	<MailTemplateEntry id="102" subject="你好，$N！希望你能在冬幕节度过了一段美好的时光！$B$B你解了我的馋，所以我要送你一点别的东西，一些来自烟林牧场的好东西。如果你还没有得到礼品的话，请在节日结束之前设法搞到！$B$B祝你开心……$B- 冬天爷爷" content="" />
	<MailTemplateEntry id="103" subject="感谢您继续参与我们的地精实验工程学协会！我们很高兴能有您这样活跃而充满激情的会员。请接受这件小小的礼物，以此作为我们对你的感谢，希望您继续为伟大的地精工程学做出杰出的贡献！" content="" />
	<MailTemplateEntry id="104" subject="感谢您继续参与我们的地精实验工程学协会！我们很高兴能有您这样活跃而充满激情的会员。请接受这件小小的礼物，以此作为我们对你的感谢，希望您继续为伟大的地精工程学做出杰出的贡献！" content="" />
	<MailTemplateEntry id="105" subject="This mail was sent to you because you signed up for Viagra!" content="" />
	<MailTemplateEntry id="106" subject="Those rabbits came back!  NO!  Oh, don&apos;t bother coming back..." content="" />
	<MailTemplateEntry id="107" subject="我的朋友：
虽然我的双臂因为每日在瘟疫之地奋战而疲倦不已，但它们仍然可以为了迎接像你这样的英雄而张开。很高兴你能与我们并肩作战，为了我们伟大的事业而奋斗。

如果你有空到西瘟疫之地来的话，别忘了到营地里来找我。你的经验和勇气将帮助我们净化那些瘟疫之锅！

此致
指挥官阿什拉姆·瓦罗菲斯特" content="" />
	<MailTemplateEntry id="108" subject="你好啊，$n，我又来了！$B$B虽然我和烟林牧场的好伙伴们忙得天昏地暗，但是我想应该给你寄一些特殊的东西。当你知道我们把萨克斯从奥特兰克救了出来的消息时应该很高兴吧？他给你送上了最真挚的祝福！$B$B在拯救他的过程中，我们研究出了一种华丽的装置，你应该会喜欢它。你需要一个雪球给它提供能量，不过我敢说你会非常非常喜欢它的！$B$B- 冬天爷爷" content="" />
	<MailTemplateEntry id="109" subject="你好，我的朋友！我希望你近来一切都好。$B$B我想再次对你协助我们抵抗哈卡的事迹表示感谢。希望我们能很快击败血神，并再次见面。你不在这里会是我们的一大损失！$B$B随信附送的是一枚小小的勋章，这是我们的一点心意，请你收下吧。让我们同心协力，共同击败哈卡！$B$B赞扎与你同在！$B$B温卡萨，赞扎的仆从" content="" />
	<MailTemplateEntry id="110" subject="尊敬的$n：$B$B你交给指挥官玛尔利斯的信息看起来是非常重要的。我们已经根据这些情报修正了针对暮光之锤的作战计划。$B$B为了表彰你无私的奉献和支持，我们要送给你一些微薄的谢礼。希望我们能继续和你并肩作战。$B$B向你致敬。$B$B唤风者梅恩·长角" content="" />
	<MailTemplateEntry id="111" subject="我的朋友，近来还好吧？希望你在为部落而战的征途上又有了新的斩获。我衷心期望着有一天，其他冒险者们会像崇敬光明使者乌瑟尔那样崇敬你。$B$B我没有忘记你在收获节中为了纪念乌瑟尔而做的事情，为此，我寄给你了一些你可能用得到的东西。$B$B亚尼·纳沙克" content="" />
	<MailTemplateEntry id="112" subject="向你致意，年轻的德鲁伊！

我很高兴看到你成长得这么快，你也应该对自己能成为一名掌握熊形态力量的德鲁伊而感到自豪。但是，这个世界上还有许多东西等着你去学习，所以当你达到14级之后就到达纳苏斯的塞纳里奥区来找我吧。

- 玛斯雷·驭熊者" content="" />
	<MailTemplateEntry id="113" subject="我的朋友，近来还好吧？希望你在为联盟而战的征途上又有了新的斩获。我衷心期望着有一天，其他冒险者们会像崇敬光明使者乌瑟尔那样崇敬你。$B$B我没有忘记你在收获节中为了纪念乌瑟尔而做的事情，为此，我寄给你了一些你可能用得到的东西。$B$B以铜须的名义，$B$B瓦格纳·巨锤" content="" />
	<MailTemplateEntry id="114" subject="向你致意，年轻的德鲁伊！

我之所以给你写这封信，是因为你在德鲁伊的修行之道上取得了令人惊异的进展。塞纳留斯教导我们德鲁伊的东西有很多，我很高兴能帮助你在这方面继续成长。很快你就要开始学习水生形态了，所以，当你达到16级之后就来找我，我会尽我所能给你传授知识的。

图拉克·符文图腾" content="" />
	<MailTemplateEntry id="115" subject="向你致意，年轻的德鲁伊！

我之所以给你写这封信，是因为你在德鲁伊的修行之道上取得了令人惊异的进展。塞纳留斯教导我们德鲁伊的东西有很多，我很高兴能帮助你在这方面继续成长。很快你就要开始学习水生形态了，所以，当你达到16级之后就来找我，我会尽我所能给你传授知识的。

- 玛斯雷·驭熊者" content="" />
	<MailTemplateEntry id="116" subject="向你致意，年轻的德鲁伊！

我很高兴看到你成长得这么快，你也应该对自己能成为一名掌握熊形态力量的德鲁伊而感到自豪。但是，这个世界上还有许多东西等着你去学习，所以当你达到14级之后就到雷霆崖的长者高地来找我吧。

图拉克·符文图腾" content="" />
	<MailTemplateEntry id="117" subject="你好啊，$n，我又来了！$B$B虽然我和烟林牧场的好伙伴们忙得天昏地暗，但是我想应该给你寄一些特殊的东西。当你知道我们把萨克斯从奥特兰克救了出来的消息时应该很高兴吧？他给你送上了最真挚的祝福！$B$B在拯救他的过程中，我们研究出了一种华丽的装置，你应该会喜欢它。你需要一个雪球给它提供能量，不过我敢说你会非常非常喜欢它的！$B$B- 冬天爷爷" content="" />
	<MailTemplateEntry id="118" subject="你好，$N！希望你能在冬幕节度过了一段美好的时光！$B$B你解了我的馋，所以我要送你一点别的东西，一些来自烟林牧场的好东西。如果你还没有得到礼品的话，请在节日结束之前设法搞到！$B$B祝你开心……$B- 冬天爷爷" content="" />
	<MailTemplateEntry id="119" subject="你好，我写这封信是要告诉你，羽月要塞一切都好。我做了一些新的皮革装备，感谢你对我的帮助！$B$B我还剩下了一些皮革，所以就寄给你来表示我的谢意。如果你再次路过羽月要塞，别忘了来我这里坐坐！$B$B你的朋友，$B普拉特" content="" />
	<MailTemplateEntry id="120" subject="你好，我写这封信是要告诉你，莫沙彻营地一切都好。我做了一些新的皮革装备，感谢你对我的帮助！$B$B我还剩下了一些皮革，所以就寄给你来表示我的谢意。如果你再次路过莫沙彻营地，别忘了来我这里坐坐！$B$B愿你的祖先与你同在，$B杉多尔" content="" />
	<MailTemplateEntry id="121" subject="这件小小的礼物不会给你答案，但也许它可以让你感到快乐。" content="" />
	<MailTemplateEntry id="122" subject="$N：$B$B再一次感谢你拯救了梅森，你也因此在烟林牧场得到了一个新的朋友。$B$B说到这里……我们的大厨格拉库正在尝试一个新的食谱，我想你也许会对此感兴趣？祝你冬幕节快乐！$B$B祝你的钱包永远叮当响，$B凯玛德" content="" />
	<MailTemplateEntry id="123" subject="勇士：$B$B蓝龙军团相信你注定要经历一些伟大的事件，一些比我的想象更加重要的事情。$B$B不管你怎么想，我们这个世界确实需要英雄。在你生命中最黑暗的时刻，在你面对卡利姆多最凶险的敌人时，请不要忘记你为了一个老侏儒而经历的那些史诗般的历程，试炼，还有磨难。让这些回忆成为你勇气的来源吧。$B$B此致，$B$B纳瑞安$B$B另附：关于维修费的事情，我很抱歉。" content="" />
	<MailTemplateEntry id="124" subject="感谢你来看望我，$n。我很高兴，因为我们还没有被遗忘。" content="" />
	<MailTemplateEntry id="125" subject="感谢你来看望我，$n。我很高兴，因为我们还没有被遗忘。" content="" />
	<MailTemplateEntry id="126" subject="感谢你来看望我，$n。我很高兴，因为我们还没有被遗忘。" content="" />
	<MailTemplateEntry id="127" subject="感谢你来看望我，$n。我很高兴，因为我们还没有被遗忘。" content="" />
	<MailTemplateEntry id="128" subject="感谢你来看望我，$n。我很高兴，因为我们还没有被遗忘。" content="" />
	<MailTemplateEntry id="129" subject="感谢你来看望我，$n。我很高兴，因为我们还没有被遗忘。" content="" />
	<MailTemplateEntry id="130" subject="感谢你来看望我，$n。我很高兴，因为我们还没有被遗忘。" content="" />
	<MailTemplateEntry id="131" subject="非常感谢你今天来看望我，请收下我送给你的春节礼物吧。" content="" />
	<MailTemplateEntry id="132" subject="这件小小的礼物不会给你答案，但也许它可以让你感到快乐。" content="" />
	<MailTemplateEntry id="133" subject="非常感谢你今天来看望我，请收下我送给你的春节礼物吧。" content="" />
	<MailTemplateEntry id="134" subject="非常感谢你今天来看望我，请收下我送给你的春节礼物吧。" content="" />
	<MailTemplateEntry id="135" subject="非常感谢你今天来看望我，请收下我送给你的春节礼物吧。" content="" />
	<MailTemplateEntry id="136" subject="非常感谢你今天来看望我，请收下我送给你的春节礼物吧。" content="" />
	<MailTemplateEntry id="137" subject="这件小小的礼物不会给你答案，但也许它可以让你感到快乐。" content="" />
	<MailTemplateEntry id="138" subject="这件小小的礼物不会给你答案，但也许它可以让你感到快乐。" content="" />
	<MailTemplateEntry id="139" subject="这件小小的礼物不会给你答案，但也许它可以让你感到快乐。" content="" />
	<MailTemplateEntry id="140" subject="这件小小的礼物不会给你答案，但也许它可以让你感到快乐。" content="" />
	<MailTemplateEntry id="141" subject="这件小小的礼物不会给你答案，但也许它可以让你感到快乐。" content="" />
	<MailTemplateEntry id="142" subject="这件小小的礼物不会给你答案，但也许它可以让你感到快乐。" content="" />
	<MailTemplateEntry id="143" subject="非常感谢你今天来看望我，请收下我送给你的春节礼物吧。" content="" />
	<MailTemplateEntry id="144" subject="非常感谢你今天来看望我，请收下我送给你的春节礼物吧。" content="" />
	<MailTemplateEntry id="145" subject="非常感谢你今天来看望我，请收下我送给你的春节礼物吧。" content="" />
	<MailTemplateEntry id="146" subject="非常感谢你今天来看望我，请收下我送给你的春节礼物吧。" content="" />
	<MailTemplateEntry id="147" subject="非常感谢你今天来看望我，请收下我送给你的春节礼物吧。" content="" />
	<MailTemplateEntry id="148" subject="非常感谢你今天来看望我，请收下我送给你的春节礼物吧。" content="" />
	<MailTemplateEntry id="149" subject="非常感谢你今天来看望我，请收下我送给你的春节礼物吧。" content="" />
	<MailTemplateEntry id="150" subject="非常感谢你今天来看望我，请收下我送给你的春节礼物吧。" content="" />
	<MailTemplateEntry id="151" subject="非常感谢你今天来看望我，请收下我送给你的春节礼物吧。" content="" />
	<MailTemplateEntry id="152" subject="非常感谢你今天来看望我，请收下我送给你的春节礼物吧。" content="" />
	<MailTemplateEntry id="153" subject="这件小小的礼物不会给你答案，但也许它可以让你感到快乐。" content="" />
	<MailTemplateEntry id="154" subject="这件小小的礼物不会给你答案，但也许它可以让你感到快乐。" content="" />
	<MailTemplateEntry id="155" subject="这件小小的礼物不会给你答案，但也许它可以让你感到快乐。" content="" />
	<MailTemplateEntry id="156" subject="这件小小的礼物不会给你答案，但也许它可以让你感到快乐。" content="" />
	<MailTemplateEntry id="157" subject="这件小小的礼物不会给你答案，但也许它可以让你感到快乐。" content="" />
	<MailTemplateEntry id="158" subject="非常感谢你今天来看望我，请收下我送给你的春节礼物吧。" content="" />
	<MailTemplateEntry id="159" subject="非常感谢你今天来看望我，请收下我送给你的春节礼物吧。" content="" />
	<MailTemplateEntry id="160" subject="这件小小的礼物不会给你答案，但也许它可以让你感到快乐。" content="" />
	<MailTemplateEntry id="161" subject="$N：$B$B再一次感谢你拯救了梅森，你也因此在烟林牧场得到了一个新的朋友。$B$B说到这里……我们的大厨格拉库正在尝试一个新的食谱，我想你也许会对此感兴趣？祝你冬幕节快乐！$B$B祝你的钱包永远叮当响，$B乌莫尔特" content="" />
	<MailTemplateEntry id="162" subject="Need to fix tab ordergin" content="" />
	<MailTemplateEntry id="165" subject="a" content="" />
	<MailTemplateEntry id="166" subject="ab" content="" />
	<MailTemplateEntry id="167" subject="This mail was sent to you because you signed up for Viagra! More text." content="" />
	<MailTemplateEntry id="168" subject="感谢你来看望我，$n。我很高兴，因为我们还没有被遗忘。" content="" />
	<MailTemplateEntry id="169" subject="This is a test of the emergency broadcast system." content="" />
	<MailTemplateEntry id="170" subject="Hello. What are you talking about?  This isn&apos;t crashing?" content="" />
	<MailTemplateEntry id="171" subject="$N：$B请尽快打开我们寄给你的这封信，并响应我们的号召。银色黎明需要你的帮助！" content="" />
	<MailTemplateEntry id="172" subject="$n：$B$B我收到了这份与你在天灾士兵身上找到的文件有关的报告。虽然可能不是很有价值，但你可能会感兴趣。$B$B再次感谢你做出的努力。$B名单登记员$B银色黎明" content="" />
	<MailTemplateEntry id="173" subject="$n：$B$B我收到了这份与你在天灾士兵身上找到的文件有关的报告。虽然可能不是很有价值，但你可能会感兴趣。$B$B再次感谢你做出的努力。$B名单登记员$B银色黎明" content="" />
	<MailTemplateEntry id="174" subject="$n：$B$B我收到了这份与你在天灾士兵身上找到的文件有关的报告。虽然可能不是很有价值，但你可能会感兴趣。$B$B再次感谢你做出的努力。$B名单登记员$B银色黎明" content="" />
	<MailTemplateEntry id="175" subject="$n：$B$B我收到了这份与你在天灾士兵身上找到的文件有关的报告。虽然可能不是很有价值，但你可能会感兴趣。$B$B再次感谢你做出的努力。$B名单登记员$B银色黎明" content="" />
	<MailTemplateEntry id="176" subject="$n：$B$B我收到了这份与你在天灾士兵身上找到的文件有关的报告。虽然可能不是很有价值，但你可能会感兴趣。$B$B再次感谢你做出的努力。$B名单登记员$B银色黎明" content="" />
	<MailTemplateEntry id="177" subject="$n：$B$B我收到了这份与你在天灾士兵身上找到的文件有关的报告。虽然可能不是很有价值，但你可能会感兴趣。$B$B再次感谢你做出的努力。$B名单登记员$B银色黎明" content="" />
	<MailTemplateEntry id="178" subject="感谢你玩《魔兽世界》！" content="" />
	<MailTemplateEntry id="179" subject="这是给你的奖励，幸运的家伙！别在拍卖所把它们都花光了……" />
	<MailTemplateEntry id="181" subject="在观察虚空的时候，我们不经意间发现了这些东西。祝你好运，另外……跟魔法打交道的时候要格外小心。" />
</MailTemplateEntryList>