<?xml version="1.0" encoding="UTF-8" standalone="yes"?>
<MapEntryList>
	<MapEntry id="0" internalname="Azeroth" mapType="0" name="东部王国" linkedZone="0" allianceIntro="Kalimdor" multimapId="0" ghostEntranceMap="0" ghostEntranceX="0.0" ghostEntranceY="0.0" timeOfDayOverride="0" addon="0" unktime="0" maxPlayers="0" />
	<MapEntry id="1" internalname="Kalimdor" mapType="0" name="卡利姆多" linkedZone="0" allianceIntro="test" multimapId="0" ghostEntranceMap="0" ghostEntranceX="0.0" ghostEntranceY="0.0" timeOfDayOverride="0" addon="0" unktime="0" maxPlayers="0" />
	<MapEntry id="13" internalname="test" mapType="0" name="Testing" linkedZone="0" allianceIntro="ScottTest" multimapId="0" ghostEntranceMap="0" ghostEntranceX="0.0" ghostEntranceY="0.0" timeOfDayOverride="0" addon="0" unktime="0" maxPlayers="0" />
	<MapEntry id="25" internalname="ScottTest" mapType="0" name="Scott Test" linkedZone="0" allianceIntro="Test" multimapId="0" ghostEntranceMap="0" ghostEntranceX="0.0" ghostEntranceY="0.0" timeOfDayOverride="0" addon="0" unktime="0" maxPlayers="0" />
	<MapEntry id="29" internalname="Test" mapType="1" name="CashTest" linkedZone="0" allianceIntro="PVPZone01" multimapId="40" ghostEntranceMap="1060991140" ghostEntranceX="0.34" ghostEntranceY="0.0" timeOfDayOverride="0" addon="0" unktime="0" maxPlayers="0" />
	<MapEntry id="30" internalname="PVPZone01" mapType="3" name="奥特兰克山谷" linkedZone="0" allianceIntro="Shadowfang" multimapId="0" ghostEntranceMap="0" ghostEntranceX="0.0" ghostEntranceY="0.0" timeOfDayOverride="0" addon="0" unktime="0" maxPlayers="0" />
	<MapEntry id="33" internalname="Shadowfang" mapType="1" name="影牙城堡" linkedZone="0" allianceIntro="StormwindJail" multimapId="0" ghostEntranceMap="0" ghostEntranceX="0.0" ghostEntranceY="1.005E-42" timeOfDayOverride="0" addon="0" unktime="0" maxPlayers="0" />
	<MapEntry id="34" internalname="StormwindJail" mapType="1" name="暴风城监狱" linkedZone="0" allianceIntro="StormwindPrison" multimapId="0" ghostEntranceMap="0" ghostEntranceX="0.0" ghostEntranceY="1.005E-42" timeOfDayOverride="0" addon="0" unktime="0" maxPlayers="0" />
	<MapEntry id="35" internalname="StormwindPrison" mapType="0" name="暴风城牢房" linkedZone="0" allianceIntro="DeadminesInstance" multimapId="0" ghostEntranceMap="0" ghostEntranceX="0.0" ghostEntranceY="0.0" timeOfDayOverride="0" addon="0" unktime="0" maxPlayers="0" />
	<MapEntry id="36" internalname="DeadminesInstance" mapType="1" name="死亡矿井" linkedZone="0" allianceIntro="PVPZone02" multimapId="30" ghostEntranceMap="-978778112" ghostEntranceX="-2884.0" ghostEntranceY="0.0" timeOfDayOverride="0" addon="0" unktime="0" maxPlayers="0" />
	<MapEntry id="37" internalname="PVPZone02" mapType="0" name="艾萨拉盆地" linkedZone="0" allianceIntro="Collin" multimapId="0" ghostEntranceMap="0" ghostEntranceX="0.0" ghostEntranceY="0.0" timeOfDayOverride="0" addon="0" unktime="0" maxPlayers="0" />
	<MapEntry id="42" internalname="Collin" mapType="0" name="Collin&apos;s Test" linkedZone="0" allianceIntro="WailingCaverns" multimapId="0" ghostEntranceMap="0" ghostEntranceX="0.0" ghostEntranceY="1.006E-42" timeOfDayOverride="0" addon="0" unktime="0" maxPlayers="0" />
	<MapEntry id="43" internalname="WailingCaverns" mapType="1" name="哀嚎洞穴" linkedZone="0" allianceIntro="Monastery" multimapId="0" ghostEntranceMap="0" ghostEntranceX="0.0" ghostEntranceY="0.0" timeOfDayOverride="0" addon="0" unktime="0" maxPlayers="0" />
	<MapEntry id="44" internalname="Monastery" mapType="1" name="修道院内部" linkedZone="0" allianceIntro="RazorfenKraulInstance" multimapId="0" ghostEntranceMap="0" ghostEntranceX="0.0" ghostEntranceY="0.0" timeOfDayOverride="0" addon="0" unktime="0" maxPlayers="0" />
	<MapEntry id="47" internalname="RazorfenKraulInstance" mapType="1" name="剃刀沼泽" linkedZone="0" allianceIntro="Blackfathom" multimapId="0" ghostEntranceMap="0" ghostEntranceX="0.0" ghostEntranceY="1.008E-42" timeOfDayOverride="0" addon="0" unktime="0" maxPlayers="0" />
	<MapEntry id="48" internalname="Blackfathom" mapType="1" name="黑色深渊" linkedZone="0" allianceIntro="Uldaman" multimapId="0" ghostEntranceMap="0" ghostEntranceX="0.0" ghostEntranceY="1.874E-42" timeOfDayOverride="0" addon="0" unktime="0" maxPlayers="0" />
	<MapEntry id="70" internalname="Uldaman" mapType="1" name="奥达曼" linkedZone="0" allianceIntro="GnomeragonInstance" multimapId="0" ghostEntranceMap="0" ghostEntranceX="0.0" ghostEntranceY="1.01E-42" timeOfDayOverride="0" addon="0" unktime="0" maxPlayers="0" />
	<MapEntry id="90" internalname="GnomeragonInstance" mapType="1" name="诺莫瑞根" linkedZone="0" allianceIntro="SunkenTemple" multimapId="0" ghostEntranceMap="0" ghostEntranceX="0.0" ghostEntranceY="2.07E-42" timeOfDayOverride="0" addon="0" unktime="0" maxPlayers="0" />
	<MapEntry id="109" internalname="SunkenTemple" mapType="1" name="沉没的神庙" linkedZone="0" allianceIntro="RazorfenDowns" multimapId="0" ghostEntranceMap="0" ghostEntranceX="0.0" ghostEntranceY="0.0" timeOfDayOverride="0" addon="0" unktime="0" maxPlayers="0" />
	<MapEntry id="129" internalname="RazorfenDowns" mapType="1" name="剃刀高地" linkedZone="0" allianceIntro="EmeraldDream" multimapId="0" ghostEntranceMap="0" ghostEntranceX="0.0" ghostEntranceY="0.0" timeOfDayOverride="0" addon="0" unktime="0" maxPlayers="0" />
	<MapEntry id="169" internalname="EmeraldDream" mapType="2" name="翡翠梦境" linkedZone="0" allianceIntro="MonasteryInstances" multimapId="0" ghostEntranceMap="0" ghostEntranceX="0.0" ghostEntranceY="0.0" timeOfDayOverride="0" addon="0" unktime="0" maxPlayers="0" />
	<MapEntry id="189" internalname="MonasteryInstances" mapType="1" name="血色修道院" linkedZone="0" allianceIntro="TanarisInstance" multimapId="0" ghostEntranceMap="0" ghostEntranceX="0.0" ghostEntranceY="0.0" timeOfDayOverride="0" addon="0" unktime="0" maxPlayers="0" />
	<MapEntry id="209" internalname="TanarisInstance" mapType="1" name="祖尔法拉克" linkedZone="0" allianceIntro="BlackRockSpire" multimapId="0" ghostEntranceMap="0" ghostEntranceX="0.0" ghostEntranceY="2.218E-42" timeOfDayOverride="0" addon="0" unktime="0" maxPlayers="0" />
	<MapEntry id="229" internalname="BlackRockSpire" mapType="1" name="黑石塔" linkedZone="0" allianceIntro="BlackrockDepths" multimapId="0" ghostEntranceMap="0" ghostEntranceX="0.0" ghostEntranceY="2.22E-42" timeOfDayOverride="0" addon="0" unktime="0" maxPlayers="0" />
	<MapEntry id="230" internalname="BlackrockDepths" mapType="1" name="黑石深渊" linkedZone="0" allianceIntro="OnyxiaLairInstance" multimapId="0" ghostEntranceMap="0" ghostEntranceX="0.0" ghostEntranceY="3.025E-42" timeOfDayOverride="0" addon="0" unktime="0" maxPlayers="0" />
	<MapEntry id="249" internalname="OnyxiaLairInstance" mapType="2" name="奥妮克希亚的巢穴" linkedZone="0" allianceIntro="CavernsOfTime" multimapId="0" ghostEntranceMap="0" ghostEntranceX="0.0" ghostEntranceY="0.0" timeOfDayOverride="0" addon="0" unktime="0" maxPlayers="0" />
	<MapEntry id="269" internalname="CavernsOfTime" mapType="1" name="时光之穴" linkedZone="0" allianceIntro="SchoolofNecromancy" multimapId="0" ghostEntranceMap="0" ghostEntranceX="0.0" ghostEntranceY="0.0" timeOfDayOverride="0" addon="0" unktime="0" maxPlayers="0" />
	<MapEntry id="289" internalname="SchoolofNecromancy" mapType="1" name="通灵学院" linkedZone="0" allianceIntro="Zul&apos;gurub" multimapId="0" ghostEntranceMap="0" ghostEntranceX="0.0" ghostEntranceY="2.77E-42" timeOfDayOverride="0" addon="0" unktime="0" maxPlayers="0" />
	<MapEntry id="309" internalname="Zul&apos;gurub" mapType="2" name="祖尔格拉布" linkedZone="0" allianceIntro="Stratholme" multimapId="0" ghostEntranceMap="0" ghostEntranceX="0.0" ghostEntranceY="0.0" timeOfDayOverride="0" addon="0" unktime="0" maxPlayers="0" />
	<MapEntry id="329" internalname="Stratholme" mapType="1" name="斯坦索姆" linkedZone="0" allianceIntro="Mauradon" multimapId="0" ghostEntranceMap="0" ghostEntranceX="0.0" ghostEntranceY="2.943E-42" timeOfDayOverride="0" addon="0" unktime="0" maxPlayers="0" />
	<MapEntry id="349" internalname="Mauradon" mapType="1" name="玛拉顿" linkedZone="0" allianceIntro="DeeprunTram" multimapId="0" ghostEntranceMap="0" ghostEntranceX="0.0" ghostEntranceY="3.163E-42" timeOfDayOverride="0" addon="0" unktime="0" maxPlayers="0" />
	<MapEntry id="369" internalname="DeeprunTram" mapType="0" name="矿道地铁" linkedZone="0" allianceIntro="OrgrimmarInstance" multimapId="0" ghostEntranceMap="0" ghostEntranceX="0.0" ghostEntranceY="3.415E-42" timeOfDayOverride="0" addon="0" unktime="0" maxPlayers="0" />
	<MapEntry id="389" internalname="OrgrimmarInstance" mapType="1" name="怒焰裂谷" linkedZone="0" allianceIntro="MoltenCore" multimapId="0" ghostEntranceMap="0" ghostEntranceX="0.0" ghostEntranceY="3.807E-42" timeOfDayOverride="0" addon="0" unktime="0" maxPlayers="0" />
	<MapEntry id="409" internalname="MoltenCore" mapType="2" name="熔火之心" linkedZone="0" allianceIntro="DireMaul" multimapId="0" ghostEntranceMap="0" ghostEntranceX="0.0" ghostEntranceY="3.583E-42" timeOfDayOverride="0" addon="0" unktime="0" maxPlayers="0" />
	<MapEntry id="429" internalname="DireMaul" mapType="1" name="厄运之槌" linkedZone="0" allianceIntro="AlliancePVPBarracks" multimapId="0" ghostEntranceMap="0" ghostEntranceX="0.0" ghostEntranceY="4.089E-42" timeOfDayOverride="0" addon="0" unktime="0" maxPlayers="0" />
	<MapEntry id="449" internalname="AlliancePVPBarracks" mapType="0" name="联盟PvP兵营" linkedZone="0" allianceIntro="HordePVPBarracks" multimapId="0" ghostEntranceMap="0" ghostEntranceX="0.0" ghostEntranceY="4.088E-42" timeOfDayOverride="0" addon="0" unktime="0" maxPlayers="0" />
	<MapEntry id="450" internalname="HordePVPBarracks" mapType="0" name="部落PvP兵营" linkedZone="0" allianceIntro="development" multimapId="0" ghostEntranceMap="0" ghostEntranceX="0.0" ghostEntranceY="0.0" timeOfDayOverride="0" addon="0" unktime="0" maxPlayers="0" />
	<MapEntry id="451" internalname="development" mapType="0" name="Development Land" linkedZone="0" allianceIntro="BlackwingLair" multimapId="0" ghostEntranceMap="0" ghostEntranceX="0.0" ghostEntranceY="3.751E-42" timeOfDayOverride="0" addon="0" unktime="0" maxPlayers="0" />
	<MapEntry id="469" internalname="BlackwingLair" mapType="2" name="黑翼之巢" linkedZone="0" allianceIntro="PVPZone03" multimapId="10" ghostEntranceMap="0" ghostEntranceX="0.0" ghostEntranceY="4.592E-42" timeOfDayOverride="0" addon="0" unktime="0" maxPlayers="0" />
	<MapEntry id="489" internalname="PVPZone03" mapType="3" name="战歌峡谷" linkedZone="0" allianceIntro="AhnQiraj" multimapId="0" ghostEntranceMap="0" ghostEntranceX="0.0" ghostEntranceY="4.805E-42" timeOfDayOverride="0" addon="0" unktime="0" maxPlayers="0" />
	<MapEntry id="509" internalname="AhnQiraj" mapType="2" name="安其拉废墟" linkedZone="0" allianceIntro="PVPZone04" multimapId="15" ghostEntranceMap="0" ghostEntranceX="0.0" ghostEntranceY="4.706E-42" timeOfDayOverride="0" addon="0" unktime="0" maxPlayers="0" />
	<MapEntry id="529" internalname="PVPZone04" mapType="3" name="阿拉希盆地" linkedZone="0" allianceIntro="AhnQirajTemple" multimapId="0" ghostEntranceMap="0" ghostEntranceX="0.0" ghostEntranceY="4.804E-42" timeOfDayOverride="0" addon="0" unktime="0" maxPlayers="0" />
	<MapEntry id="531" internalname="AhnQirajTemple" mapType="2" name="安其拉神殿" linkedZone="0" allianceIntro="Stratholme Raid" multimapId="0" ghostEntranceMap="0" ghostEntranceX="0.0" ghostEntranceY="4.843E-42" timeOfDayOverride="0" addon="0" unktime="0" maxPlayers="0" />
	<MapEntry id="533" internalname="Stratholme Raid" mapType="2" name="纳克萨玛斯" linkedZone="0" allianceIntro="1700033652" multimapId="1953787747" ghostEntranceMap="1.8169285E31" ghostEntranceX="6.257188E22" ghostEntranceY="1124103283" timeOfDayOverride="1416131425" addon="7631717" unktime="1515214416" />
</MapEntryList>