<?xml version="1.0" encoding="UTF-8" standalone="yes"?>
<QuestSortEntryList>
	<QuestSortEntry id="1" name="史诗" />
	<QuestSortEntry id="21" name="哀嚎洞穴" />
	<QuestSortEntry id="22" name="季节性" />
	<QuestSortEntry id="23" name="幽暗城" />
	<QuestSortEntry id="24" name="草药学" />
	<QuestSortEntry id="25" name="修道院" />
	<QuestSortEntry id="41" name="奥达曼" />
	<QuestSortEntry id="61" name="术士" />
	<QuestSortEntry id="81" name="战士" />
	<QuestSortEntry id="82" name="萨满祭司" />
	<QuestSortEntry id="101" name="钓鱼" />
	<QuestSortEntry id="121" name="锻造" />
	<QuestSortEntry id="141" name="圣骑士" />
	<QuestSortEntry id="161" name="法师" />
	<QuestSortEntry id="162" name="盗贼" />
	<QuestSortEntry id="181" name="炼金术" />
	<QuestSortEntry id="182" name="制皮" />
	<QuestSortEntry id="201" name="工程学" />
	<QuestSortEntry id="221" name="藏宝图" />
	<QuestSortEntry id="241" name="沉没的神庙" />
	<QuestSortEntry id="261" name="猎人" />
	<QuestSortEntry id="262" name="牧师" />
	<QuestSortEntry id="263" name="德鲁伊" />
	<QuestSortEntry id="264" name="裁缝" />
	<QuestSortEntry id="284" name="特殊" />
	<QuestSortEntry id="304" name="烹饪" />
	<QuestSortEntry id="324" name="急救" />
	<QuestSortEntry id="344" name="传说" />
	<QuestSortEntry id="364" name="暗月马戏团" />
	<QuestSortEntry id="365" name="安其拉战争" />
	<QuestSortEntry id="366" name="新年" />
	<QuestSortEntry id="367" name="声望" />
	<QuestSortEntry id="368" name="天灾入侵" />
	<QuestSortEntry id="369" name="仲夏" />
</QuestSortEntryList>