<?xml version="1.0" encoding="UTF-8" standalone="yes"?>
<SkillLineEntryList>
	<SkillLineEntry id="6" categoryId="7" skillCostID="0" name="冰霜" spellIcon="0" alternateVerb="4128894" />
	<SkillLineEntry id="8" categoryId="7" skillCostID="0" name="火焰" spellIcon="0" alternateVerb="4128894" />
	<SkillLineEntry id="26" categoryId="7" skillCostID="0" name="武器" spellIcon="0" alternateVerb="4128894" />
	<SkillLineEntry id="38" categoryId="7" skillCostID="0" name="战斗" spellIcon="0" alternateVerb="8323198" />
	<SkillLineEntry id="39" categoryId="7" skillCostID="0" name="敏锐" spellIcon="0" alternateVerb="8323199" />
	<SkillLineEntry id="40" categoryId="7" skillCostID="0" name="毒药" spellIcon="0" alternateVerb="8323199" />
	<SkillLineEntry id="43" categoryId="6" skillCostID="0" name="单手剑" spellIcon="0" alternateVerb="8323198" />
	<SkillLineEntry id="44" categoryId="6" skillCostID="0" name="单手斧" spellIcon="0" alternateVerb="8323198" />
	<SkillLineEntry id="45" categoryId="6" skillCostID="0" name="弓" spellIcon="0" alternateVerb="4128894" />
	<SkillLineEntry id="46" categoryId="6" skillCostID="0" name="枪械" spellIcon="0" alternateVerb="4128894" />
	<SkillLineEntry id="50" categoryId="7" skillCostID="0" name="野兽控制" spellIcon="0" alternateVerb="8323199" />
	<SkillLineEntry id="51" categoryId="7" skillCostID="0" name="生存技能" spellIcon="0" alternateVerb="8323198" />
	<SkillLineEntry id="54" categoryId="6" skillCostID="0" name="单手锤" spellIcon="0" alternateVerb="4128894" />
	<SkillLineEntry id="55" categoryId="6" skillCostID="0" name="双手剑" spellIcon="0" alternateVerb="8323199" />
	<SkillLineEntry id="56" categoryId="7" skillCostID="0" name="神圣" spellIcon="0" alternateVerb="8323198" />
	<SkillLineEntry id="78" categoryId="7" skillCostID="0" name="暗影魔法" spellIcon="0" alternateVerb="8323198" />
	<SkillLineEntry id="95" categoryId="6" skillCostID="0" name="防御" spellIcon="0" alternateVerb="8323199" />
	<SkillLineEntry id="98" categoryId="10" skillCostID="0" name="语言：通用语" spellIcon="0" alternateVerb="8323198" />
	<SkillLineEntry id="101" categoryId="9" skillCostID="0" name="矮人种族特长" spellIcon="0" alternateVerb="8323198" />
	<SkillLineEntry id="109" categoryId="10" skillCostID="0" name="语言：兽人语" spellIcon="0" alternateVerb="8323198" />
	<SkillLineEntry id="111" categoryId="10" skillCostID="0" name="语言：矮人语" spellIcon="0" alternateVerb="8323198" />
	<SkillLineEntry id="113" categoryId="10" skillCostID="0" name="语言：达纳苏斯语" spellIcon="0" alternateVerb="8323198" />
	<SkillLineEntry id="115" categoryId="10" skillCostID="0" name="语言：牛头人语" spellIcon="0" alternateVerb="8323198" />
	<SkillLineEntry id="118" categoryId="6" skillCostID="0" name="双武器" spellIcon="0" alternateVerb="8323198" />
	<SkillLineEntry id="124" categoryId="9" skillCostID="0" name="牛头人种族特长" spellIcon="0" alternateVerb="8323198" />
	<SkillLineEntry id="125" categoryId="9" skillCostID="0" name="兽人种族特长" spellIcon="0" alternateVerb="8323198" />
	<SkillLineEntry id="126" categoryId="9" skillCostID="0" name="暗夜精灵种族特长" spellIcon="0" alternateVerb="4128894" />
	<SkillLineEntry id="129" categoryId="9" skillCostID="0" name="急救" spellIcon="0" alternateVerb="8323199" />
	<SkillLineEntry id="134" categoryId="7" skillCostID="0" name="野性战斗" spellIcon="0" alternateVerb="4128894" />
	<SkillLineEntry id="136" categoryId="6" skillCostID="0" name="法杖" spellIcon="0" alternateVerb="4128894" />
	<SkillLineEntry id="137" categoryId="10" skillCostID="0" name="语言：萨拉斯语" spellIcon="0" alternateVerb="4128894" />
	<SkillLineEntry id="138" categoryId="10" skillCostID="0" name="语言：龙语" spellIcon="0" alternateVerb="4128894" />
	<SkillLineEntry id="139" categoryId="10" skillCostID="0" name="语言：恶魔语" spellIcon="0" alternateVerb="4128894" />
	<SkillLineEntry id="140" categoryId="10" skillCostID="0" name="语言：泰坦语" spellIcon="0" alternateVerb="4128894" />
	<SkillLineEntry id="141" categoryId="10" skillCostID="0" name="语言：古代语" spellIcon="0" alternateVerb="8323198" />
	<SkillLineEntry id="142" categoryId="9" skillCostID="0" name="生存技能" spellIcon="0" alternateVerb="8323198" />
	<SkillLineEntry id="148" categoryId="9" skillCostID="0" name="骑术：马" spellIcon="0" alternateVerb="8323198" />
	<SkillLineEntry id="149" categoryId="9" skillCostID="0" name="骑术：狼" spellIcon="0" alternateVerb="8323198" />
	<SkillLineEntry id="150" categoryId="9" skillCostID="0" name="骑术：豹" spellIcon="0" alternateVerb="8323198" />
	<SkillLineEntry id="152" categoryId="9" skillCostID="0" name="骑术：羊" spellIcon="0" alternateVerb="8323198" />
	<SkillLineEntry id="155" categoryId="9" skillCostID="0" name="游泳" spellIcon="0" alternateVerb="8323199" />
	<SkillLineEntry id="160" categoryId="6" skillCostID="0" name="双手锤" spellIcon="0" alternateVerb="4128894" />
	<SkillLineEntry id="162" categoryId="6" skillCostID="0" name="徒手战斗" spellIcon="0" alternateVerb="8323198" />
	<SkillLineEntry id="163" categoryId="7" skillCostID="0" name="射击" spellIcon="0" alternateVerb="8323198" />
	<SkillLineEntry id="164" categoryId="11" skillCostID="0" name="锻造" spellIcon="0" alternateVerb="8323198" />
	<SkillLineEntry id="165" categoryId="11" skillCostID="0" name="制皮" spellIcon="0" alternateVerb="8323198" />
	<SkillLineEntry id="171" categoryId="11" skillCostID="0" name="炼金术" spellIcon="0" alternateVerb="8323199" />
	<SkillLineEntry id="172" categoryId="6" skillCostID="0" name="双手斧" spellIcon="0" alternateVerb="8323198" />
	<SkillLineEntry id="173" categoryId="6" skillCostID="0" name="匕首" spellIcon="0" alternateVerb="8323198" />
	<SkillLineEntry id="176" categoryId="6" skillCostID="0" name="投掷武器" spellIcon="0" alternateVerb="8323198" />
	<SkillLineEntry id="182" categoryId="11" skillCostID="0" name="草药学" spellIcon="0" alternateVerb="4128894" />
	<SkillLineEntry id="183" categoryId="12" skillCostID="0" name="GENERIC (DND)" spellIcon="0" alternateVerb="8323198" />
	<SkillLineEntry id="184" categoryId="7" skillCostID="0" name="惩戒" spellIcon="0" alternateVerb="8323198" />
	<SkillLineEntry id="185" categoryId="9" skillCostID="0" name="烹饪" spellIcon="0" alternateVerb="8323198" />
	<SkillLineEntry id="186" categoryId="11" skillCostID="0" name="采矿" spellIcon="0" alternateVerb="8323198" />
	<SkillLineEntry id="188" categoryId="7" skillCostID="0" name="宠物 - 小鬼" spellIcon="0" alternateVerb="8323198" />
	<SkillLineEntry id="189" categoryId="7" skillCostID="0" name="宠物 - 地狱猎犬" spellIcon="0" alternateVerb="8323198" />
	<SkillLineEntry id="197" categoryId="11" skillCostID="0" name="裁缝" spellIcon="0" alternateVerb="8323198" />
	<SkillLineEntry id="202" categoryId="11" skillCostID="0" name="工程学" spellIcon="0" alternateVerb="8323198" />
	<SkillLineEntry id="203" categoryId="7" skillCostID="0" name="宠物 - 蜘蛛" spellIcon="0" alternateVerb="8323198" />
	<SkillLineEntry id="204" categoryId="7" skillCostID="0" name="宠物 - 虚空行者" spellIcon="0" alternateVerb="8323198" />
	<SkillLineEntry id="205" categoryId="7" skillCostID="0" name="宠物 - 魅魔" spellIcon="0" alternateVerb="8323198" />
	<SkillLineEntry id="206" categoryId="7" skillCostID="0" name="宠物 - 地狱火" spellIcon="0" alternateVerb="8323198" />
	<SkillLineEntry id="207" categoryId="7" skillCostID="0" name="宠物 - 末日守卫" spellIcon="0" alternateVerb="8323198" />
	<SkillLineEntry id="208" categoryId="7" skillCostID="0" name="宠物 - 狼" spellIcon="0" alternateVerb="8323198" />
	<SkillLineEntry id="209" categoryId="7" skillCostID="0" name="宠物 - 豹" spellIcon="0" alternateVerb="8323198" />
	<SkillLineEntry id="210" categoryId="7" skillCostID="0" name="宠物 - 熊" spellIcon="0" alternateVerb="8323198" />
	<SkillLineEntry id="211" categoryId="7" skillCostID="0" name="宠物 - 野猪" spellIcon="0" alternateVerb="8323198" />
	<SkillLineEntry id="212" categoryId="7" skillCostID="0" name="宠物 - 鳄鱼" spellIcon="0" alternateVerb="8323198" />
	<SkillLineEntry id="213" categoryId="7" skillCostID="0" name="宠物 - 食腐鸟" spellIcon="0" alternateVerb="8323198" />
	<SkillLineEntry id="214" categoryId="7" skillCostID="0" name="宠物 - 螃蟹" spellIcon="0" alternateVerb="8323198" />
	<SkillLineEntry id="215" categoryId="7" skillCostID="0" name="宠物 - 猩猩" spellIcon="0" alternateVerb="4128894" />
	<SkillLineEntry id="217" categoryId="7" skillCostID="0" name="宠物 - 迅猛龙" spellIcon="0" alternateVerb="8323198" />
	<SkillLineEntry id="218" categoryId="7" skillCostID="0" name="宠物 - 陆行鸟" spellIcon="0" alternateVerb="8323198" />
	<SkillLineEntry id="220" categoryId="9" skillCostID="0" name="亡灵种族特长" spellIcon="0" alternateVerb="8323198" />
	<SkillLineEntry id="226" categoryId="6" skillCostID="0" name="弩" spellIcon="0" alternateVerb="8323198" />
	<SkillLineEntry id="228" categoryId="6" skillCostID="0" name="魔杖" spellIcon="0" alternateVerb="4128894" />
	<SkillLineEntry id="229" categoryId="6" skillCostID="0" name="长柄武器" spellIcon="0" alternateVerb="4128894" />
	<SkillLineEntry id="236" categoryId="7" skillCostID="0" name="宠物 - 蝎子" spellIcon="0" alternateVerb="8323198" />
	<SkillLineEntry id="237" categoryId="7" skillCostID="0" name="奥术" spellIcon="0" alternateVerb="8323198" />
	<SkillLineEntry id="251" categoryId="7" skillCostID="0" name="宠物 - 海龟" spellIcon="0" alternateVerb="4128894" />
	<SkillLineEntry id="253" categoryId="7" skillCostID="0" name="刺杀" spellIcon="0" alternateVerb="4128894" />
	<SkillLineEntry id="256" categoryId="7" skillCostID="0" name="狂怒" spellIcon="0" alternateVerb="8323198" />
	<SkillLineEntry id="257" categoryId="7" skillCostID="0" name="防护" spellIcon="0" alternateVerb="4128894" />
	<SkillLineEntry id="261" categoryId="7" skillCostID="0" name="训练野兽" spellIcon="0" alternateVerb="4128894" />
	<SkillLineEntry id="267" categoryId="7" skillCostID="0" name="防护" spellIcon="0" alternateVerb="8323198" />
	<SkillLineEntry id="270" categoryId="7" skillCostID="0" name="宠物 - 天赋" spellIcon="0" alternateVerb="8323198" />
	<SkillLineEntry id="293" categoryId="8" skillCostID="0" name="板甲" spellIcon="0" alternateVerb="8323198" />
	<SkillLineEntry id="313" categoryId="10" skillCostID="0" name="语言：侏儒语" spellIcon="0" alternateVerb="8323198" />
	<SkillLineEntry id="315" categoryId="10" skillCostID="0" name="语言：巨魔语" spellIcon="0" alternateVerb="4128894" />
	<SkillLineEntry id="333" categoryId="11" skillCostID="0" name="附魔" spellIcon="0" alternateVerb="4128894" />
	<SkillLineEntry id="354" categoryId="7" skillCostID="0" name="恶魔学识" spellIcon="0" alternateVerb="8323198" />
	<SkillLineEntry id="355" categoryId="7" skillCostID="0" name="痛苦" spellIcon="0" alternateVerb="4128894" />
	<SkillLineEntry id="356" categoryId="9" skillCostID="0" name="钓鱼" spellIcon="0" alternateVerb="4128894" />
	<SkillLineEntry id="373" categoryId="7" skillCostID="0" name="增强" spellIcon="0" alternateVerb="4128894" />
	<SkillLineEntry id="374" categoryId="7" skillCostID="0" name="恢复" spellIcon="0" alternateVerb="4128894" />
	<SkillLineEntry id="375" categoryId="7" skillCostID="0" name="元素战斗" spellIcon="0" alternateVerb="4128894" />
	<SkillLineEntry id="393" categoryId="11" skillCostID="0" name="剥皮" spellIcon="0" alternateVerb="4128894" />
	<SkillLineEntry id="413" categoryId="8" skillCostID="0" name="锁甲" spellIcon="0" alternateVerb="4128894" />
	<SkillLineEntry id="414" categoryId="8" skillCostID="0" name="皮甲" spellIcon="0" alternateVerb="4128894" />
	<SkillLineEntry id="415" categoryId="8" skillCostID="0" name="布甲" spellIcon="0" alternateVerb="4128894" />
	<SkillLineEntry id="433" categoryId="8" skillCostID="0" name="盾牌" spellIcon="0" alternateVerb="4128894" />
	<SkillLineEntry id="473" categoryId="6" skillCostID="0" name="拳套" spellIcon="0" alternateVerb="4128894" />
	<SkillLineEntry id="533" categoryId="9" skillCostID="0" name="骑术：迅猛龙" spellIcon="0" alternateVerb="4128894" />
	<SkillLineEntry id="553" categoryId="9" skillCostID="0" name="骑术：机械陆行鸟" spellIcon="0" alternateVerb="4128894" />
	<SkillLineEntry id="554" categoryId="9" skillCostID="0" name="骑术：骸骨战马" spellIcon="0" alternateVerb="4128894" />
	<SkillLineEntry id="573" categoryId="7" skillCostID="0" name="恢复" spellIcon="0" alternateVerb="4128894" />
	<SkillLineEntry id="574" categoryId="7" skillCostID="0" name="平衡" spellIcon="0" alternateVerb="4128894" />
	<SkillLineEntry id="593" categoryId="7" skillCostID="0" name="毁灭" spellIcon="0" alternateVerb="4128894" />
	<SkillLineEntry id="594" categoryId="7" skillCostID="0" name="神圣" spellIcon="0" alternateVerb="4128894" />
	<SkillLineEntry id="613" categoryId="7" skillCostID="0" name="戒律" spellIcon="0" alternateVerb="4128894" />
	<SkillLineEntry id="633" categoryId="7" skillCostID="0" name="开锁" spellIcon="0" alternateVerb="4128894" />
	<SkillLineEntry id="653" categoryId="7" skillCostID="0" name="宠物 - 蝙蝠" spellIcon="0" alternateVerb="4128894" />
	<SkillLineEntry id="654" categoryId="7" skillCostID="0" name="宠物 - 土狼" spellIcon="0" alternateVerb="4128894" />
	<SkillLineEntry id="655" categoryId="7" skillCostID="0" name="宠物 - 猫头鹰" spellIcon="0" alternateVerb="4128894" />
	<SkillLineEntry id="656" categoryId="7" skillCostID="0" name="宠物 - 风蛇" spellIcon="0" alternateVerb="4128894" />
	<SkillLineEntry id="673" categoryId="10" skillCostID="0" name="语言：亡灵语" spellIcon="0" alternateVerb="4128894" />
	<SkillLineEntry id="713" categoryId="9" skillCostID="0" name="骑术：科多兽" spellIcon="0" alternateVerb="4128894" />
	<SkillLineEntry id="733" categoryId="9" skillCostID="0" name="种族特长 - 巨魔" spellIcon="0" alternateVerb="4128894" />
	<SkillLineEntry id="753" categoryId="9" skillCostID="0" name="种族特长 - 侏儒" spellIcon="0" alternateVerb="4128894" />
	<SkillLineEntry id="754" categoryId="9" skillCostID="0" name="种族特长 - 人类" spellIcon="0" alternateVerb="4128894" />
	<SkillLineEntry id="758" categoryId="-1" skillCostID="0" name="Pet - Event - Remote Control" spellIcon="0" alternateVerb="-1981377139" />
	<SkillLineEntry id="762" categoryId="9" skillCostID="0" name="骑术" description="-2081914742" spellIcon="-1629093741" />
</SkillLineEntryList>