<?xml version="1.0" encoding="UTF-8" standalone="yes"?>
<SpellDurationEntryList>
	<SpellDurationEntry id="1" Duration1="10000" Duration2="0" Duration3="10000" />
	<SpellDurationEntry id="2" Duration1="30000" Duration2="0" Duration3="30000" />
	<SpellDurationEntry id="3" Duration1="60000" Duration2="0" Duration3="60000" />
	<SpellDurationEntry id="4" Duration1="120000" Duration2="0" Duration3="120000" />
	<SpellDurationEntry id="5" Duration1="300000" Duration2="0" Duration3="300000" />
	<SpellDurationEntry id="6" Duration1="600000" Duration2="0" Duration3="600000" />
	<SpellDurationEntry id="7" Duration1="5000" Duration2="0" Duration3="5000" />
	<SpellDurationEntry id="8" Duration1="15000" Duration2="0" Duration3="15000" />
	<SpellDurationEntry id="9" Duration1="30000" Duration2="0" Duration3="30000" />
	<SpellDurationEntry id="10" Duration1="60000" Duration2="0" Duration3="60000" />
	<SpellDurationEntry id="11" Duration1="10000" Duration2="200" Duration3="15000" />
	<SpellDurationEntry id="12" Duration1="30000" Duration2="200" Duration3="40000" />
	<SpellDurationEntry id="13" Duration1="60000" Duration2="200" Duration3="80000" />
	<SpellDurationEntry id="14" Duration1="120000" Duration2="10000" Duration3="180000" />
	<SpellDurationEntry id="15" Duration1="300000" Duration2="10000" Duration3="420000" />
	<SpellDurationEntry id="16" Duration1="230000" Duration2="0" Duration3="230000" />
	<SpellDurationEntry id="17" Duration1="5000" Duration2="100" Duration3="7000" />
	<SpellDurationEntry id="18" Duration1="20000" Duration2="0" Duration3="20000" />
	<SpellDurationEntry id="19" Duration1="30000" Duration2="500" Duration3="40000" />
	<SpellDurationEntry id="20" Duration1="60000" Duration2="1000" Duration3="80000" />
	<SpellDurationEntry id="21" Duration1="-1" Duration2="0" Duration3="-1" />
	<SpellDurationEntry id="22" Duration1="45000" Duration2="0" Duration3="45000" />
	<SpellDurationEntry id="23" Duration1="90000" Duration2="0" Duration3="90000" />
	<SpellDurationEntry id="24" Duration1="160000" Duration2="0" Duration3="160000" />
	<SpellDurationEntry id="25" Duration1="180000" Duration2="0" Duration3="180000" />
	<SpellDurationEntry id="26" Duration1="240000" Duration2="0" Duration3="240000" />
	<SpellDurationEntry id="27" Duration1="3000" Duration2="0" Duration3="3000" />
	<SpellDurationEntry id="28" Duration1="5000" Duration2="0" Duration3="5000" />
	<SpellDurationEntry id="29" Duration1="12000" Duration2="0" Duration3="12000" />
	<SpellDurationEntry id="30" Duration1="1800000" Duration2="0" Duration3="1800000" />
	<SpellDurationEntry id="31" Duration1="8000" Duration2="0" Duration3="8000" />
	<SpellDurationEntry id="32" Duration1="6000" Duration2="0" Duration3="6000" />
	<SpellDurationEntry id="35" Duration1="4000" Duration2="0" Duration3="4000" />
	<SpellDurationEntry id="36" Duration1="1000" Duration2="0" Duration3="1000" />
	<SpellDurationEntry id="37" Duration1="1" Duration2="0" Duration3="1" />
	<SpellDurationEntry id="38" Duration1="11000" Duration2="0" Duration3="11000" />
	<SpellDurationEntry id="39" Duration1="2000" Duration2="0" Duration3="2000" />
	<SpellDurationEntry id="40" Duration1="1200000" Duration2="0" Duration3="1200000" />
	<SpellDurationEntry id="41" Duration1="360000" Duration2="0" Duration3="360000" />
	<SpellDurationEntry id="42" Duration1="3600000" Duration2="0" Duration3="3600000" />
	<SpellDurationEntry id="62" Duration1="75000" Duration2="0" Duration3="75000" />
	<SpellDurationEntry id="63" Duration1="25000" Duration2="0" Duration3="25000" />
	<SpellDurationEntry id="64" Duration1="40000" Duration2="0" Duration3="40000" />
	<SpellDurationEntry id="65" Duration1="1500" Duration2="0" Duration3="1500" />
	<SpellDurationEntry id="66" Duration1="2500" Duration2="0" Duration3="2500" />
	<SpellDurationEntry id="85" Duration1="18000" Duration2="0" Duration3="18000" />
	<SpellDurationEntry id="86" Duration1="21000" Duration2="0" Duration3="21000" />
	<SpellDurationEntry id="105" Duration1="9000" Duration2="0" Duration3="9000" />
	<SpellDurationEntry id="106" Duration1="24000" Duration2="0" Duration3="24000" />
	<SpellDurationEntry id="125" Duration1="35000" Duration2="0" Duration3="35000" />
	<SpellDurationEntry id="145" Duration1="2700000" Duration2="0" Duration3="2700000" />
	<SpellDurationEntry id="165" Duration1="7000" Duration2="0" Duration3="7000" />
	<SpellDurationEntry id="185" Duration1="6000" Duration2="0" Duration3="21000" />
	<SpellDurationEntry id="186" Duration1="2000" Duration2="0" Duration3="22000" />
	<SpellDurationEntry id="187" Duration1="0" Duration2="0" Duration3="5000" />
	<SpellDurationEntry id="205" Duration1="27000" Duration2="0" Duration3="27000" />
	<SpellDurationEntry id="225" Duration1="604800000" Duration2="0" Duration3="604800000" />
	<SpellDurationEntry id="245" Duration1="50000" Duration2="0" Duration3="50000" />
	<SpellDurationEntry id="265" Duration1="55000" Duration2="0" Duration3="55000" />
	<SpellDurationEntry id="285" Duration1="1000" Duration2="0" Duration3="6000" />
	<SpellDurationEntry id="305" Duration1="14000" Duration2="0" Duration3="14000" />
	<SpellDurationEntry id="325" Duration1="36000" Duration2="0" Duration3="36000" />
	<SpellDurationEntry id="326" Duration1="44000" Duration2="0" Duration3="44000" />
	<SpellDurationEntry id="327" Duration1="500" Duration2="0" Duration3="500" />
	<SpellDurationEntry id="328" Duration1="250" Duration2="0" Duration3="250" />
	<SpellDurationEntry id="347" Duration1="900000" Duration2="0" Duration3="900000" />
	<SpellDurationEntry id="367" Duration1="7200000" Duration2="0" Duration3="7200000" />
	<SpellDurationEntry id="387" Duration1="16000" Duration2="0" Duration3="16000" />
	<SpellDurationEntry id="407" Duration1="100" Duration2="0" Duration3="100" />
	<SpellDurationEntry id="427" Duration1="-600000" Duration2="60000" Duration3="600000" />
	<SpellDurationEntry id="447" Duration1="2000" Duration2="0" Duration3="6000" />
	<SpellDurationEntry id="467" Duration1="22000" Duration2="0" Duration3="22000" />
	<SpellDurationEntry id="468" Duration1="26000" Duration2="0" Duration3="26000" />
	<SpellDurationEntry id="487" Duration1="1700" Duration2="0" Duration3="1700" />
	<SpellDurationEntry id="507" Duration1="1100" Duration2="0" Duration3="1100" />
	<SpellDurationEntry id="508" Duration1="1100" Duration2="0" Duration3="1100" />
	<SpellDurationEntry id="527" Duration1="14400000" Duration2="0" Duration3="14400000" />
	<SpellDurationEntry id="547" Duration1="5400000" Duration2="0" Duration3="5400000" />
	<SpellDurationEntry id="548" Duration1="10800000" Duration2="0" Duration3="10800000" />
	<SpellDurationEntry id="549" Duration1="3800" Duration2="0" Duration3="3800" />
	<SpellDurationEntry id="552" Duration1="210000" Duration2="0" Duration3="210000" />
	<SpellDurationEntry id="553" Duration1="6000" Duration2="0" Duration3="16000" />
</SpellDurationEntryList>