<?xml version="1.0" encoding="UTF-8" standalone="yes"?>
<SpellRadiusEntryList>
	<SpellRadiusEntry id="7" minRadius="2.0" RadiusPerLevel="0.0" maxRadius="2.0" />
	<SpellRadiusEntry id="8" minRadius="5.0" RadiusPerLevel="0.0" maxRadius="5.0" />
	<SpellRadiusEntry id="9" minRadius="20.0" RadiusPerLevel="0.0" maxRadius="20.0" />
	<SpellRadiusEntry id="10" minRadius="30.0" RadiusPerLevel="0.0" maxRadius="30.0" />
	<SpellRadiusEntry id="11" minRadius="45.0" RadiusPerLevel="0.0" maxRadius="45.0" />
	<SpellRadiusEntry id="12" minRadius="100.0" RadiusPerLevel="0.0" maxRadius="100.0" />
	<SpellRadiusEntry id="13" minRadius="10.0" RadiusPerLevel="0.0" maxRadius="10.0" />
	<SpellRadiusEntry id="14" minRadius="8.0" RadiusPerLevel="0.0" maxRadius="8.0" />
	<SpellRadiusEntry id="15" minRadius="3.0" RadiusPerLevel="0.0" maxRadius="3.0" />
	<SpellRadiusEntry id="16" minRadius="1.0" RadiusPerLevel="0.0" maxRadius="1.0" />
	<SpellRadiusEntry id="17" minRadius="13.0" RadiusPerLevel="0.0" maxRadius="13.0" />
	<SpellRadiusEntry id="18" minRadius="15.0" RadiusPerLevel="0.0" maxRadius="15.0" />
	<SpellRadiusEntry id="19" minRadius="18.0" RadiusPerLevel="0.0" maxRadius="18.0" />
	<SpellRadiusEntry id="20" minRadius="25.0" RadiusPerLevel="0.0" maxRadius="25.0" />
	<SpellRadiusEntry id="21" minRadius="35.0" RadiusPerLevel="0.0" maxRadius="35.0" />
	<SpellRadiusEntry id="22" minRadius="200.0" RadiusPerLevel="0.0" maxRadius="200.0" />
	<SpellRadiusEntry id="23" minRadius="40.0" RadiusPerLevel="0.0" maxRadius="40.0" />
	<SpellRadiusEntry id="24" minRadius="65.0" RadiusPerLevel="0.0" maxRadius="65.0" />
	<SpellRadiusEntry id="25" minRadius="70.0" RadiusPerLevel="0.0" maxRadius="70.0" />
	<SpellRadiusEntry id="26" minRadius="4.0" RadiusPerLevel="0.0" maxRadius="4.0" />
	<SpellRadiusEntry id="27" minRadius="50.0" RadiusPerLevel="0.0" maxRadius="50.0" />
	<SpellRadiusEntry id="28" minRadius="50000.0" RadiusPerLevel="0.0" maxRadius="50000.0" />
	<SpellRadiusEntry id="29" minRadius="6.0" RadiusPerLevel="0.0" maxRadius="6.0" />
	<SpellRadiusEntry id="31" minRadius="80.0" RadiusPerLevel="0.0" maxRadius="80.0" />
</SpellRadiusEntryList>