<?xml version="1.0" encoding="UTF-8" standalone="yes"?>
<SpellFocusObjectEntryList>
	<SpellFocusObjectEntry ID="1" Name="铁砧" />
	<SpellFocusObjectEntry ID="2" Name="Loom" />
	<SpellFocusObjectEntry ID="3" Name="熔炉" />
	<SpellFocusObjectEntry ID="4" Name="烹饪用火" />
	<SpellFocusObjectEntry ID="5" Name="密斯莱尔水晶碎块" />
	<SpellFocusObjectEntry ID="6" Name="冰蹄水井" />
	<SpellFocusObjectEntry ID="7" Name="雷角水井" />
	<SpellFocusObjectEntry ID="8" Name="蛮鬃水井" />
	<SpellFocusObjectEntry ID="9" Name="能量吸取" />
	<SpellFocusObjectEntry ID="10" Name="机械店" />
	<SpellFocusObjectEntry ID="11" Name="幽影谷月亮井" />
	<SpellFocusObjectEntry ID="12" Name="星风村月亮井" />
	<SpellFocusObjectEntry ID="13" Name="阿里斯瑞恩月亮井" />
	<SpellFocusObjectEntry ID="14" Name="神谕林地月亮井" />
	<SpellFocusObjectEntry ID="15" Name="风险投资公司机场" />
	<SpellFocusObjectEntry ID="16" Name="风险投资公司货车（蓝色）" />
	<SpellFocusObjectEntry ID="17" Name="风险投资公司货车（红色）" />
	<SpellFocusObjectEntry ID="18" Name="NG-5炸药（红色）" />
	<SpellFocusObjectEntry ID="19" Name="NG-5炸药（蓝色）" />
	<SpellFocusObjectEntry ID="20" Name="尤基尔之焰" />
	<SpellFocusObjectEntry ID="21" Name="灰谷月亮井" />
	<SpellFocusObjectEntry ID="22" Name="海誓祭坛" />
	<SpellFocusObjectEntry ID="23" Name="附近的薯块" />
	<SpellFocusObjectEntry ID="43" Name="幽暗城召唤法针" />
	<SpellFocusObjectEntry ID="63" Name="萨满圣地" />
	<SpellFocusObjectEntry ID="83" Name="暴风城召唤法阵" />
	<SpellFocusObjectEntry ID="103" Name="贫瘠之地召唤法阵" />
	<SpellFocusObjectEntry ID="123" Name="明镜湖瀑布" />
	<SpellFocusObjectEntry ID="143" Name="猛禽洞穴" />
	<SpellFocusObjectEntry ID="163" Name="萨维亚瀑布" />
	<SpellFocusObjectEntry ID="164" Name="外禁锢之石" />
	<SpellFocusObjectEntry ID="183" Name="法力裂隙" />
	<SpellFocusObjectEntry ID="203" Name="奥格瑞玛召唤法阵" />
	<SpellFocusObjectEntry ID="223" Name="星尘喷泉废墟" />
	<SpellFocusObjectEntry ID="224" Name="野猪人的水池" />
	<SpellFocusObjectEntry ID="225" Name="水质净化 - 银松森林" />
	<SpellFocusObjectEntry ID="226" Name="灵魂之井" />
	<SpellFocusObjectEntry ID="243" Name="月泉神殿" />
	<SpellFocusObjectEntry ID="263" Name="辛萨罗祭坛" />
	<SpellFocusObjectEntry ID="264" Name="海盗船舱底" />
	<SpellFocusObjectEntry ID="283" Name="艾奎尼克斯石碑" />
	<SpellFocusObjectEntry ID="303" Name="枯木村" />
	<SpellFocusObjectEntry ID="304" Name="莎德拉罗祭坛" />
	<SpellFocusObjectEntry ID="323" Name="流沙岗哨水池" />
	<SpellFocusObjectEntry ID="343" Name="邪爪之石" />
	<SpellFocusObjectEntry ID="363" Name="埃其亚基的巢穴" />
	<SpellFocusObjectEntry ID="383" Name="枯树" />
	<SpellFocusObjectEntry ID="403" Name="直升机平台" />
	<SpellFocusObjectEntry ID="423" Name="亚奎门塔斯法阵" />
	<SpellFocusObjectEntry ID="424" Name="堕神圣地" />
	<SpellFocusObjectEntry ID="443" Name="第一座海潮之池" />
	<SpellFocusObjectEntry ID="444" Name="第二座海潮之池" />
	<SpellFocusObjectEntry ID="445" Name="第三座海潮之池" />
	<SpellFocusObjectEntry ID="446" Name="第四座海潮之池" />
	<SpellFocusObjectEntry ID="463" Name="格里什虫巢孵化室" />
	<SpellFocusObjectEntry ID="483" Name="米布隆·乱齿" />
	<SpellFocusObjectEntry ID="503" Name="加基森墓地" />
	<SpellFocusObjectEntry ID="523" Name="铁木森林废墟" />
	<SpellFocusObjectEntry ID="543" Name="黑熔炉" />
	<SpellFocusObjectEntry ID="563" Name="葛拉卡盆地" />
	<SpellFocusObjectEntry ID="583" Name="七贤之墓" />
	<SpellFocusObjectEntry ID="603" Name="平坦的安戈洛岩石" />
	<SpellFocusObjectEntry ID="604" Name="蛇颈龙肉块" />
	<SpellFocusObjectEntry ID="623" Name="黑铁砧" />
	<SpellFocusObjectEntry ID="643" Name="格里什异种蝎水晶" />
	<SpellFocusObjectEntry ID="644" Name="被污染的月亮井" />
	<SpellFocusObjectEntry ID="663" Name="炼金实验室" />
	<SpellFocusObjectEntry ID="683" Name="未铸造的晋升印章" />
	<SpellFocusObjectEntry ID="703" Name="奥伯丁月亮井" />
	<SpellFocusObjectEntry ID="704" Name="黑木熊怪北部营火" />
	<SpellFocusObjectEntry ID="705" Name="壁泉河瀑布" />
	<SpellFocusObjectEntry ID="723" Name="火羽山高温点" />
	<SpellFocusObjectEntry ID="743" Name="乌洛克的贡品堆" />
	<SpellFocusObjectEntry ID="763" Name="安多哈尔的时间裂隙" />
	<SpellFocusObjectEntry ID="783" Name="希洛塔姆之石" />
	<SpellFocusObjectEntry ID="803" Name="生命圣火" />
	<SpellFocusObjectEntry ID="804" Name="血色十字军前方营地" />
	<SpellFocusObjectEntry ID="805" Name="安多哈尔哨塔" />
	<SpellFocusObjectEntry ID="823" Name="通灵学院观察室" />
	<SpellFocusObjectEntry ID="843" Name="加德纳尔月亮井" />
	<SpellFocusObjectEntry ID="863" Name="乌米的朋友" />
	<SpellFocusObjectEntry ID="883" Name="月亮井" />
	<SpellFocusObjectEntry ID="903" Name="火羽山熔岩湖" />
	<SpellFocusObjectEntry ID="923" Name="北山伐木场中间的箱子" />
	<SpellFocusObjectEntry ID="943" Name="月夜枭兽之石" />
	<SpellFocusObjectEntry ID="944" Name="达隆郡广场" />
	<SpellFocusObjectEntry ID="963" Name="明亮的光柱" />
	<SpellFocusObjectEntry ID="983" Name="爆炸标记" />
	<SpellFocusObjectEntry ID="1003" Name="壁泉河瀑布洞口" />
	<SpellFocusObjectEntry ID="1004" Name="鬼雾峰水池" />
	<SpellFocusObjectEntry ID="1023" Name="巨型骸骨" />
	<SpellFocusObjectEntry ID="1043" Name="雷姆洛斯神殿" />
	<SpellFocusObjectEntry ID="1063" Name="污林图腾堆" />
	<SpellFocusObjectEntry ID="1083" Name="厄运之池" />
	<SpellFocusObjectEntry ID="1103" Name="玛拉顿传送门" />
	<SpellFocusObjectEntry ID="1123" Name="部落占卜之球" />
	<SpellFocusObjectEntry ID="1143" Name="东部凹地" />
	<SpellFocusObjectEntry ID="1144" Name="西部凹地" />
	<SpellFocusObjectEntry ID="1145" Name="中部墓地" />
	<SpellFocusObjectEntry ID="1163" Name="联盟占卜之球" />
	<SpellFocusObjectEntry ID="1164" Name="联盟基地庭院" />
	<SpellFocusObjectEntry ID="1165" Name="部落基地庭院" />
	<SpellFocusObjectEntry ID="1183" Name="争夺中的墓地" />
	<SpellFocusObjectEntry ID="1184" Name="东部凹地" />
	<SpellFocusObjectEntry ID="1185" Name="西部凹地" />
	<SpellFocusObjectEntry ID="1203" Name="橙色水晶池" />
	<SpellFocusObjectEntry ID="1223" Name="奥妮克希亚的烈焰" />
	<SpellFocusObjectEntry ID="1243" Name="克罗苏斯的残骸" />
	<SpellFocusObjectEntry ID="1263" Name="伊莫塔尔之座" />
	<SpellFocusObjectEntry ID="1264" Name="黑暗召唤法阵" />
	<SpellFocusObjectEntry ID="1283" Name="尸骨储藏所" />
	<SpellFocusObjectEntry ID="1284" Name="恐惧谷的怨灵" />
	<SpellFocusObjectEntry ID="1303" Name="鹰巢山城镇中心" />
	<SpellFocusObjectEntry ID="1323" Name="乌瑟尔之墓的雕像" />
	<SpellFocusObjectEntry ID="1324" Name="格罗姆的雕像" />
	<SpellFocusObjectEntry ID="1343" Name="帕格渔点" />
	<SpellFocusObjectEntry ID="1344" Name="赞扎祭坛" />
	<SpellFocusObjectEntry ID="1345" Name="南海镇" />
	<SpellFocusObjectEntry ID="1346" Name="格拉卡洛之骨" />
	<SpellFocusObjectEntry ID="1347" Name="被遗忘者臭气弹" />
	<SpellFocusObjectEntry ID="1348" Name="交货点" />
	<SpellFocusObjectEntry ID="1349" Name="湍急的漩涡" />
	<SpellFocusObjectEntry ID="1350" Name="冬泉酋长的洞穴" />
	<SpellFocusObjectEntry ID="1351" Name="焰火发射器" />
	<SpellFocusObjectEntry ID="1352" Name="焰火发射器" />
	<SpellFocusObjectEntry ID="1353" Name="明亮的月光" />
	<SpellFocusObjectEntry ID="1354" Name="沃恩的房间" />
	<SpellFocusObjectEntry ID="1355" Name="奥兹恩的房间" />
	<SpellFocusObjectEntry ID="1356" Name="赤红王座" />
	<SpellFocusObjectEntry ID="1357" Name="莱斯·霜语的房间" />
	<SpellFocusObjectEntry ID="1358" Name="比斯巨兽的房间" />
	<SpellFocusObjectEntry ID="1359" Name="闹鬼的地方" />
	<SpellFocusObjectEntry ID="1360" Name="黑石深渊竞技场" />
	<SpellFocusObjectEntry ID="1361" Name="水晶尸体" />
	<SpellFocusObjectEntry ID="1362" Name="冰怒铁砧" />
	<SpellFocusObjectEntry ID="1364" Name="神圣之地" />
	<SpellFocusObjectEntry ID="1365" Name="仲夏篝火" />
	<SpellFocusObjectEntry ID="1366" Name="五月柱" />
</SpellFocusObjectEntryList>