<?xml version="1.0" encoding="UTF-8" standalone="yes"?>
<SpellRangeEntryList>
	<SpellRangeEntry id="1" minRange="0.0" minRangeFriendly="0.0" maxRange="0.0" maxRangeFriendly="0.0" unk="0" name="自身" description="自身" />
	<SpellRangeEntry id="2" minRange="0.0" minRangeFriendly="5.0" maxRange="1.4E-45" maxRangeFriendly="0.0" unk="0" name="作战范围" />
	<SpellRangeEntry id="3" minRange="0.0" minRangeFriendly="20.0" maxRange="0.0" maxRangeFriendly="0.0" unk="0" name="较近" />
	<SpellRangeEntry id="4" minRange="0.0" minRangeFriendly="30.0" maxRange="0.0" maxRangeFriendly="0.0" unk="0" name="中程" />
	<SpellRangeEntry id="5" minRange="0.0" minRangeFriendly="40.0" maxRange="0.0" maxRangeFriendly="0.0" unk="0" name="较远" />
	<SpellRangeEntry id="6" minRange="0.0" minRangeFriendly="100.0" maxRange="0.0" maxRangeFriendly="0.0" unk="0" name="视野范围" />
	<SpellRangeEntry id="7" minRange="0.0" minRangeFriendly="10.0" maxRange="0.0" maxRangeFriendly="0.0" unk="0" name="近身" />
	<SpellRangeEntry id="8" minRange="10.0" minRangeFriendly="20.0" maxRange="0.0" maxRangeFriendly="0.0" unk="0" name="较近" />
	<SpellRangeEntry id="9" minRange="10.0" minRangeFriendly="30.0" maxRange="0.0" maxRangeFriendly="0.0" unk="0" name="中程" />
	<SpellRangeEntry id="10" minRange="10.0" minRangeFriendly="40.0" maxRange="0.0" maxRangeFriendly="0.0" unk="0" name="较远" />
	<SpellRangeEntry id="11" minRange="0.0" minRangeFriendly="15.0" maxRange="0.0" maxRangeFriendly="0.0" unk="0" name="近程" />
	<SpellRangeEntry id="12" minRange="0.0" minRangeFriendly="5.0" maxRange="0.0" maxRangeFriendly="0.0" unk="0" name="交互范围" />
	<SpellRangeEntry id="13" minRange="0.0" minRangeFriendly="50000.0" maxRange="0.0" maxRangeFriendly="0.0" unk="0" name="任意地点" />
	<SpellRangeEntry id="14" minRange="0.0" minRangeFriendly="60.0" maxRange="0.0" maxRangeFriendly="0.0" unk="0" name="超远程" />
	<SpellRangeEntry id="34" minRange="0.0" minRangeFriendly="25.0" maxRange="0.0" maxRangeFriendly="0.0" unk="0" name="中近程" />
	<SpellRangeEntry id="35" minRange="0.0" minRangeFriendly="35.0" maxRange="0.0" maxRangeFriendly="0.0" unk="0" name="中远程" />
	<SpellRangeEntry id="36" minRange="0.0" minRangeFriendly="45.0" maxRange="0.0" maxRangeFriendly="0.0" unk="0" name="远程" />
	<SpellRangeEntry id="37" minRange="0.0" minRangeFriendly="50.0" maxRange="0.0" maxRangeFriendly="0.0" unk="0" name="延长范围" />
	<SpellRangeEntry id="38" minRange="10.0" minRangeFriendly="25.0" maxRange="0.0" maxRangeFriendly="0.0" unk="0" name="额外中程" />
	<SpellRangeEntry id="54" minRange="5.0" minRangeFriendly="30.0" maxRange="0.0" maxRangeFriendly="0.0" unk="0" name="Geoff Monster Shoot" />
	<SpellRangeEntry id="74" minRange="8.0" minRangeFriendly="30.0" maxRange="0.0" maxRangeFriendly="0.0" unk="0" name="Ranged Weapon" />
	<SpellRangeEntry id="94" minRange="8.0" minRangeFriendly="40.0" maxRange="0.0" maxRangeFriendly="0.0" unk="0" name="Sting" />
	<SpellRangeEntry id="95" minRange="8.0" minRangeFriendly="25.0" maxRange="0.0" maxRangeFriendly="0.0" unk="0" name="Charge" />
	<SpellRangeEntry id="96" minRange="0.0" minRangeFriendly="2.0" maxRange="0.0" maxRangeFriendly="0.0" unk="0" name="Trap" />
	<SpellRangeEntry id="114" minRange="8.0" minRangeFriendly="35.0" maxRange="0.0" maxRangeFriendly="0.0" unk="0" name="Hunter Range" />
	<SpellRangeEntry id="134" minRange="0.0" minRangeFriendly="80.0" maxRange="0.0" maxRangeFriendly="0.0" unk="0" name="Tower 80" />
	<SpellRangeEntry id="135" minRange="0.0" minRangeFriendly="100.0" maxRange="0.0" maxRangeFriendly="0.0" unk="0" name="Tower 100" />
	<SpellRangeEntry id="136" minRange="30.0" minRangeFriendly="80.0" maxRange="0.0" maxRangeFriendly="0.0" unk="0" name="Artillery Range" />
</SpellRangeEntryList>