<?xml version="1.0" encoding="UTF-8" standalone="yes"?>
<SpellCastTimesEntryList>
	<SpellCastTimesEntry id="1" CastTime="0" CastTimePerLevel="0" MinCastTime="0" />
	<SpellCastTimesEntry id="2" CastTime="250" CastTimePerLevel="0" MinCastTime="250" />
	<SpellCastTimesEntry id="3" CastTime="500" CastTimePerLevel="0" MinCastTime="500" />
	<SpellCastTimesEntry id="4" CastTime="1000" CastTimePerLevel="0" MinCastTime="1000" />
	<SpellCastTimesEntry id="5" CastTime="2000" CastTimePerLevel="0" MinCastTime="2000" />
	<SpellCastTimesEntry id="6" CastTime="5000" CastTimePerLevel="0" MinCastTime="5000" />
	<SpellCastTimesEntry id="7" CastTime="10000" CastTimePerLevel="0" MinCastTime="10000" />
	<SpellCastTimesEntry id="8" CastTime="20000" CastTimePerLevel="0" MinCastTime="20000" />
	<SpellCastTimesEntry id="9" CastTime="30000" CastTimePerLevel="0" MinCastTime="30000" />
	<SpellCastTimesEntry id="10" CastTime="1000" CastTimePerLevel="-100" MinCastTime="500" />
	<SpellCastTimesEntry id="11" CastTime="2000" CastTimePerLevel="-100" MinCastTime="1000" />
	<SpellCastTimesEntry id="12" CastTime="5000" CastTimePerLevel="-100" MinCastTime="2500" />
	<SpellCastTimesEntry id="13" CastTime="30000" CastTimePerLevel="-1000" MinCastTime="10000" />
	<SpellCastTimesEntry id="14" CastTime="3000" CastTimePerLevel="0" MinCastTime="3000" />
	<SpellCastTimesEntry id="15" CastTime="4000" CastTimePerLevel="0" MinCastTime="4000" />
	<SpellCastTimesEntry id="16" CastTime="1500" CastTimePerLevel="0" MinCastTime="1500" />
	<SpellCastTimesEntry id="18" CastTime="-1000000" CastTimePerLevel="0" MinCastTime="-1000000" />
	<SpellCastTimesEntry id="19" CastTime="2500" CastTimePerLevel="0" MinCastTime="2500" />
	<SpellCastTimesEntry id="20" CastTime="2500" CastTimePerLevel="0" MinCastTime="2500" />
	<SpellCastTimesEntry id="21" CastTime="2600" CastTimePerLevel="0" MinCastTime="2600" />
	<SpellCastTimesEntry id="22" CastTime="3500" CastTimePerLevel="0" MinCastTime="3500" />
	<SpellCastTimesEntry id="23" CastTime="1800" CastTimePerLevel="0" MinCastTime="1800" />
	<SpellCastTimesEntry id="24" CastTime="2200" CastTimePerLevel="0" MinCastTime="2200" />
	<SpellCastTimesEntry id="25" CastTime="2900" CastTimePerLevel="0" MinCastTime="2900" />
	<SpellCastTimesEntry id="26" CastTime="3700" CastTimePerLevel="0" MinCastTime="3700" />
	<SpellCastTimesEntry id="27" CastTime="4100" CastTimePerLevel="0" MinCastTime="4100" />
	<SpellCastTimesEntry id="28" CastTime="3200" CastTimePerLevel="0" MinCastTime="3200" />
	<SpellCastTimesEntry id="29" CastTime="4700" CastTimePerLevel="0" MinCastTime="4700" />
	<SpellCastTimesEntry id="30" CastTime="4500" CastTimePerLevel="0" MinCastTime="4500" />
	<SpellCastTimesEntry id="31" CastTime="2300" CastTimePerLevel="0" MinCastTime="2300" />
	<SpellCastTimesEntry id="32" CastTime="7000" CastTimePerLevel="0" MinCastTime="7000" />
	<SpellCastTimesEntry id="33" CastTime="5125" CastTimePerLevel="-125" MinCastTime="3000" />
	<SpellCastTimesEntry id="34" CastTime="8000" CastTimePerLevel="-175" MinCastTime="4000" />
	<SpellCastTimesEntry id="35" CastTime="12500" CastTimePerLevel="-250" MinCastTime="5000" />
	<SpellCastTimesEntry id="36" CastTime="600" CastTimePerLevel="0" MinCastTime="600" />
	<SpellCastTimesEntry id="37" CastTime="25000" CastTimePerLevel="-400" MinCastTime="10000" />
	<SpellCastTimesEntry id="38" CastTime="45000" CastTimePerLevel="-500" MinCastTime="15000" />
	<SpellCastTimesEntry id="39" CastTime="60000" CastTimePerLevel="-500" MinCastTime="30000" />
	<SpellCastTimesEntry id="50" CastTime="1300" CastTimePerLevel="0" MinCastTime="1300" />
	<SpellCastTimesEntry id="70" CastTime="300000" CastTimePerLevel="0" MinCastTime="300000" />
	<SpellCastTimesEntry id="90" CastTime="1700" CastTimePerLevel="0" MinCastTime="1700" />
	<SpellCastTimesEntry id="91" CastTime="2800" CastTimePerLevel="0" MinCastTime="2800" />
	<SpellCastTimesEntry id="110" CastTime="750" CastTimePerLevel="0" MinCastTime="750" />
	<SpellCastTimesEntry id="130" CastTime="1600" CastTimePerLevel="0" MinCastTime="1600" />
	<SpellCastTimesEntry id="150" CastTime="3800" CastTimePerLevel="0" MinCastTime="3800" />
	<SpellCastTimesEntry id="151" CastTime="2700" CastTimePerLevel="0" MinCastTime="2700" />
	<SpellCastTimesEntry id="152" CastTime="3100" CastTimePerLevel="0" MinCastTime="3100" />
	<SpellCastTimesEntry id="153" CastTime="3400" CastTimePerLevel="0" MinCastTime="3400" />
	<SpellCastTimesEntry id="170" CastTime="8000" CastTimePerLevel="0" MinCastTime="8000" />
	<SpellCastTimesEntry id="171" CastTime="6000" CastTimePerLevel="0" MinCastTime="6000" />
	<SpellCastTimesEntry id="190" CastTime="100" CastTimePerLevel="0" MinCastTime="100" />
	<SpellCastTimesEntry id="191" CastTime="0" CastTimePerLevel="0" MinCastTime="0" />
</SpellCastTimesEntryList>