<?xml version="1.0" encoding="UTF-8" standalone="yes"?>
<SpellShapeshiftFormEntryList>
	<SpellShapeshiftFormEntry ID="1" buttonPosition="1" Name="豹形态" flags1="0" creatureType="11" unk1="0" attackSpeed="0" modelID_A="0" modelID_H="8323198" unk1="16" unk2="4294967295" spellId1="0" spellId2="3" spellId3="0" spellId4="0" spellId5="0" spellId6="0" spellId7="0" spellId8="24" />
	<SpellShapeshiftFormEntry ID="2" buttonPosition="0" Name="树人形态" flags1="0" creatureType="24" unk1="0" attackSpeed="0" modelID_A="0" modelID_H="4128894" unk1="80" unk2="1" spellId1="0" spellId2="4" spellId3="0" spellId4="0" spellId5="0" spellId6="0" spellId7="0" spellId8="37" />
	<SpellShapeshiftFormEntry ID="3" buttonPosition="0" Name="旅行形态" flags1="0" creatureType="37" unk1="0" attackSpeed="0" modelID_A="0" modelID_H="4128894" unk1="80" unk2="1" spellId1="0" spellId2="5" spellId3="3" spellId4="0" spellId5="0" spellId6="0" spellId7="0" spellId8="50" />
	<SpellShapeshiftFormEntry ID="4" buttonPosition="0" Name="水生形态" flags1="0" creatureType="50" unk1="0" attackSpeed="0" modelID_A="0" modelID_H="4128894" unk1="80" unk2="1" spellId1="496" spellId2="6" spellId3="0" spellId4="0" spellId5="0" spellId6="0" spellId7="0" spellId8="60" />
	<SpellShapeshiftFormEntry ID="5" buttonPosition="3" Name="熊形态" flags1="0" creatureType="60" unk1="0" attackSpeed="0" modelID_A="0" modelID_H="8323198" unk1="0" unk2="0" spellId1="0" spellId2="7" spellId3="0" spellId4="0" spellId5="0" spellId6="0" spellId7="0" spellId8="70" />
	<SpellShapeshiftFormEntry ID="6" buttonPosition="0" Name="小动物" flags1="0" creatureType="70" unk1="0" attackSpeed="0" modelID_A="0" modelID_H="8323198" unk1="0" unk2="0" spellId1="0" spellId2="8" spellId3="3" spellId4="0" spellId5="0" spellId6="0" spellId7="0" spellId8="80" />
	<SpellShapeshiftFormEntry ID="7" buttonPosition="0" Name="食尸鬼" flags1="0" creatureType="80" unk1="0" attackSpeed="0" modelID_A="0" modelID_H="4128894" unk1="80" unk2="1" spellId1="496" spellId2="9" spellId3="0" spellId4="0" spellId5="0" spellId6="0" spellId7="0" spellId8="0" />
	<SpellShapeshiftFormEntry ID="8" buttonPosition="3" Name="巨熊形态" flags1="0" creatureType="0" unk1="0" attackSpeed="0" modelID_A="0" modelID_H="8323196" unk1="0" unk2="0" spellId1="0" spellId2="10" spellId3="0" spellId4="0" spellId5="0" spellId6="0" spellId7="0" spellId8="0" />
	<SpellShapeshiftFormEntry ID="9" buttonPosition="0" flags1="0" creatureType="0" unk1="0" attackSpeed="0" modelID_A="0" modelID_H="8323196" unk1="0" unk2="0" spellId1="0" spellId2="11" spellId3="0" spellId4="0" spellId5="0" spellId6="0" spellId7="0" spellId8="0" />
	<SpellShapeshiftFormEntry ID="10" buttonPosition="0" flags1="0" creatureType="0" unk1="0" attackSpeed="0" modelID_A="0" modelID_H="8323196" unk1="0" unk2="0" spellId1="0" spellId2="12" spellId3="0" spellId4="0" spellId5="0" spellId6="0" spellId7="0" spellId8="0" />
	<SpellShapeshiftFormEntry ID="11" buttonPosition="0" flags1="0" creatureType="0" unk1="0" attackSpeed="0" modelID_A="0" modelID_H="8323196" unk1="0" unk2="0" spellId1="0" spellId2="13" spellId3="0" spellId4="0" spellId5="0" spellId6="0" spellId7="0" spellId8="0" />
	<SpellShapeshiftFormEntry ID="12" buttonPosition="0" flags1="0" creatureType="0" unk1="0" attackSpeed="0" modelID_A="0" modelID_H="8323196" unk1="0" unk2="0" spellId1="0" spellId2="14" spellId3="0" spellId4="0" spellId5="0" spellId6="0" spellId7="0" spellId8="93" />
	<SpellShapeshiftFormEntry ID="13" buttonPosition="0" flags1="0" creatureType="93" unk1="0" attackSpeed="0" modelID_A="0" modelID_H="4128894" unk1="0" unk2="1" spellId1="0" spellId2="15" spellId3="0" spellId4="0" spellId5="0" spellId6="0" spellId7="0" spellId8="109" />
	<SpellShapeshiftFormEntry ID="14" buttonPosition="0" Name="Creature - Bear" flags1="0" creatureType="109" unk1="0" attackSpeed="0" modelID_A="0" modelID_H="4128894" unk1="0" unk2="1" spellId1="0" spellId2="16" spellId3="0" spellId4="0" spellId5="0" spellId6="0" spellId7="0" spellId8="124" />
	<SpellShapeshiftFormEntry ID="15" buttonPosition="0" Name="Creature - Cat" flags1="0" creatureType="124" unk1="0" attackSpeed="0" modelID_A="0" modelID_H="4128894" unk1="64" unk2="1" spellId1="0" spellId2="17" spellId3="1" spellId4="0" spellId5="0" spellId6="0" spellId7="0" spellId8="137" />
	<SpellShapeshiftFormEntry ID="16" buttonPosition="0" Name="幽魂之狼" flags1="0" creatureType="137" unk1="0" attackSpeed="0" modelID_A="0" modelID_H="8323198" unk1="7" unk2="4294967295" spellId1="0" spellId2="18" spellId3="2" spellId4="0" spellId5="0" spellId6="0" spellId7="0" spellId8="150" />
	<SpellShapeshiftFormEntry ID="17" buttonPosition="1" Name="战斗姿态" flags1="0" creatureType="150" unk1="0" attackSpeed="0" modelID_A="0" modelID_H="8323198" unk1="7" unk2="0" spellId1="0" spellId2="19" spellId3="3" spellId4="0" spellId5="0" spellId6="0" spellId7="0" spellId8="163" />
	<SpellShapeshiftFormEntry ID="18" buttonPosition="2" Name="防御姿态" flags1="0" creatureType="163" unk1="0" attackSpeed="0" modelID_A="0" modelID_H="8323198" unk1="7" unk2="0" spellId1="0" spellId2="20" spellId3="0" spellId4="0" spellId5="0" spellId6="0" spellId7="0" spellId8="0" />
	<SpellShapeshiftFormEntry ID="19" buttonPosition="3" Name="狂暴姿态" flags1="0" creatureType="0" unk1="0" attackSpeed="0" modelID_A="0" modelID_H="8323196" unk1="0" unk2="0" spellId1="0" spellId2="21" spellId3="0" spellId4="0" spellId5="0" spellId6="0" spellId7="0" spellId8="0" />
	<SpellShapeshiftFormEntry ID="20" buttonPosition="0" flags1="0" creatureType="0" unk1="0" attackSpeed="0" modelID_A="0" modelID_H="8323196" unk1="0" unk2="0" spellId1="0" spellId2="22" spellId3="0" spellId4="0" spellId5="0" spellId6="0" spellId7="0" spellId8="0" />
	<SpellShapeshiftFormEntry ID="21" buttonPosition="0" flags1="0" creatureType="0" unk1="0" attackSpeed="0" modelID_A="0" modelID_H="8323196" unk1="0" unk2="0" spellId1="0" spellId2="23" spellId3="0" spellId4="0" spellId5="0" spellId6="0" spellId7="0" spellId8="0" />
	<SpellShapeshiftFormEntry ID="22" buttonPosition="0" flags1="0" creatureType="0" unk1="0" attackSpeed="0" modelID_A="0" modelID_H="8323196" unk1="0" unk2="0" spellId1="0" spellId2="24" spellId3="0" spellId4="0" spellId5="0" spellId6="0" spellId7="0" spellId8="0" />
	<SpellShapeshiftFormEntry ID="23" buttonPosition="0" flags1="0" creatureType="0" unk1="0" attackSpeed="0" modelID_A="0" modelID_H="8323196" unk1="0" unk2="0" spellId1="0" spellId2="25" spellId3="0" spellId4="0" spellId5="0" spellId6="0" spellId7="0" spellId8="0" />
	<SpellShapeshiftFormEntry ID="24" buttonPosition="0" flags1="0" creatureType="0" unk1="0" attackSpeed="0" modelID_A="0" modelID_H="8323196" unk1="0" unk2="0" spellId1="0" spellId2="26" spellId3="0" spellId4="0" spellId5="0" spellId6="0" spellId7="0" spellId8="0" />
	<SpellShapeshiftFormEntry ID="25" buttonPosition="0" flags1="0" creatureType="0" unk1="0" attackSpeed="0" modelID_A="0" modelID_H="8323196" unk1="0" unk2="0" spellId1="0" spellId2="27" spellId3="0" spellId4="0" spellId5="0" spellId6="0" spellId7="0" spellId8="0" />
	<SpellShapeshiftFormEntry ID="26" buttonPosition="0" flags1="0" creatureType="0" unk1="0" attackSpeed="0" modelID_A="0" modelID_H="8323196" unk1="0" unk2="0" spellId1="0" spellId2="28" spellId3="0" spellId4="0" spellId5="0" spellId6="0" spellId7="0" spellId8="176" />
	<SpellShapeshiftFormEntry ID="27" buttonPosition="0" flags1="0" creatureType="176" unk1="0" attackSpeed="0" modelID_A="0" modelID_H="4128894" unk1="9" unk2="4294967295" spellId1="0" spellId2="29" spellId3="0" spellId4="0" spellId5="0" spellId6="0" spellId7="0" spellId8="0" />
	<SpellShapeshiftFormEntry ID="28" buttonPosition="0" Name="暗影形态" flags1="0" creatureType="0" unk1="0" attackSpeed="0" modelID_A="0" modelID_H="8323196" unk1="0" unk2="0" spellId1="0" spellId2="30" spellId3="1" spellId4="0" spellId5="0" spellId6="0" spellId7="0" spellId8="189" />
	<SpellShapeshiftFormEntry ID="29" buttonPosition="0" flags1="0" creatureType="189" unk1="0" attackSpeed="0" modelID_A="0" modelID_H="4128894" unk1="1" unk2="0" spellId1="0" spellId2="31" spellId3="0" spellId4="0" spellId5="0" spellId6="0" spellId7="0" spellId8="196" />
	<SpellShapeshiftFormEntry ID="30" buttonPosition="1" Name="潜行" flags1="0" creatureType="196" unk1="0" attackSpeed="0" modelID_A="0" modelID_H="4128894" unk1="65" unk2="4294967295" spellId1="0" spellId2="32" spellId3="0" spellId4="0" spellId5="0" spellId6="0" spellId7="0" spellId8="209" />
	<SpellShapeshiftFormEntry ID="31" buttonPosition="0" Name="枭兽形态" flags1="0" creatureType="209" unk1="0" attackSpeed="0" modelID_A="0" modelID_H="4128894" unk1="0" unk2="4294967295" spellId1="0" spellId2="3115444224" spellId3="3869425125" spellId4="3858792832" spellId5="3135541664" spellId6="2730354106" spellId7="8487142" spellId8="3901069286" />
	<SpellShapeshiftFormEntry ID="32" buttonPosition="0" Name="救赎之魂" flags1="8487142" creatureType="-393898010" unk1="3185937569" attackSpeed="2172708514" modelID_A="3031492096" modelID_H="3852440807" unk1="2162598589" unk2="2263285889" spellId1="2730354058" spellId2="8487142" spellId3="3851399397" spellId4="2313660554" spellId5="2749956265" spellId6="3098600863" spellId7="12365033" spellId8="3886594021" />
</SpellShapeshiftFormEntryList>