<?xml version="1.0" encoding="UTF-8" standalone="yes"?>
<TalentTabEntryList>
	<TalentTabEntry TalentTabID="261" name="元素" spellicon="0" unk="0" ClassMask="30" petTalentMask="0" tabpage="0" />
	<TalentTabEntry TalentTabID="283" name="平衡" spellicon="0" unk="0" ClassMask="50" petTalentMask="0" tabpage="0" />
	<TalentTabEntry TalentTabID="382" name="神圣" spellicon="0" unk="0" ClassMask="69" petTalentMask="0" tabpage="0" />
	<TalentTabEntry TalentTabID="81" name="奥术" spellicon="0" unk="0" ClassMask="87" petTalentMask="0" tabpage="0" />
	<TalentTabEntry TalentTabID="182" name="刺杀" spellicon="0" unk="0" ClassMask="113" petTalentMask="0" tabpage="0" />
	<TalentTabEntry TalentTabID="41" name="火焰" spellicon="0" unk="0" ClassMask="129" petTalentMask="0" tabpage="0" />
	<TalentTabEntry TalentTabID="201" name="戒律" spellicon="0" unk="0" ClassMask="153" petTalentMask="0" tabpage="0" />
	<TalentTabEntry TalentTabID="161" name="武器" spellicon="0" unk="0" ClassMask="172" petTalentMask="0" tabpage="0" />
	<TalentTabEntry TalentTabID="302" name="痛苦" spellicon="0" unk="0" ClassMask="193" petTalentMask="0" tabpage="0" />
	<TalentTabEntry TalentTabID="361" name="野兽控制" spellicon="0" unk="0" ClassMask="225" petTalentMask="0" tabpage="0" />
	<TalentTabEntry TalentTabID="164" name="狂怒" spellicon="0" unk="0" ClassMask="244" petTalentMask="0" tabpage="0" />
	<TalentTabEntry TalentTabID="263" name="增强" spellicon="0" unk="0" ClassMask="269" petTalentMask="0" tabpage="0" />
	<TalentTabEntry TalentTabID="181" name="战斗" spellicon="0" unk="0" ClassMask="288" petTalentMask="0" tabpage="0" />
	<TalentTabEntry TalentTabID="383" name="防护" spellicon="0" unk="0" ClassMask="313" petTalentMask="0" tabpage="0" />
	<TalentTabEntry TalentTabID="363" name="射击" spellicon="0" unk="0" ClassMask="50" petTalentMask="0" tabpage="0" />
	<TalentTabEntry TalentTabID="202" name="神圣" spellicon="0" unk="0" ClassMask="350" petTalentMask="0" tabpage="0" />
	<TalentTabEntry TalentTabID="303" name="恶魔学识" spellicon="0" unk="0" ClassMask="380" petTalentMask="0" tabpage="0" />
	<TalentTabEntry TalentTabID="281" name="野性战斗" spellicon="0" unk="0" ClassMask="288" petTalentMask="0" tabpage="0" />
	<TalentTabEntry TalentTabID="163" name="防护" spellicon="0" unk="0" ClassMask="428" petTalentMask="0" tabpage="0" />
	<TalentTabEntry TalentTabID="262" name="恢复" spellicon="0" unk="0" ClassMask="453" petTalentMask="0" tabpage="0" />
	<TalentTabEntry TalentTabID="381" name="惩戒" spellicon="0" unk="0" ClassMask="474" petTalentMask="0" tabpage="0" />
	<TalentTabEntry TalentTabID="203" name="暗影" spellicon="0" unk="0" ClassMask="494" petTalentMask="0" tabpage="0" />
	<TalentTabEntry TalentTabID="362" name="生存" spellicon="0" unk="0" ClassMask="516" petTalentMask="0" tabpage="0" />
	<TalentTabEntry TalentTabID="61" name="冰霜" spellicon="0" unk="0" ClassMask="533" petTalentMask="0" tabpage="0" />
	<TalentTabEntry TalentTabID="183" name="敏锐" spellicon="0" unk="0" ClassMask="554" petTalentMask="0" tabpage="0" />
	<TalentTabEntry TalentTabID="301" name="毁灭" spellicon="0" unk="0" ClassMask="428" petTalentMask="0" tabpage="0" />
	<TalentTabEntry TalentTabID="282" name="恢复" spellicon="1816489569" unk="1852140901" ClassMask="1131176308" petTalentMask="1633840495" tabpage="3118792820" />
</TalentTabEntryList>