<?xml version="1.0" encoding="UTF-8" standalone="yes"?>
<TaxiNodesEntryList>
	<TaxiNodesEntry id="1" mapId="0" coord1="-8888.98" coord2="-0.54" coord3="94.39" name="北郡修道院" MountCreatureID1="0" MountCreatureID2="0" />
	<TaxiNodesEntry id="2" mapId="0" coord1="-8840.56" coord2="489.7" coord3="109.61" name="暴风城，艾尔文森林" MountCreatureID1="0" MountCreatureID2="0" />
	<TaxiNodesEntry id="3" mapId="0" coord1="16391.81" coord2="16341.21" coord3="69.44" name="Programmer Isle" MountCreatureID1="0" MountCreatureID2="0" />
	<TaxiNodesEntry id="4" mapId="0" coord1="-10628.89" coord2="1036.68" coord3="34.06" name="哨兵岭，西部荒野" MountCreatureID1="0" MountCreatureID2="0" />
	<TaxiNodesEntry id="5" mapId="0" coord1="-9429.1" coord2="-2231.4" coord3="68.65" name="湖畔镇，赤脊山" MountCreatureID1="0" MountCreatureID2="0" />
	<TaxiNodesEntry id="6" mapId="0" coord1="-4821.78" coord2="-1155.44" coord3="502.21" name="铁炉堡，丹莫罗" MountCreatureID1="0" MountCreatureID2="0" />
	<TaxiNodesEntry id="7" mapId="0" coord1="-3792.26" coord2="-783.29" coord3="9.06" name="米奈希尔港，湿地" MountCreatureID1="0" MountCreatureID2="0" />
	<TaxiNodesEntry id="8" mapId="0" coord1="-5421.91" coord2="-2930.01" coord3="347.25" name="塞尔萨玛，洛克莫丹" MountCreatureID1="0" MountCreatureID2="0" />
	<TaxiNodesEntry id="9" mapId="0" coord1="-14271.77" coord2="299.87" coord3="31.09" name="藏宝海湾，荆棘谷" MountCreatureID1="0" MountCreatureID2="0" />
	<TaxiNodesEntry id="10" mapId="0" coord1="478.86" coord2="1536.59" coord3="131.32" name="瑟伯切尔，银松森林" MountCreatureID1="0" MountCreatureID2="0" />
	<TaxiNodesEntry id="11" mapId="0" coord1="1568.62" coord2="267.97" coord3="-43.1" name="幽暗城，提瑞斯法林地" MountCreatureID1="0" MountCreatureID2="0" />
	<TaxiNodesEntry id="12" mapId="0" coord1="-10515.46" coord2="-1261.65" coord3="41.34" name="夜色镇，暮色森林" MountCreatureID1="0" MountCreatureID2="0" />
	<TaxiNodesEntry id="13" mapId="0" coord1="-0.06" coord2="-859.91" coord3="58.83" name="塔伦米尔，希尔斯布莱德" MountCreatureID1="0" MountCreatureID2="0" />
	<TaxiNodesEntry id="14" mapId="0" coord1="-711.48" coord2="-515.48" coord3="26.11" name="南海镇，希尔斯布莱德" MountCreatureID1="0" MountCreatureID2="0" />
	<TaxiNodesEntry id="15" mapId="0" coord1="2253.4" coord2="-5344.9" coord3="83.38" name="东瘟疫之地" MountCreatureID1="0" MountCreatureID2="0" />
	<TaxiNodesEntry id="16" mapId="0" coord1="-1240.53" coord2="-2515.11" coord3="22.16" name="避难谷地，阿拉希高地" MountCreatureID1="0" MountCreatureID2="0" />
	<TaxiNodesEntry id="17" mapId="0" coord1="-916.29" coord2="-3496.89" coord3="70.45" name="落锤镇，阿拉希高地" MountCreatureID1="0" MountCreatureID2="0" />
	<TaxiNodesEntry id="18" mapId="0" coord1="-14444.29" coord2="509.62" coord3="26.2" name="藏宝海湾，荆棘谷" MountCreatureID1="0" MountCreatureID2="0" />
	<TaxiNodesEntry id="19" mapId="0" coord1="-14473.05" coord2="464.15" coord3="36.43" name="藏宝海湾，荆棘谷" MountCreatureID1="0" MountCreatureID2="0" />
	<TaxiNodesEntry id="20" mapId="0" coord1="-12414.18" coord2="146.29" coord3="3.28" name="格罗姆高，荆棘谷" MountCreatureID1="0" MountCreatureID2="0" />
	<TaxiNodesEntry id="21" mapId="0" coord1="-6633.99" coord2="-2180.05" coord3="244.14" name="卡加斯，荒芜之地" MountCreatureID1="0" MountCreatureID2="0" />
	<TaxiNodesEntry id="22" mapId="1" coord1="-1197.21" coord2="29.71" coord3="176.95" name="雷霆崖，莫高雷" MountCreatureID1="0" MountCreatureID2="0" />
	<TaxiNodesEntry id="23" mapId="1" coord1="1677.59" coord2="-4315.71" coord3="61.17" name="奥格瑞玛，杜隆塔尔" MountCreatureID1="0" MountCreatureID2="0" />
	<TaxiNodesEntry id="24" mapId="0" coord1="-6666.0" coord2="-2222.3" coord3="278.6" name="Generic, World target for Zeppelin Paths" MountCreatureID1="0" MountCreatureID2="0" />
	<TaxiNodesEntry id="25" mapId="1" coord1="-441.8" coord2="-2596.08" coord3="96.06" name="十字路口，贫瘠之地" MountCreatureID1="0" MountCreatureID2="0" />
	<TaxiNodesEntry id="26" mapId="1" coord1="6341.38" coord2="557.68" coord3="16.29" name="奥伯丁，黑海岸" MountCreatureID1="0" MountCreatureID2="0" />
	<TaxiNodesEntry id="27" mapId="1" coord1="8643.59" coord2="841.05" coord3="23.3" name="鲁瑟兰村，泰达希尔" MountCreatureID1="0" MountCreatureID2="0" />
	<TaxiNodesEntry id="28" mapId="1" coord1="2827.34" coord2="-289.24" coord3="107.16" name="阿斯特兰纳，灰谷" MountCreatureID1="0" MountCreatureID2="0" />
	<TaxiNodesEntry id="29" mapId="1" coord1="966.57" coord2="1040.32" coord3="104.27" name="烈日石居，石爪山" MountCreatureID1="0" MountCreatureID2="0" />
	<TaxiNodesEntry id="30" mapId="1" coord1="-5407.71" coord2="-2414.3" coord3="90.32" name="乱风岗 ，千针石林" MountCreatureID1="0" MountCreatureID2="0" />
	<TaxiNodesEntry id="31" mapId="1" coord1="-4491.88" coord2="-775.89" coord3="-39.52" name="萨兰纳尔，千针石林" MountCreatureID1="0" MountCreatureID2="0" />
	<TaxiNodesEntry id="32" mapId="1" coord1="-3825.37" coord2="-4516.58" coord3="10.44" name="塞拉摩，尘泥沼泽" MountCreatureID1="0" MountCreatureID2="0" />
	<TaxiNodesEntry id="33" mapId="1" coord1="2681.13" coord2="1461.68" coord3="232.88" name="石爪峰，石爪山" MountCreatureID1="0" MountCreatureID2="0" />
	<TaxiNodesEntry id="34" mapId="1" coord1="-1965.17" coord2="-5824.29" coord3="-1.06" name="棘齿城到藏宝海湾的船只" MountCreatureID1="0" MountCreatureID2="0" />
	<TaxiNodesEntry id="35" mapId="1" coord1="1320.07" coord2="-4649.2" coord3="21.57" name="奥格瑞玛的飞艇" MountCreatureID1="0" MountCreatureID2="0" />
	<TaxiNodesEntry id="36" mapId="0" coord1="-8644.62" coord2="433.28" coord3="59.46" name="Generic, World target" MountCreatureID1="0" MountCreatureID2="0" />
	<TaxiNodesEntry id="37" mapId="1" coord1="139.24" coord2="1325.82" coord3="193.5" name="尼耶尔前哨站，凄凉之地" MountCreatureID1="0" MountCreatureID2="0" />
	<TaxiNodesEntry id="38" mapId="1" coord1="-1767.64" coord2="3263.89" coord3="4.94" name="葬影村，凄凉之地" MountCreatureID1="0" MountCreatureID2="0" />
	<TaxiNodesEntry id="39" mapId="1" coord1="-7223.97" coord2="-3734.59" coord3="8.39" name="加基森，塔纳利斯" MountCreatureID1="0" MountCreatureID2="0" />
	<TaxiNodesEntry id="40" mapId="1" coord1="-7048.89" coord2="-3780.36" coord3="10.19" name="加基森，塔纳利斯" MountCreatureID1="0" MountCreatureID2="0" />
	<TaxiNodesEntry id="41" mapId="1" coord1="-4373.8" coord2="3338.65" coord3="12.27" name="羽月要塞，菲拉斯" MountCreatureID1="0" MountCreatureID2="0" />
	<TaxiNodesEntry id="42" mapId="1" coord1="-4419.86" coord2="199.31" coord3="25.06" name="莫沙彻营地，菲拉斯" MountCreatureID1="0" MountCreatureID2="0" />
	<TaxiNodesEntry id="43" mapId="0" coord1="283.74" coord2="-2002.76" coord3="194.74" name="鹰巢山，辛特兰" MountCreatureID1="0" MountCreatureID2="0" />
	<TaxiNodesEntry id="44" mapId="1" coord1="3661.52" coord2="-4390.38" coord3="113.05" name="瓦罗莫克，艾萨拉" MountCreatureID1="0" MountCreatureID2="0" />
	<TaxiNodesEntry id="45" mapId="0" coord1="-11112.25" coord2="-3435.74" coord3="79.09" name="守望堡，诅咒之地" MountCreatureID1="0" MountCreatureID2="0" />
	<TaxiNodesEntry id="46" mapId="0" coord1="-986.43" coord2="-547.86" coord3="-3.86" name="南海镇渡口，希尔斯布莱德" MountCreatureID1="0" MountCreatureID2="0" />
	<TaxiNodesEntry id="47" mapId="0" coord1="-12418.77" coord2="235.43" coord3="1.12" name="格罗姆高到奥格瑞玛的飞艇" MountCreatureID1="0" MountCreatureID2="0" />
	<TaxiNodesEntry id="48" mapId="1" coord1="5068.4" coord2="-337.22" coord3="367.41" name="血毒河，费伍德森林" MountCreatureID1="0" MountCreatureID2="0" />
	<TaxiNodesEntry id="49" mapId="1" coord1="7458.45" coord2="-2487.21" coord3="462.33" name="月光林地" MountCreatureID1="0" MountCreatureID2="0" />
	<TaxiNodesEntry id="50" mapId="0" coord1="0.0" coord2="0.0" coord3="0.0" name="米奈希尔的船只" MountCreatureID1="0" MountCreatureID2="0" />
	<TaxiNodesEntry id="51" mapId="0" coord1="0.0" coord2="0.0" coord3="0.0" name="鲁瑟兰到奥伯丁的船只" MountCreatureID1="0" MountCreatureID2="0" />
	<TaxiNodesEntry id="52" mapId="1" coord1="6799.24" coord2="-4742.44" coord3="701.5" name="永望镇，冬泉谷" MountCreatureID1="0" MountCreatureID2="0" />
	<TaxiNodesEntry id="53" mapId="1" coord1="6813.06" coord2="-4611.12" coord3="710.67" name="永望镇，冬泉谷" MountCreatureID1="0" MountCreatureID2="0" />
	<TaxiNodesEntry id="54" mapId="1" coord1="-4203.87" coord2="3284.0" coord3="-12.86" name="羽月要塞 - 菲拉斯" MountCreatureID1="0" MountCreatureID2="0" />
	<TaxiNodesEntry id="55" mapId="1" coord1="-3147.39" coord2="-2842.18" coord3="34.61" name="蕨墙村，尘泥沼泽" MountCreatureID1="0" MountCreatureID2="0" />
	<TaxiNodesEntry id="56" mapId="0" coord1="-10456.97" coord2="-3279.25" coord3="21.35" name="斯通纳德，悲伤沼泽" MountCreatureID1="0" MountCreatureID2="0" />
	<TaxiNodesEntry id="57" mapId="1" coord1="8701.51" coord2="991.37" coord3="14.21" name="钓鱼村，泰达希尔" MountCreatureID1="0" MountCreatureID2="0" />
	<TaxiNodesEntry id="58" mapId="1" coord1="3374.71" coord2="996.97" coord3="5.19" name="佐拉姆加前哨站，灰谷" MountCreatureID1="0" MountCreatureID2="0" />
	<TaxiNodesEntry id="59" mapId="30" coord1="574.21" coord2="-46.65" coord3="37.61" name="丹巴达尔，奥特兰克山谷" MountCreatureID1="0" MountCreatureID2="0" />
	<TaxiNodesEntry id="60" mapId="30" coord1="-1335.44" coord2="-319.69" coord3="90.66" name="部落要塞，奥特兰克山谷" MountCreatureID1="0" MountCreatureID2="0" />
	<TaxiNodesEntry id="61" mapId="1" coord1="2302.39" coord2="-2524.55" coord3="104.4" name="碎木岗哨，灰谷" MountCreatureID1="0" MountCreatureID2="0" />
	<TaxiNodesEntry id="62" mapId="1" coord1="7793.61" coord2="-2403.47" coord3="489.32" name="永夜港，月光林地" MountCreatureID1="0" MountCreatureID2="0" />
	<TaxiNodesEntry id="63" mapId="1" coord1="7787.72" coord2="-2404.1" coord3="489.56" name="永夜港，月光林地" MountCreatureID1="0" MountCreatureID2="0" />
	<TaxiNodesEntry id="64" mapId="1" coord1="2721.99" coord2="-3880.64" coord3="100.87" name="塔伦迪斯营地，艾萨拉" MountCreatureID1="0" MountCreatureID2="0" />
	<TaxiNodesEntry id="65" mapId="1" coord1="6205.88" coord2="-1949.63" coord3="571.29" name="刺枝林地，费伍德森林" MountCreatureID1="0" MountCreatureID2="0" />
	<TaxiNodesEntry id="66" mapId="0" coord1="931.32" coord2="-1430.11" coord3="64.67" name="冰风岗，西瘟疫之地" MountCreatureID1="0" MountCreatureID2="0" />
	<TaxiNodesEntry id="67" mapId="0" coord1="2271.09" coord2="-5340.8" coord3="87.11" name="圣光之愿礼拜堂，东瘟疫之地" MountCreatureID1="0" MountCreatureID2="0" />
	<TaxiNodesEntry id="68" mapId="0" coord1="2327.41" coord2="-5286.89" coord3="81.78" name="圣光之愿礼拜堂，东瘟疫之地" MountCreatureID1="0" MountCreatureID2="0" />
	<TaxiNodesEntry id="69" mapId="1" coord1="7470.39" coord2="-2123.38" coord3="492.34" name="月光林地" MountCreatureID1="0" MountCreatureID2="0" />
	<TaxiNodesEntry id="70" mapId="0" coord1="-7504.03" coord2="-2187.54" coord3="165.53" name="烈焰峰，燃烧平原" MountCreatureID1="0" MountCreatureID2="0" />
	<TaxiNodesEntry id="71" mapId="0" coord1="-8364.61" coord2="-2738.35" coord3="185.46" name="摩根的岗哨，燃烧平原" MountCreatureID1="0" MountCreatureID2="0" />
	<TaxiNodesEntry id="72" mapId="1" coord1="-6811.39" coord2="836.74" coord3="49.81" name="塞纳里奥要塞，希利苏斯" MountCreatureID1="0" MountCreatureID2="0" />
	<TaxiNodesEntry id="73" mapId="1" coord1="-6761.83" coord2="772.03" coord3="88.91" name="塞纳里奥要塞，希利苏斯" MountCreatureID1="0" MountCreatureID2="0" />
	<TaxiNodesEntry id="74" mapId="0" coord1="-6552.59" coord2="-1168.27" coord3="309.31" name="瑟银哨塔，灼热峡谷" MountCreatureID1="0" MountCreatureID2="0" />
	<TaxiNodesEntry id="75" mapId="0" coord1="-6554.93" coord2="-1100.05" coord3="309.57" name="瑟银哨塔，灼热峡谷" MountCreatureID1="0" MountCreatureID2="0" />
	<TaxiNodesEntry id="76" mapId="0" coord1="-635.26" coord2="-4720.5" coord3="5.38" name="恶齿村，辛特兰" MountCreatureID1="0" MountCreatureID2="0" />
	<TaxiNodesEntry id="77" mapId="1" coord1="-2380.67" coord2="-1882.67" coord3="95.85" name="陶拉祖营地，贫瘠之地" MountCreatureID1="0" MountCreatureID2="0" />
	<TaxiNodesEntry id="78" mapId="0" coord1="3133.31" coord2="-3399.93" coord3="139.53" name="纳克萨玛斯" MountCreatureID1="0" MountCreatureID2="0" />
	<TaxiNodesEntry id="79" mapId="1" coord1="-6113.82" coord2="-1142.7" coord3="-187.63" name="马绍尔营地，安戈洛环形山" MountCreatureID1="0" MountCreatureID2="0" />
	<TaxiNodesEntry id="80" mapId="1" coord1="-894.59" coord2="-3773.01" coord3="11.48" name="棘齿城，贫瘠之地" MountCreatureID1="0" MountCreatureID2="0" />
	<TaxiNodesEntry id="81" mapId="131074" coord1="0.0" coord2="0.0" coord3="0.0" name="拍摄" MountCreatureID1="0" MountCreatureID2="0" />
	<TaxiNodesEntry id="84" mapId="0" coord1="2998.71" coord2="-3050.1" coord3="117.19" name="病木林哨塔，东瘟疫之地" MountCreatureID1="0" MountCreatureID2="0" />
	<TaxiNodesEntry id="85" mapId="0" coord1="3109.31" coord2="-4285.13" coord3="109.45" name="北地哨塔，东瘟疫之地" MountCreatureID1="0" MountCreatureID2="0" />
	<TaxiNodesEntry id="86" mapId="0" coord1="2499.23" coord2="-4742.85" coord3="93.5" name="东墙哨塔，东瘟疫之地" MountCreatureID1="0" MountCreatureID2="0" />
	<TaxiNodesEntry id="87" mapId="0" coord1="1857.56" coord2="-3658.47" coord3="143.73" name="皇冠哨塔，东瘟疫之地" MountCreatureID1="3169816223" MountCreatureID2="3196709004" />
</TaxiNodesEntryList>