<?xml version="1.0" encoding="UTF-8" standalone="yes"?>
<TaxiPathEntryList>
	<TaxiPathEntry id="6" from="2" to="4" price="110" />
	<TaxiPathEntry id="7" from="4" to="2" price="110" />
	<TaxiPathEntry id="8" from="5" to="2" price="210" />
	<TaxiPathEntry id="9" from="2" to="5" price="210" />
	<TaxiPathEntry id="12" from="6" to="2" price="50" />
	<TaxiPathEntry id="13" from="2" to="6" price="50" />
	<TaxiPathEntry id="15" from="8" to="6" price="110" />
	<TaxiPathEntry id="16" from="6" to="8" price="110" />
	<TaxiPathEntry id="17" from="7" to="6" price="330" />
	<TaxiPathEntry id="18" from="6" to="7" price="330" />
	<TaxiPathEntry id="20" from="11" to="10" price="110" />
	<TaxiPathEntry id="21" from="10" to="11" price="110" />
	<TaxiPathEntry id="22" from="12" to="2" price="330" />
	<TaxiPathEntry id="23" from="2" to="12" price="330" />
	<TaxiPathEntry id="24" from="13" to="11" price="330" />
	<TaxiPathEntry id="25" from="11" to="13" price="330" />
	<TaxiPathEntry id="26" from="14" to="6" price="330" />
	<TaxiPathEntry id="27" from="6" to="14" price="330" />
	<TaxiPathEntry id="30" from="16" to="6" price="530" />
	<TaxiPathEntry id="31" from="6" to="16" price="530" />
	<TaxiPathEntry id="32" from="17" to="11" price="530" />
	<TaxiPathEntry id="33" from="11" to="17" price="530" />
	<TaxiPathEntry id="34" from="20" to="18" price="630" />
	<TaxiPathEntry id="35" from="18" to="20" price="630" />
	<TaxiPathEntry id="36" from="18" to="21" price="630" />
	<TaxiPathEntry id="37" from="21" to="18" price="630" />
	<TaxiPathEntry id="38" from="21" to="11" price="630" />
	<TaxiPathEntry id="39" from="11" to="21" price="630" />
	<TaxiPathEntry id="40" from="2" to="19" price="630" />
	<TaxiPathEntry id="41" from="19" to="2" price="630" />
	<TaxiPathEntry id="42" from="23" to="22" price="50" />
	<TaxiPathEntry id="44" from="25" to="22" price="110" />
	<TaxiPathEntry id="45" from="25" to="23" price="110" />
	<TaxiPathEntry id="46" from="22" to="25" price="110" />
	<TaxiPathEntry id="47" from="23" to="25" price="110" />
	<TaxiPathEntry id="50" from="28" to="26" price="330" />
	<TaxiPathEntry id="51" from="26" to="28" price="330" />
	<TaxiPathEntry id="52" from="29" to="22" price="210" />
	<TaxiPathEntry id="53" from="22" to="29" price="210" />
	<TaxiPathEntry id="54" from="30" to="22" price="430" />
	<TaxiPathEntry id="55" from="22" to="30" price="430" />
	<TaxiPathEntry id="56" from="32" to="31" price="430" />
	<TaxiPathEntry id="57" from="31" to="32" price="730" />
	<TaxiPathEntry id="58" from="33" to="26" price="330" />
	<TaxiPathEntry id="59" from="26" to="33" price="330" />
	<TaxiPathEntry id="82" from="18" to="56" price="630" />
	<TaxiPathEntry id="101" from="26" to="27" price="0" />
	<TaxiPathEntry id="102" from="27" to="26" price="0" />
	<TaxiPathEntry id="121" from="56" to="18" price="630" />
	<TaxiPathEntry id="141" from="37" to="32" price="530" />
	<TaxiPathEntry id="161" from="38" to="22" price="530" />
	<TaxiPathEntry id="162" from="22" to="38" price="530" />
	<TaxiPathEntry id="163" from="32" to="37" price="530" />
	<TaxiPathEntry id="181" from="26" to="32" price="630" />
	<TaxiPathEntry id="182" from="32" to="26" price="630" />
	<TaxiPathEntry id="201" from="39" to="32" price="630" />
	<TaxiPathEntry id="222" from="32" to="39" price="730" />
	<TaxiPathEntry id="223" from="40" to="23" price="730" />
	<TaxiPathEntry id="224" from="23" to="40" price="730" />
	<TaxiPathEntry id="225" from="41" to="26" price="730" />
	<TaxiPathEntry id="226" from="26" to="41" price="730" />
	<TaxiPathEntry id="227" from="42" to="22" price="730" />
	<TaxiPathEntry id="228" from="22" to="42" price="730" />
	<TaxiPathEntry id="229" from="43" to="14" price="330" />
	<TaxiPathEntry id="230" from="14" to="43" price="730" />
	<TaxiPathEntry id="241" from="34" to="35" price="0" />
	<TaxiPathEntry id="242" from="44" to="23" price="830" />
	<TaxiPathEntry id="243" from="23" to="44" price="830" />
	<TaxiPathEntry id="244" from="45" to="2" price="830" />
	<TaxiPathEntry id="245" from="2" to="45" price="830" />
	<TaxiPathEntry id="249" from="4" to="5" price="210" />
	<TaxiPathEntry id="250" from="4" to="12" price="330" />
	<TaxiPathEntry id="252" from="12" to="4" price="110" />
	<TaxiPathEntry id="253" from="46" to="7" price="0" />
	<TaxiPathEntry id="254" from="5" to="4" price="110" />
	<TaxiPathEntry id="255" from="4" to="19" price="630" />
	<TaxiPathEntry id="256" from="19" to="4" price="530" />
	<TaxiPathEntry id="257" from="5" to="12" price="330" />
	<TaxiPathEntry id="258" from="12" to="5" price="210" />
	<TaxiPathEntry id="259" from="12" to="19" price="630" />
	<TaxiPathEntry id="260" from="19" to="12" price="330" />
	<TaxiPathEntry id="261" from="12" to="45" price="830" />
	<TaxiPathEntry id="262" from="45" to="12" price="330" />
	<TaxiPathEntry id="263" from="6" to="43" price="730" />
	<TaxiPathEntry id="264" from="43" to="6" price="730" />
	<TaxiPathEntry id="265" from="8" to="7" price="330" />
	<TaxiPathEntry id="266" from="7" to="8" price="110" />
	<TaxiPathEntry id="267" from="8" to="16" price="530" />
	<TaxiPathEntry id="268" from="16" to="8" price="110" />
	<TaxiPathEntry id="269" from="7" to="16" price="530" />
	<TaxiPathEntry id="270" from="16" to="7" price="330" />
	<TaxiPathEntry id="271" from="7" to="14" price="330" />
	<TaxiPathEntry id="272" from="14" to="7" price="330" />
	<TaxiPathEntry id="273" from="16" to="14" price="330" />
	<TaxiPathEntry id="274" from="14" to="16" price="530" />
	<TaxiPathEntry id="275" from="16" to="43" price="730" />
	<TaxiPathEntry id="276" from="43" to="16" price="530" />
	<TaxiPathEntry id="279" from="25" to="29" price="210" />
	<TaxiPathEntry id="280" from="29" to="25" price="210" />
	<TaxiPathEntry id="281" from="25" to="30" price="430" />
	<TaxiPathEntry id="282" from="30" to="25" price="430" />
	<TaxiPathEntry id="283" from="25" to="44" price="830" />
	<TaxiPathEntry id="284" from="44" to="25" price="830" />
	<TaxiPathEntry id="285" from="47" to="35" price="0" />
	<TaxiPathEntry id="286" from="48" to="25" price="930" />
	<TaxiPathEntry id="287" from="25" to="48" price="930" />
	<TaxiPathEntry id="289" from="26" to="49" price="830" />
	<TaxiPathEntry id="290" from="22" to="44" price="830" />
	<TaxiPathEntry id="291" from="44" to="22" price="830" />
	<TaxiPathEntry id="292" from="50" to="36" price="0" />
	<TaxiPathEntry id="293" from="51" to="50" price="0" />
	<TaxiPathEntry id="295" from="50" to="51" price="0" />
	<TaxiPathEntry id="298" from="52" to="49" price="830" />
	<TaxiPathEntry id="301" from="35" to="20" price="0" />
	<TaxiPathEntry id="302" from="35" to="24" price="0" />
	<TaxiPathEntry id="303" from="54" to="24" price="0" />
	<TaxiPathEntry id="304" from="55" to="25" price="630" />
	<TaxiPathEntry id="305" from="58" to="25" price="110" />
	<TaxiPathEntry id="306" from="53" to="48" price="930" />
	<TaxiPathEntry id="307" from="48" to="53" price="1020" />
	<TaxiPathEntry id="308" from="30" to="40" price="730" />
	<TaxiPathEntry id="309" from="22" to="40" price="730" />
	<TaxiPathEntry id="310" from="40" to="30" price="430" />
	<TaxiPathEntry id="311" from="40" to="22" price="730" />
	<TaxiPathEntry id="312" from="59" to="6" price="0" />
	<TaxiPathEntry id="313" from="60" to="11" price="0" />
	<TaxiPathEntry id="314" from="6" to="59" price="1020" />
	<TaxiPathEntry id="315" from="62" to="27" price="0" />
	<TaxiPathEntry id="316" from="63" to="22" price="0" />
	<TaxiPathEntry id="317" from="21" to="56" price="710" />
	<TaxiPathEntry id="318" from="56" to="21" price="630" />
	<TaxiPathEntry id="319" from="21" to="17" price="630" />
	<TaxiPathEntry id="320" from="17" to="21" price="630" />
	<TaxiPathEntry id="321" from="17" to="13" price="330" />
	<TaxiPathEntry id="322" from="13" to="17" price="530" />
	<TaxiPathEntry id="323" from="39" to="31" price="430" />
	<TaxiPathEntry id="324" from="31" to="39" price="730" />
	<TaxiPathEntry id="325" from="31" to="41" price="630" />
	<TaxiPathEntry id="326" from="41" to="31" price="430" />
	<TaxiPathEntry id="327" from="61" to="23" price="530" />
	<TaxiPathEntry id="328" from="23" to="61" price="530" />
	<TaxiPathEntry id="329" from="64" to="26" price="730" />
	<TaxiPathEntry id="330" from="26" to="64" price="730" />
	<TaxiPathEntry id="332" from="64" to="65" price="730" />
	<TaxiPathEntry id="333" from="61" to="25" price="530" />
	<TaxiPathEntry id="334" from="25" to="61" price="530" />
	<TaxiPathEntry id="335" from="23" to="55" price="630" />
	<TaxiPathEntry id="336" from="55" to="23" price="630" />
	<TaxiPathEntry id="338" from="23" to="48" price="830" />
	<TaxiPathEntry id="339" from="52" to="65" price="730" />
	<TaxiPathEntry id="341" from="48" to="23" price="930" />
	<TaxiPathEntry id="343" from="56" to="20" price="630" />
	<TaxiPathEntry id="344" from="20" to="56" price="630" />
	<TaxiPathEntry id="345" from="22" to="55" price="630" />
	<TaxiPathEntry id="346" from="66" to="14" price="330" />
	<TaxiPathEntry id="347" from="14" to="66" price="830" />
	<TaxiPathEntry id="348" from="55" to="22" price="630" />
	<TaxiPathEntry id="349" from="43" to="67" price="1020" />
	<TaxiPathEntry id="350" from="58" to="61" price="530" />
	<TaxiPathEntry id="351" from="61" to="58" price="330" />
	<TaxiPathEntry id="352" from="67" to="43" price="730" />
	<TaxiPathEntry id="353" from="42" to="25" price="730" />
	<TaxiPathEntry id="354" from="25" to="58" price="330" />
	<TaxiPathEntry id="355" from="25" to="42" price="730" />
	<TaxiPathEntry id="356" from="38" to="29" price="210" />
	<TaxiPathEntry id="357" from="11" to="68" price="1020" />
	<TaxiPathEntry id="358" from="29" to="38" price="530" />
	<TaxiPathEntry id="359" from="68" to="11" price="1020" />
	<TaxiPathEntry id="360" from="25" to="55" price="630" />
	<TaxiPathEntry id="361" from="20" to="21" price="630" />
	<TaxiPathEntry id="362" from="21" to="20" price="530" />
	<TaxiPathEntry id="363" from="53" to="69" price="830" />
	<TaxiPathEntry id="364" from="69" to="48" price="930" />
	<TaxiPathEntry id="365" from="48" to="69" price="830" />
	<TaxiPathEntry id="366" from="69" to="53" price="1020" />
	<TaxiPathEntry id="367" from="49" to="52" price="1020" />
	<TaxiPathEntry id="368" from="49" to="26" price="830" />
	<TaxiPathEntry id="369" from="65" to="26" price="730" />
	<TaxiPathEntry id="371" from="65" to="52" price="1020" />
	<TaxiPathEntry id="372" from="65" to="64" price="730" />
	<TaxiPathEntry id="373" from="37" to="41" price="730" />
	<TaxiPathEntry id="374" from="41" to="37" price="730" />
	<TaxiPathEntry id="375" from="42" to="38" price="730" />
	<TaxiPathEntry id="376" from="38" to="42" price="730" />
	<TaxiPathEntry id="377" from="70" to="21" price="830" />
	<TaxiPathEntry id="378" from="21" to="70" price="830" />
	<TaxiPathEntry id="379" from="70" to="56" price="830" />
	<TaxiPathEntry id="380" from="56" to="70" price="830" />
	<TaxiPathEntry id="381" from="71" to="45" price="830" />
	<TaxiPathEntry id="382" from="45" to="71" price="830" />
	<TaxiPathEntry id="383" from="11" to="60" price="1020" />
	<TaxiPathEntry id="384" from="37" to="26" price="530" />
	<TaxiPathEntry id="385" from="26" to="37" price="530" />
	<TaxiPathEntry id="386" from="26" to="65" price="730" />
	<TaxiPathEntry id="387" from="22" to="23" price="50" />
	<TaxiPathEntry id="388" from="40" to="55" price="630" />
	<TaxiPathEntry id="389" from="40" to="42" price="630" />
	<TaxiPathEntry id="390" from="55" to="40" price="730" />
	<TaxiPathEntry id="391" from="42" to="40" price="630" />
	<TaxiPathEntry id="392" from="40" to="25" price="730" />
	<TaxiPathEntry id="393" from="25" to="40" price="730" />
	<TaxiPathEntry id="394" from="39" to="73" price="1020" />
	<TaxiPathEntry id="395" from="40" to="72" price="1020" />
	<TaxiPathEntry id="398" from="53" to="23" price="1020" />
	<TaxiPathEntry id="399" from="23" to="53" price="1020" />
	<TaxiPathEntry id="400" from="44" to="48" price="930" />
	<TaxiPathEntry id="401" from="48" to="44" price="830" />
	<TaxiPathEntry id="402" from="74" to="6" price="830" />
	<TaxiPathEntry id="404" from="6" to="74" price="830" />
	<TaxiPathEntry id="406" from="21" to="75" price="830" />
	<TaxiPathEntry id="407" from="75" to="21" price="630" />
	<TaxiPathEntry id="408" from="70" to="75" price="830" />
	<TaxiPathEntry id="409" from="75" to="70" price="830" />
	<TaxiPathEntry id="410" from="71" to="74" price="830" />
	<TaxiPathEntry id="411" from="74" to="71" price="830" />
	<TaxiPathEntry id="412" from="76" to="13" price="330" />
	<TaxiPathEntry id="413" from="13" to="76" price="730" />
	<TaxiPathEntry id="414" from="11" to="76" price="730" />
	<TaxiPathEntry id="415" from="76" to="11" price="730" />
	<TaxiPathEntry id="416" from="77" to="25" price="110" />
	<TaxiPathEntry id="417" from="25" to="77" price="110" />
	<TaxiPathEntry id="419" from="22" to="77" price="110" />
	<TaxiPathEntry id="420" from="77" to="22" price="110" />
	<TaxiPathEntry id="421" from="77" to="30" price="430" />
	<TaxiPathEntry id="422" from="30" to="77" price="430" />
	<TaxiPathEntry id="423" from="72" to="40" price="730" />
	<TaxiPathEntry id="424" from="73" to="39" price="730" />
	<TaxiPathEntry id="425" from="71" to="2" price="830" />
	<TaxiPathEntry id="427" from="2" to="71" price="830" />
	<TaxiPathEntry id="428" from="6" to="66" price="1020" />
	<TaxiPathEntry id="429" from="66" to="6" price="1020" />
	<TaxiPathEntry id="431" from="66" to="67" price="1020" />
	<TaxiPathEntry id="432" from="67" to="66" price="1020" />
	<TaxiPathEntry id="436" from="78" to="24" price="0" />
	<TaxiPathEntry id="437" from="67" to="6" price="1020" />
	<TaxiPathEntry id="438" from="6" to="67" price="1020" />
	<TaxiPathEntry id="439" from="36" to="24" price="0" />
	<TaxiPathEntry id="440" from="10" to="13" price="330" />
	<TaxiPathEntry id="441" from="13" to="10" price="110" />
	<TaxiPathEntry id="443" from="28" to="33" price="330" />
	<TaxiPathEntry id="444" from="33" to="28" price="330" />
	<TaxiPathEntry id="445" from="32" to="64" price="730" />
	<TaxiPathEntry id="446" from="64" to="32" price="630" />
	<TaxiPathEntry id="447" from="64" to="52" price="1030" />
	<TaxiPathEntry id="448" from="52" to="64" price="730" />
	<TaxiPathEntry id="449" from="72" to="42" price="730" />
	<TaxiPathEntry id="450" from="42" to="72" price="1030" />
	<TaxiPathEntry id="451" from="73" to="41" price="730" />
	<TaxiPathEntry id="452" from="79" to="39" price="730" />
	<TaxiPathEntry id="453" from="79" to="40" price="730" />
	<TaxiPathEntry id="454" from="79" to="72" price="1030" />
	<TaxiPathEntry id="455" from="79" to="73" price="1030" />
	<TaxiPathEntry id="456" from="72" to="79" price="830" />
	<TaxiPathEntry id="457" from="73" to="79" price="830" />
	<TaxiPathEntry id="458" from="39" to="79" price="830" />
	<TaxiPathEntry id="459" from="40" to="79" price="830" />
	<TaxiPathEntry id="460" from="80" to="32" price="630" />
	<TaxiPathEntry id="461" from="80" to="25" price="110" />
	<TaxiPathEntry id="462" from="25" to="80" price="110" />
	<TaxiPathEntry id="464" from="32" to="80" price="110" />
	<TaxiPathEntry id="465" from="64" to="80" price="110" />
	<TaxiPathEntry id="466" from="80" to="64" price="730" />
	<TaxiPathEntry id="467" from="28" to="64" price="730" />
	<TaxiPathEntry id="468" from="64" to="28" price="330" />
	<TaxiPathEntry id="469" from="5" to="71" price="830" />
	<TaxiPathEntry id="470" from="71" to="5" price="210" />
	<TaxiPathEntry id="471" from="41" to="73" price="1030" />
	<TaxiPathEntry id="472" from="81" to="24" price="0" />
	<TaxiPathEntry id="473" from="76" to="68" price="1030" />
	<TaxiPathEntry id="474" from="68" to="76" price="730" />
	<TaxiPathEntry id="475" from="43" to="66" price="1020" />
	<TaxiPathEntry id="476" from="66" to="43" price="730" />
	<TaxiPathEntry id="477" from="37" to="33" price="330" />
	<TaxiPathEntry id="478" from="33" to="37" price="530" />
	<TaxiPathEntry id="479" from="49" to="65" price="730" />
	<TaxiPathEntry id="480" from="65" to="49" price="1020" />
	<TaxiPathEntry id="481" from="61" to="44" price="830" />
	<TaxiPathEntry id="482" from="44" to="61" price="530" />
	<TaxiPathEntry id="484" from="17" to="76" price="730" />
	<TaxiPathEntry id="485" from="76" to="17" price="530" />
	<TaxiPathEntry id="486" from="42" to="30" price="430" />
	<TaxiPathEntry id="487" from="30" to="42" price="730" />
	<TaxiPathEntry id="494" from="84" to="85" price="0" />
	<TaxiPathEntry id="495" from="84" to="86" price="0" />
	<TaxiPathEntry id="496" from="84" to="87" price="0" />
	<TaxiPathEntry id="499" from="53" to="44" price="830" />
	<TaxiPathEntry id="500" from="44" to="53" price="1020" />
</TaxiPathEntryList>