<?xml version="1.0" encoding="UTF-8" standalone="yes"?>
<WorldMapAreaEntryList>
	<WorldMapAreaEntry id="4" mapId="1" areaId="14" name="Durotar" y1="-1962.4999" y2="-7249.9995" x1="1808.3333" x2="-1716.6666" virtualMapId="9" />
	<WorldMapAreaEntry id="9" mapId="1" areaId="215" name="Mulgore" y1="2047.9166" y2="-3089.5833" x1="-272.91666" x2="-3697.9165" virtualMapId="11" />
	<WorldMapAreaEntry id="11" mapId="1" areaId="17" name="Barrens" y1="2622.9165" y2="-7510.4165" x1="1612.4999" x2="-5143.75" virtualMapId="13" />
	<WorldMapAreaEntry id="13" mapId="1" areaId="0" name="Kalimdor" y1="17066.6" y2="-19733.21" x1="12799.9" x2="-11733.3" virtualMapId="14" />
	<WorldMapAreaEntry id="14" mapId="0" areaId="0" name="Azeroth" y1="16000.0" y2="-19199.9" x1="7466.6" x2="-16000.0" virtualMapId="15" />
	<WorldMapAreaEntry id="15" mapId="0" areaId="36" name="Alterac" y1="783.3333" y2="-2016.6666" x1="1500.0" x2="-366.66666" virtualMapId="16" />
	<WorldMapAreaEntry id="16" mapId="0" areaId="45" name="Arathi" y1="-866.6666" y2="-4466.6665" x1="-133.33333" x2="-2533.3333" virtualMapId="17" />
	<WorldMapAreaEntry id="17" mapId="0" areaId="3" name="Badlands" y1="-2079.1665" y2="-4566.6665" x1="-5889.583" x2="-7547.9165" virtualMapId="19" />
	<WorldMapAreaEntry id="19" mapId="0" areaId="4" name="BlastedLands" y1="-1241.6666" y2="-4591.6665" x1="-10566.666" x2="-12800.0" virtualMapId="20" />
	<WorldMapAreaEntry id="20" mapId="0" areaId="85" name="Tirisfal" y1="3033.3333" y2="-1485.4166" x1="3837.4998" x2="824.99994" virtualMapId="21" />
	<WorldMapAreaEntry id="21" mapId="0" areaId="130" name="Silverpine" y1="3449.9998" y2="-750.0" x1="1666.6666" x2="-1133.3333" virtualMapId="22" />
	<WorldMapAreaEntry id="22" mapId="0" areaId="28" name="WesternPlaguelands" y1="416.66666" y2="-3883.3333" x1="3366.6665" x2="499.99997" virtualMapId="23" />
	<WorldMapAreaEntry id="23" mapId="0" areaId="139" name="EasternPlaguelands" y1="-2185.4165" y2="-6056.25" x1="3799.9998" x2="1218.75" virtualMapId="24" />
	<WorldMapAreaEntry id="24" mapId="0" areaId="267" name="Hilsbrad" y1="1066.6666" y2="-2133.3333" x1="400.0" x2="-1733.3333" virtualMapId="26" />
	<WorldMapAreaEntry id="26" mapId="0" areaId="47" name="Hinterlands" y1="-1575.0" y2="-5425.0" x1="1466.6666" x2="-1100.0" virtualMapId="27" />
	<WorldMapAreaEntry id="27" mapId="0" areaId="1" name="DunMorogh" y1="1802.0833" y2="-3122.9165" x1="-3877.0833" x2="-7160.4165" virtualMapId="28" />
	<WorldMapAreaEntry id="28" mapId="0" areaId="51" name="SearingGorge" y1="-322.91666" y2="-2554.1665" x1="-6100.0" x2="-7587.4995" virtualMapId="29" />
	<WorldMapAreaEntry id="29" mapId="0" areaId="46" name="BurningSteppes" y1="-266.66666" y2="-3195.8333" x1="-7031.2495" x2="-8983.333" virtualMapId="30" />
	<WorldMapAreaEntry id="30" mapId="0" areaId="12" name="Elwynn" y1="1535.4166" y2="-1935.4166" x1="-7939.583" x2="-10254.166" virtualMapId="32" />
	<WorldMapAreaEntry id="32" mapId="0" areaId="41" name="DeadwindPass" y1="-833.3333" y2="-3333.3333" x1="-9866.666" x2="-11533.333" virtualMapId="34" />
	<WorldMapAreaEntry id="34" mapId="0" areaId="10" name="Duskwood" y1="833.3333" y2="-1866.6666" x1="-9716.666" x2="-11516.666" virtualMapId="35" />
	<WorldMapAreaEntry id="35" mapId="0" areaId="38" name="LochModan" y1="-1993.7499" y2="-4752.083" x1="-4487.5" x2="-6327.083" virtualMapId="36" />
	<WorldMapAreaEntry id="36" mapId="0" areaId="44" name="Redridge" y1="-1570.8333" y2="-3741.6665" x1="-8575.0" x2="-10022.916" virtualMapId="37" />
	<WorldMapAreaEntry id="37" mapId="0" areaId="33" name="Stranglethorn" y1="2220.8333" y2="-4160.4165" x1="-11168.75" x2="-15422.916" virtualMapId="38" />
	<WorldMapAreaEntry id="38" mapId="0" areaId="8" name="SwampOfSorrows" y1="-2222.9165" y2="-4516.6665" x1="-9620.833" x2="-11150.0" virtualMapId="39" />
	<WorldMapAreaEntry id="39" mapId="0" areaId="40" name="Westfall" y1="3016.6665" y2="-483.3333" x1="-9400.0" x2="-11733.333" virtualMapId="40" />
	<WorldMapAreaEntry id="40" mapId="0" areaId="11" name="Wetlands" y1="-389.5833" y2="-4525.0" x1="-2147.9165" x2="-4904.1665" virtualMapId="41" />
	<WorldMapAreaEntry id="41" mapId="1" areaId="141" name="Teldrassil" y1="3814.5833" y2="-1277.0833" x1="11831.25" x2="8437.5" virtualMapId="42" />
	<WorldMapAreaEntry id="42" mapId="1" areaId="148" name="Darkshore" y1="2941.6665" y2="-3608.3333" x1="8333.333" x2="3966.6665" virtualMapId="43" />
	<WorldMapAreaEntry id="43" mapId="1" areaId="331" name="Ashenvale" y1="1699.9999" y2="-4066.6665" x1="4672.9165" x2="829.1666" virtualMapId="61" />
	<WorldMapAreaEntry id="61" mapId="1" areaId="400" name="ThousandNeedles" y1="-433.3333" y2="-4833.333" x1="-3966.6665" x2="-6899.9995" virtualMapId="81" />
	<WorldMapAreaEntry id="81" mapId="1" areaId="406" name="StonetalonMountains" y1="3245.8333" y2="-1637.4999" x1="2916.6665" x2="-339.5833" virtualMapId="101" />
	<WorldMapAreaEntry id="101" mapId="1" areaId="405" name="Desolace" y1="4233.333" y2="-262.5" x1="452.0833" x2="-2545.8333" virtualMapId="121" />
	<WorldMapAreaEntry id="121" mapId="1" areaId="357" name="Feralas" y1="5441.6665" y2="-1508.3333" x1="-2366.6665" x2="-6999.9995" virtualMapId="141" />
	<WorldMapAreaEntry id="141" mapId="1" areaId="15" name="Dustwallow" y1="-974.99994" y2="-6225.0" x1="-2033.3333" x2="-5533.333" virtualMapId="161" />
	<WorldMapAreaEntry id="161" mapId="1" areaId="440" name="Tanaris" y1="-218.74998" y2="-7118.7495" x1="-5875.0" x2="-10475.0" virtualMapId="181" />
	<WorldMapAreaEntry id="181" mapId="1" areaId="16" name="Aszhara" y1="-3277.0833" y2="-8347.916" x1="5341.6665" x2="1960.4166" virtualMapId="182" />
	<WorldMapAreaEntry id="182" mapId="1" areaId="361" name="Felwood" y1="1641.6666" y2="-4108.333" x1="7133.333" x2="3299.9998" virtualMapId="201" />
	<WorldMapAreaEntry id="201" mapId="1" areaId="490" name="UngoroCrater" y1="533.3333" y2="-3166.6665" x1="-5966.6665" x2="-8433.333" virtualMapId="241" />
	<WorldMapAreaEntry id="241" mapId="1" areaId="493" name="Moonglade" y1="-1381.25" y2="-3689.5833" x1="8491.666" x2="6952.083" virtualMapId="261" />
	<WorldMapAreaEntry id="261" mapId="1" areaId="1377" name="Silithus" y1="2537.5" y2="-945.834" x1="-5958.334" x2="-8281.25" virtualMapId="281" />
	<WorldMapAreaEntry id="281" mapId="1" areaId="618" name="Winterspring" y1="-316.66666" y2="-7416.6665" x1="8533.333" x2="3799.9998" virtualMapId="301" />
	<WorldMapAreaEntry id="301" mapId="0" areaId="1519" name="Stormwind" y1="1380.9714" y2="36.70063" x1="-8278.851" x2="-9175.205" virtualMapId="321" />
	<WorldMapAreaEntry id="321" mapId="1" areaId="1637" name="Ogrimmar" y1="-3680.601" y2="-5083.2056" x1="2273.8772" x2="1338.4606" virtualMapId="341" />
	<WorldMapAreaEntry id="341" mapId="0" areaId="1537" name="Ironforge" y1="-713.5914" y2="-1504.2164" x1="-4569.241" x2="-5096.8457" virtualMapId="362" />
	<WorldMapAreaEntry id="362" mapId="1" areaId="1638" name="ThunderBluff" y1="516.6666" y2="-527.0833" x1="-849.99994" x2="-1545.8333" virtualMapId="381" />
	<WorldMapAreaEntry id="381" mapId="1" areaId="1657" name="Darnassis" y1="2938.3628" y2="1880.0295" x1="10238.316" x2="9532.587" virtualMapId="382" />
	<WorldMapAreaEntry id="382" mapId="0" areaId="1497" name="Undercity" y1="873.1926" y2="-86.1824" x1="1877.9453" x2="1237.8412" virtualMapId="401" />
	<WorldMapAreaEntry id="401" mapId="30" areaId="2597" name="AlteracValley" y1="1781.2499" y2="-2456.25" x1="1085.4166" x2="-1739.5833" virtualMapId="443" />
	<WorldMapAreaEntry id="443" mapId="489" areaId="3277" name="WarsongGulch" y1="2041.6666" y2="895.8333" x1="1627.0833" x2="862.49994" virtualMapId="461" />
	<WorldMapAreaEntry id="461" mapId="529" areaId="3358" name="ArathiBasin" y1="1858.3333" y2="102.08333" x1="1508.3333" x2="337.5" virtualMapId="1920287744" />
</WorldMapAreaEntryList>