<?xml version="1.0" encoding="UTF-8" standalone="yes"?>
<WorldSafeLocsEntryList>
	<WorldSafeLocsEntry id="1" mapId="0" coord1="-9115.0" coord2="423.0" coord3="96.0" name="暴风城" />
	<WorldSafeLocsEntry id="2" mapId="0" coord1="-9271.0" coord2="-2305.0" coord3="71.0" name="赤脊山" />
	<WorldSafeLocsEntry id="3" mapId="0" coord1="-10774.263" coord2="-1189.6719" coord3="33.149426" name="暮色森林，夜色镇" />
	<WorldSafeLocsEntry id="4" mapId="0" coord1="-10546.9" coord2="1197.24" coord3="31.7263" name="西部荒野，哨兵岭" />
	<WorldSafeLocsEntry id="5" mapId="0" coord1="-5687.0" coord2="-515.0" coord3="398.0" name="丹莫罗" />
	<WorldSafeLocsEntry id="6" mapId="0" coord1="-5351.229" coord2="-2881.5823" coord3="340.94235" name="洛克莫丹，塞尔萨玛" />
	<WorldSafeLocsEntry id="7" mapId="0" coord1="-3289.1238" coord2="-2435.9912" coord3="18.59659" name="湿地，十字路口" />
	<WorldSafeLocsEntry id="8" mapId="0" coord1="-6289.911" coord2="-3493.108" coord3="251.48277" name="荒芜之地，东北墓地" />
	<WorldSafeLocsEntry id="10" mapId="1" coord1="-592.60144" coord2="-2523.4924" coord3="91.78803" name="贫瘠之地，十字路口" />
	<WorldSafeLocsEntry id="31" mapId="1" coord1="-1443.488" coord2="1973.3696" coord3="85.490715" name="凄凉之地，幽灵岗哨" />
	<WorldSafeLocsEntry id="32" mapId="1" coord1="233.458" coord2="-4793.73" coord3="10.1881" name="杜隆塔尔，剃刀岭" />
	<WorldSafeLocsEntry id="33" mapId="1" coord1="1357.1" coord2="-4412.01" coord3="28.3841" name="杜隆塔尔，奥格瑞玛" />
	<WorldSafeLocsEntry id="34" mapId="1" coord1="-2944.5564" coord2="-153.21503" coord3="65.786026" name="莫高雷，红云台地" />
	<WorldSafeLocsEntry id="35" mapId="1" coord1="6739.19" coord2="209.9926" coord3="23.284561" name="黑海岸，奥伯丁" />
	<WorldSafeLocsEntry id="36" mapId="0" coord1="-11110.377" coord2="-1833.2407" coord3="71.8642" name="逆风小径，摩根墓场" />
	<WorldSafeLocsEntry id="39" mapId="1" coord1="-4656.0" coord2="-1765.0" coord3="-41.0" name="千针石林，升降梯" />
	<WorldSafeLocsEntry id="49" mapId="37" coord1="-661.52844" coord2="-485.30902" coord3="385.8879" name="积雪平原 - 部落起始点" />
	<WorldSafeLocsEntry id="70" mapId="1" coord1="-6432.2563" coord2="-278.2921" coord3="3.794105" name="希利苏斯，勇士之墓" />
	<WorldSafeLocsEntry id="89" mapId="1" coord1="-2175.1897" coord2="-342.02692" coord3="-5.512325" name="莫高雷，血蹄村" />
	<WorldSafeLocsEntry id="90" mapId="1" coord1="10054.3" coord2="2117.12" coord3="1329.63" name="泰达希尔，达纳苏斯" />
	<WorldSafeLocsEntry id="91" mapId="1" coord1="9701.255" coord2="945.6204" coord3="1291.3551" name="泰达希尔，多兰纳尔" />
	<WorldSafeLocsEntry id="92" mapId="1" coord1="2633.4111" coord2="-629.73517" coord3="107.58125" name="灰谷，阿斯特兰纳" />
	<WorldSafeLocsEntry id="93" mapId="1" coord1="10384.81" coord2="811.5312" coord3="1317.5382" name="泰达希尔，奥达希尔" />
	<WorldSafeLocsEntry id="94" mapId="0" coord1="1882.94" coord2="1629.11" coord3="94.4175" name="提瑞斯法林地，丧钟镇" />
	<WorldSafeLocsEntry id="96" mapId="0" coord1="1822.61" coord2="214.674" coord3="60.1402" name="提瑞斯法林地，幽暗城" />
	<WorldSafeLocsEntry id="97" mapId="0" coord1="516.19434" coord2="1589.8066" coord3="127.54494" name="银松森林，瑟伯切尔" />
	<WorldSafeLocsEntry id="98" mapId="0" coord1="-18.677681" coord2="-981.17145" coord3="55.83767" name="希尔斯布莱德，塔伦米尔" />
	<WorldSafeLocsEntry id="99" mapId="0" coord1="-1472.2894" coord2="-2617.9587" coord3="49.27652" name="阿拉希高地" />
	<WorldSafeLocsEntry id="100" mapId="0" coord1="-6164.226" coord2="336.32114" coord3="399.79337" name="丹莫罗，安威玛尔" />
	<WorldSafeLocsEntry id="101" mapId="0" coord1="-5680.0444" coord2="-518.9205" coord3="396.27432" name="丹莫罗，卡拉诺斯" />
	<WorldSafeLocsEntry id="102" mapId="0" coord1="-5049.45" coord2="-809.697" coord3="495.127" name="丹莫罗，铁炉堡" />
	<WorldSafeLocsEntry id="103" mapId="0" coord1="-6805.0" coord2="-2287.19" coord3="280.752" name="荒芜之地，卡加斯" />
	<WorldSafeLocsEntry id="104" mapId="0" coord1="-9403.245" coord2="-2037.692" coord3="58.36874" name="赤脊山，湖畔镇" />
	<WorldSafeLocsEntry id="105" mapId="0" coord1="-8935.325" coord2="-188.64627" coord3="80.416466" name="艾尔文森林，北郡" />
	<WorldSafeLocsEntry id="106" mapId="0" coord1="-9339.456" coord2="171.40845" coord3="61.56181" name="艾尔文森林，闪金镇" />
	<WorldSafeLocsEntry id="107" mapId="0" coord1="-9151.98" coord2="410.944" coord3="92.6966" name="艾尔文森林，暴风城" />
	<WorldSafeLocsEntry id="108" mapId="0" coord1="-10567.813" coord2="-3377.2031" coord3="22.25322" name="悲伤沼泽，斯通纳德" />
	<WorldSafeLocsEntry id="109" mapId="0" coord1="-14284.962" coord2="288.44717" coord3="32.33204" name="荆棘谷，藏宝海湾" />
	<WorldSafeLocsEntry id="129" mapId="1" coord1="8706.0" coord2="965.0" coord3="13.27" name="泰达希尔，鲁瑟兰村" />
	<WorldSafeLocsEntry id="149" mapId="0" coord1="-732.7994" coord2="-592.50195" coord3="22.663046" name="希尔斯布莱德丘陵，南海镇" />
	<WorldSafeLocsEntry id="169" mapId="30" coord1="-157.4092" coord2="31.206272" coord3="77.0506" name="奥特兰克山谷，落雪墓地（中）" />
	<WorldSafeLocsEntry id="189" mapId="1" coord1="-3525.706" coord2="-4315.455" coord3="6.995607" name="尘泥沼泽，塞拉摩" />
	<WorldSafeLocsEntry id="209" mapId="1" coord1="-7190.949" coord2="-3944.6523" coord3="9.227391" name="塔纳利斯，加基森" />
	<WorldSafeLocsEntry id="229" mapId="1" coord1="-2517.75" coord2="-1972.64" coord3="91.7838" name="贫瘠之地，陶拉祖营地" />
	<WorldSafeLocsEntry id="249" mapId="1" coord1="-1081.4" coord2="-3478.68" coord3="63.6066" name="贫瘠之地，棘齿城" />
	<WorldSafeLocsEntry id="269" mapId="37" coord1="-448.1886" coord2="-1027.863" coord3="430.72433" name="积雪平原 - 联盟起始点" />
	<WorldSafeLocsEntry id="289" mapId="0" coord1="2348.67" coord2="492.027" coord3="33.3665" name="提瑞斯法林地，布瑞尔" />
	<WorldSafeLocsEntry id="309" mapId="1" coord1="-4596.4043" coord2="3229.4343" coord3="8.993764" name="菲拉斯，羽月要塞" />
	<WorldSafeLocsEntry id="310" mapId="1" coord1="-4439.967" coord2="370.15344" coord3="51.356552" name="菲拉斯，莫沙彻营地" />
	<WorldSafeLocsEntry id="329" mapId="1" coord1="-5530.2827" coord2="-3459.28" coord3="-45.74437" name="千针石林，闪光平原" />
	<WorldSafeLocsEntry id="349" mapId="0" coord1="323.51263" coord2="-2227.1958" coord3="137.61746" name="辛特兰，鹰巢山" />
	<WorldSafeLocsEntry id="369" mapId="1" coord1="2681.0579" coord2="-4009.754" coord3="107.84863" name="艾萨拉，塔伦迪斯营地" />
	<WorldSafeLocsEntry id="370" mapId="0" coord1="-10846.574" coord2="-2949.4878" coord3="13.227232" name="诅咒之地，巨槌要塞" />
	<WorldSafeLocsEntry id="389" mapId="0" coord1="-11542.56" coord2="-228.6365" coord3="27.842743" name="荆棘谷，北荆棘谷" />
	<WorldSafeLocsEntry id="409" mapId="1" coord1="898.261" coord2="434.53" coord3="65.7279" name="石爪山脉，蛛网小径" />
	<WorldSafeLocsEntry id="429" mapId="0" coord1="2604.52" coord2="-543.39" coord3="88.9996" name="提瑞斯法林地，法奥之墓" />
	<WorldSafeLocsEntry id="449" mapId="1" coord1="3806.5396" coord2="-1600.2914" coord3="218.83124" name="费伍德森林，摩罗萨兰" />
	<WorldSafeLocsEntry id="450" mapId="1" coord1="-7205.565" coord2="-2436.6743" coord3="-218.16096" name="安戈洛环形山，沼泽地" />
	<WorldSafeLocsEntry id="469" mapId="1" coord1="4291.2827" coord2="96.95573" coord3="43.075256" name="黑海岸，暮光谷" />
	<WorldSafeLocsEntry id="489" mapId="0" coord1="-3347.72" coord2="-856.713" coord3="1.05955" name="湿地，巴拉丁海湾" />
	<WorldSafeLocsEntry id="509" mapId="0" coord1="908.3233" coord2="-1520.2861" coord3="55.037178" name="西瘟疫之地，冰风岗" />
	<WorldSafeLocsEntry id="510" mapId="0" coord1="2116.7898" coord2="-5287.337" coord3="81.13204" name="东瘟疫之地，死亡之坑" />
	<WorldSafeLocsEntry id="511" mapId="1" coord1="6875.76" coord2="-4661.54" coord3="701.094" name="冬泉谷，永望镇" />
	<WorldSafeLocsEntry id="512" mapId="1" coord1="2421.7236" coord2="-2953.619" coord3="123.47346" name="灰谷，卡加希亚" />
	<WorldSafeLocsEntry id="529" mapId="451" coord1="16310.325" coord2="16268.939" coord3="69.44444" name="Programmer Isle" />
	<WorldSafeLocsEntry id="549" mapId="0" coord1="16223.823" coord2="16278.573" coord3="20.891275" name="Programmer Isle" />
	<WorldSafeLocsEntry id="569" mapId="0" coord1="1750.3435" coord2="-669.78986" coord3="44.569843" name="西瘟疫之地，亡灵壁垒" />
	<WorldSafeLocsEntry id="589" mapId="1" coord1="16310.325" coord2="16268.939" coord3="69.44444" name="GM岛" />
	<WorldSafeLocsEntry id="609" mapId="1" coord1="2942.76" coord2="-6037.13" coord3="5.16996" name="艾萨拉，南山海滩" />
	<WorldSafeLocsEntry id="610" mapId="30" coord1="-818.55664" coord2="-619.2549" coord3="54.0389" name="奥特兰克山谷，部落安全点" />
	<WorldSafeLocsEntry id="611" mapId="30" coord1="873.0018" coord2="-491.28363" coord3="96.54193" name="奥特兰克山谷，联盟安全点" />
	<WorldSafeLocsEntry id="629" mapId="0" coord1="908.3233" coord2="-1520.2861" coord3="55.037178" name="TEST for GM Client Only - Do Not Bug" />
	<WorldSafeLocsEntry id="630" mapId="1" coord1="4788.78" coord2="-6845.0" coord3="89.7901" name="艾萨拉，雷加什营地" />
	<WorldSafeLocsEntry id="631" mapId="1" coord1="-3127.69" coord2="-3046.94" coord3="33.8313" name="尘泥沼泽，蕨墙村" />
	<WorldSafeLocsEntry id="632" mapId="0" coord1="-7490.45" coord2="-2132.62" coord3="142.186" name="燃烧平原，烈焰峰" />
	<WorldSafeLocsEntry id="633" mapId="1" coord1="7426.0" coord2="-2809.0" coord3="464.0" name="月光林地" />
	<WorldSafeLocsEntry id="634" mapId="0" coord1="1392.0" coord2="-3701.0" coord3="77.0" name="东瘟疫之地，达隆郡" />
	<WorldSafeLocsEntry id="635" mapId="1" coord1="5935.47" coord2="-1217.75" coord3="383.202" name="费伍德，铁木森林" />
	<WorldSafeLocsEntry id="636" mapId="0" coord1="-6450.61" coord2="-1113.51" coord3="308.022" name="灼热峡谷，瑟银哨塔" />
	<WorldSafeLocsEntry id="649" mapId="1" coord1="-778.0" coord2="-4985.0" coord3="19.0" name="杜隆塔尔，森金村" />
	<WorldSafeLocsEntry id="669" mapId="451" coord1="16614.81" coord2="16662.979" coord3="21.342175" name="Programmer Isle, Bucklers Cemetery 2" />
	<WorldSafeLocsEntry id="670" mapId="451" coord1="16620.74" coord2="16622.701" coord3="21.338247" name="Programmer Isle, Bucklers Cemetery 1" />
	<WorldSafeLocsEntry id="671" mapId="451" coord1="16619.52" coord2="16577.455" coord3="43.901775" name="Programmer Isle, Bucklers Cemetery 3" />
	<WorldSafeLocsEntry id="689" mapId="30" coord1="676.0" coord2="-374.0" coord3="30.0" name="奥特兰克山谷，雷矛墓地" />
	<WorldSafeLocsEntry id="690" mapId="30" coord1="-1090.4768" coord2="-253.30867" coord3="57.67237" name="奥特兰克山谷，霜狼墓地" />
	<WorldSafeLocsEntry id="709" mapId="1" coord1="-634.6349" coord2="-4296.0337" coord3="40.52543" name="杜隆塔尔，试炼谷" />
	<WorldSafeLocsEntry id="729" mapId="30" coord1="73.417755" coord2="-496.4331" coord3="48.73192" name="奥特兰克山谷，PvP联盟墓地" />
	<WorldSafeLocsEntry id="749" mapId="30" coord1="-531.21783" coord2="-405.23138" coord3="49.551376" name="奥特兰克山谷，PvP部落墓地" />
	<WorldSafeLocsEntry id="750" mapId="30" coord1="-1496.0651" coord2="-333.3384" coord3="101.1348" name="奥特兰克山谷，霜狼急救站" />
	<WorldSafeLocsEntry id="751" mapId="30" coord1="643.0" coord2="44.0" coord3="69.7402" name="奥特兰克山谷，雷矛急救站" />
	<WorldSafeLocsEntry id="769" mapId="489" coord1="1519.5303" coord2="1481.8684" coord3="352.02374" name="Warsong Gulch - Alliance Enter Loc" />
	<WorldSafeLocsEntry id="770" mapId="489" coord1="933.3315" coord2="1433.724" coord3="345.53568" name="Warsong Gulch - Horde Enter Loc" />
	<WorldSafeLocsEntry id="771" mapId="489" coord1="1415.33" coord2="1554.79" coord3="343.156" name="Warsong Gulch - Alliance Rez Loc" />
	<WorldSafeLocsEntry id="772" mapId="489" coord1="1029.14" coord2="1387.49" coord3="340.836" name="Warsong Gulch - Horde Rez Loc" />
	<WorldSafeLocsEntry id="789" mapId="0" coord1="-291.0" coord2="-4374.0" coord3="107.0" name="辛特兰，望海崖" />
	<WorldSafeLocsEntry id="809" mapId="1" coord1="1035.27" coord2="-2104.28" coord3="122.945" name="Warsong Gulch - Horde Exit Loc" />
	<WorldSafeLocsEntry id="810" mapId="1" coord1="1459.17" coord2="-1858.67" coord3="124.762" name="Warsong Gulch - Alliance Exit Loc" />
	<WorldSafeLocsEntry id="829" mapId="0" coord1="101.144" coord2="-184.934" coord3="127.344" name="奥特兰克山谷，联盟出口" />
	<WorldSafeLocsEntry id="830" mapId="0" coord1="536.495" coord2="-1085.72" coord3="106.27" name="奥特兰克山谷，部落出口" />
	<WorldSafeLocsEntry id="849" mapId="1" coord1="-4590.4087" coord2="1632.0807" coord3="93.97383" name="菲拉斯，厄运之槌" />
	<WorldSafeLocsEntry id="850" mapId="1" coord1="1177.78" coord2="-4464.24" coord3="21.3539" name="杜隆塔尔，北杜隆塔尔" />
	<WorldSafeLocsEntry id="851" mapId="1" coord1="-981.917" coord2="-74.6465" coord3="20.1265" name="莫高雷，雷霆崖" />
	<WorldSafeLocsEntry id="852" mapId="0" coord1="-5165.52" coord2="-874.664" coord3="507.177" name="丹莫罗，铁炉堡大门" />
	<WorldSafeLocsEntry id="853" mapId="0" coord1="1780.11" coord2="221.761" coord3="59.6169" name="提瑞斯法林地，洛丹伦废墟" />
	<WorldSafeLocsEntry id="854" mapId="0" coord1="-9552.46" coord2="-1374.05" coord3="51.2332" name="艾尔文森林，东谷伐木场" />
	<WorldSafeLocsEntry id="869" mapId="0" coord1="1236.89" coord2="-2411.99" coord3="60.68" name="西瘟疫之地，凯尔达隆" />
	<WorldSafeLocsEntry id="889" mapId="529" coord1="684.014" coord2="681.22" coord3="-12.9159" name="阿拉希盆地 - 部落入口" />
	<WorldSafeLocsEntry id="890" mapId="529" coord1="1313.9" coord2="1310.74" coord3="-9.01043" name="阿拉希盆地 - 联盟入口" />
	<WorldSafeLocsEntry id="891" mapId="0" coord1="-831.881" coord2="-3518.52" coord3="72.4831" name="阿拉希 - 阿拉希前线部落出口" />
	<WorldSafeLocsEntry id="892" mapId="0" coord1="-1215.59" coord2="-2531.75" coord3="21.6734" name="阿拉希 - 阿拉希前线联盟出口" />
	<WorldSafeLocsEntry id="893" mapId="529" coord1="834.7264" coord2="784.9787" coord3="-57.081944" name="Arathi Basin - Graveyard, H-Mid (Farm)" />
	<WorldSafeLocsEntry id="894" mapId="529" coord1="1016.5883" coord2="955.1847" coord3="-42.828693" name="Arathi Basin - Graveyard, Mid (Blacksmith)" />
	<WorldSafeLocsEntry id="895" mapId="529" coord1="1201.8695" coord2="1163.1306" coord3="-56.28597" name="Arathi Basin - Graveyard, A-Mid (Stables)" />
	<WorldSafeLocsEntry id="896" mapId="529" coord1="1211.5237" coord2="781.55695" coord3="-82.70951" name="Arathi Basin - Graveyard, ALT-N (Gold Mine)" />
	<WorldSafeLocsEntry id="897" mapId="529" coord1="772.7557" coord2="1213.1138" coord3="15.797392" name="Arathi Basin - Graveyard, ALT-S (Lumber Mill)" />
	<WorldSafeLocsEntry id="898" mapId="529" coord1="1354.7" coord2="1270.27" coord3="-11.1291" name="Arathi Basin - Graveyard, A-Base (Trollbane Hall)" />
	<WorldSafeLocsEntry id="899" mapId="529" coord1="713.71" coord2="638.364" coord3="-10.5999" name="Arathi Basin - Graveyard, H-Base (Defiler&apos;s Den)" />
	<WorldSafeLocsEntry id="909" mapId="0" coord1="2647.55" coord2="-4014.39" coord3="105.938" name="东瘟疫之地，黑木湖" />
	<WorldSafeLocsEntry id="910" mapId="1" coord1="-6831.3174" coord2="891.4373" coord3="33.86627" name="希利苏斯，塞纳里奥要塞" />
	<WorldSafeLocsEntry id="911" mapId="0" coord1="-10606.8" coord2="294.048" coord3="31.8007" name="暮色森林，乌鸦岭" />
	<WorldSafeLocsEntry id="913" mapId="1" coord1="-7991.5737" coord2="1557.804" coord3="4.974186" name="希利苏斯，甲虫之墙" />
	<WorldSafeLocsEntry id="927" mapId="0" coord1="1978.4685" coord2="-3655.885" coord3="119.79466" name="东瘟疫之地，哨塔墓地" />
</WorldSafeLocsEntryList>